-- MySQL dump 10.13  Distrib 5.7.9, for Win64 (x86_64)
--
-- Host: localhost    Database: agrotepua
-- ------------------------------------------------------
-- Server version	5.7.11-log

/*!40101 SET @OLD_CHARACTER_SET_CLIENT=@@CHARACTER_SET_CLIENT */;
/*!40101 SET @OLD_CHARACTER_SET_RESULTS=@@CHARACTER_SET_RESULTS */;
/*!40101 SET @OLD_COLLATION_CONNECTION=@@COLLATION_CONNECTION */;
/*!40101 SET NAMES utf8 */;
/*!40103 SET @OLD_TIME_ZONE=@@TIME_ZONE */;
/*!40103 SET TIME_ZONE='+00:00' */;
/*!40014 SET @OLD_UNIQUE_CHECKS=@@UNIQUE_CHECKS, UNIQUE_CHECKS=0 */;
/*!40014 SET @OLD_FOREIGN_KEY_CHECKS=@@FOREIGN_KEY_CHECKS, FOREIGN_KEY_CHECKS=0 */;
/*!40101 SET @OLD_SQL_MODE=@@SQL_MODE, SQL_MODE='NO_AUTO_VALUE_ON_ZERO' */;
/*!40111 SET @OLD_SQL_NOTES=@@SQL_NOTES, SQL_NOTES=0 */;

--
-- Table structure for table `client`
--

DROP TABLE IF EXISTS `client`;
/*!40101 SET @saved_cs_client     = @@character_set_client */;
/*!40101 SET character_set_client = utf8 */;
CREATE TABLE `client` (
  `id` int(11) NOT NULL AUTO_INCREMENT,
  `contactPerson` varchar(45) NOT NULL,
  `phone` varchar(100) NOT NULL,
  `email` varchar(100) NOT NULL,
  `payment` varchar(100) NOT NULL,
  `transportVolume` varchar(100) NOT NULL,
  `season` varchar(45) NOT NULL,
  `cargo` varchar(45) NOT NULL,
  `otherInfo` varchar(150) NOT NULL,
  `warning` varchar(1000) NOT NULL,
  `creatingDate` datetime NOT NULL,
  `typetruck` varchar(45) NOT NULL,
  `blacklist` int(11) NOT NULL,
  `salesName` varchar(45) NOT NULL,
  `salesId` int(11) NOT NULL,
  `company` varchar(45) DEFAULT NULL,
  `code` varchar(11) NOT NULL,
  PRIMARY KEY (`id`),
  UNIQUE KEY `id_UNIQUE` (`id`)
) ENGINE=InnoDB AUTO_INCREMENT=82 DEFAULT CHARSET=utf8;
/*!40101 SET character_set_client = @saved_cs_client */;

--
-- Dumping data for table `client`
--

LOCK TABLES `client` WRITE;
/*!40000 ALTER TABLE `client` DISABLE KEYS */;
INSERT INTO `client` VALUES (19,'СЕРГІЙ ','050 492 6577','tnl@vodnyj-mir.ua','21 кал. день по оригіналам','4 в тиждень','влітку підвищення об\'єму','заморожена риба','Логіст про, та дзвонити щодо інформації по відвантаженням ( ВІДПОВІДАЛЬНЙ ЛОГІСТ - САША Б.)','5.2 За порушення термінів подання т/с під завантаження/розвантаження зазначених в заявкі,перевізник сплачує 40% від вартості перевезення вантажу,за кожну добу просрочення при внутрішньому перевезенні.\r\n\r\n\r\nОбновились ставки,\r\n\r\nОдесса - Киев 8500 грн.\r\n\r\n','2021-05-26 14:55:01','реф',0,'Діма',14,'АКВАФРОСТ','33798852'),(20,'Кирилл','067-320-35-11 - Кирилл;','v.garashchuk@ids-borjomi.com','14 кал. дней с момента подписания акта','14 машин в день','немає','Вода','( ВІДПОВІДАЛЬНЙ ЛОГІСТ - САША Б.)','6.13.        За один завалений чи похилений піддон з \r\nвантажем під час перевезення вантажу Перевізник \r\nсплачує штраф в розмірі 100 (сто) гривень.  \r\n6.14.        Замовник має право, у разі будь-якого порушення \r\nПеревізником умов розділу 7 цього Договору всі існуючі договори \r\nміж сторонами автоматично вважати розірваними без попереднього\r\n письмового повідомлення, а також/або має право вимагати від\r\n Перевізника відшкодування збитків та сплати штрафу в розмірі\r\n не менше 100 000(сто тисяч) гривень за кожен випадок такого \r\nпорушення. ','2021-05-26 15:10:56','тент або реф',0,'Діма',14,'ІНДУСТРІАЛЬНІ ДИСТРИБУЦІЙНІ СИСТЕМИ','30301779'),(21,'Сергей','050 406 7010','sergiy.kucherenko@alfasmartagro.com','7 банк. дней по оригиналам','2-3 в день','в декабре загрузки падают','засоби захисту рослин','Чітко напрацьована система. Отримуємо всю інфу на пошту; ( ВІДПОВІДАЛЬНЙ ЛОГІСТ - ЛЬОША.)','немає','2021-05-26 15:26:04','тент або реф',0,'Діма',14,'АЛЬФА СМАРТ АГРО','37250244'),(22,'Александр','067 208 5884','koi@olkom.ua','45 кал.діб по оригіналам','1-5 машин в день','немає','Маргарин','Влітку можна тент. Взимку обов\'язково реф (ізотерм). Розсилка у вайбері щодо завантажень; ( ВІДПОВІДАЛЬНЙ ЛОГІСТ - ЛЬОША)','Багато точок вивантаження','2021-05-26 15:28:43','тент або реф',0,'Діма',14,'КИЇВСЬКИЙ МАРГАРИНОВИЙ ЗАВОД','40441851'),(23,'Руслан','050 328 4619','yanakaev@td.konti.com','30 дней с подписания','1-3 в день','немає','кондитерка','Своя тендерна система( ВІДПОВІДАЛЬНЙ ЛОГІСТ - САША Б.)','-','2021-05-26 15:35:30','реф',0,'Діма',14,'Група компаній КОНТІ','39464252'),(24,'Александр','097 180 0396','dubovologistic@gmail.com','14 днів по оригіналам','1-3 в день','взимку об\'єм менше','фрукти овочі','Дзвонити щодо завантажень, разнарядка після 16:00; ( ВІДПОВІДАЛЬНЙ ЛОГІСТ - САША Б.)','немає','2021-05-26 15:38:20','тент або реф',0,'Діма',14,'ДУБОВО','39609588'),(25,'Вадим','095 110 8310','vadym.havrylenko@hlibinvest.com.ua','21 кал. день по оригіналам','1-5 машин в день','немає','заморожені хлібні вироби','( ВІДПОВІДАЛЬНЙ ЛОГІСТ - САША Б.)','немає','2021-05-26 15:40:43','тент',0,'Діма',14,'ЧАНТА МАУНТ','42265961'),(26,'Дмитро','067 521 5411','ivanovskij@ukr.net','14 днів по оригіналам','1 в день','осінь, зима - об\'єми менше','борошно','Дзвонити щодо завантажень; ( ВІДПОВІДАЛЬНЙ ЛОГІСТ - САША Б.)','немає','2021-05-26 15:42:45','тент або реф',0,'Діма',14,'ЗЕРНАРІ','41521749'),(27,'Ігор','050 579 2128','igor.ponochovnyi1986@gmail.com','14 днів по оригіналам','2 в день','влітку підвищення об\'єму','Цукор','Потрібно дзвонити логісту, щодо завантажень ( ВІДПОВІДАЛЬНЙ ЛОГІСТ - САША Б.)','немає','2021-05-26 15:44:36','тент або реф',0,'Діма',14,'САРКАРА ТА ГЕКТА','37935852'),(28,'Елена','050 442 2256','EMakhno@chumak.com','45 кал.діб по оригіналам','4 в день','немає','Майонез та Кепчух','logistoffice.com; ( ВІДПОВІДАЛЬНЙ ЛОГІСТ - САША Б.)','немає ','2021-05-26 16:01:19','тент або реф',0,'Діма',14,'ЧУМАК','24106105'),(29,'Александр','050 410 5739','Oleksandr.Shishmintsev@deltawilmar.com','45 кал.діб по оригіналам','1-5 машин в день','немає','масложирова продукція','По відвантаженням дзвонити до 10 ранку та отримувати інформацію ( ВІДПОВІДАЛЬНЙ ЛОГІСТ - САША Б.)','\"6,2 За відмову від подання автомобіля за \r\nпідтвердженою Заявкою Перевізник сплачує\r\nштраф у розмірі 1000грн. за кожен неподаний\r\nавтомобіль\"\"\r\n\r\n6,3 За відмову від надання вантажу за \r\nприйнятою до виконання Заявкою без\r\nповідомлення Перевізника про скасування\r\nЗаявки не менш ніж за 12 годин (для внутрішнього\r\nперевезення) та 48 годин (для міжнародного перевезення)\r\nдо моменту навантаження , замовник сплачує Перевізнику\r\nштраф у розмірі 1000грн. за кожен випадок відмови. \"\r\n\r\n\r\n\"6,5 У разі несвоєчасного подання  \r\nавтотранспорту в пункт завантаження/\r\nрозвантаження за кожну добу запізнення \r\nперевізник сплачує штраф у розмірі \r\n2000грн. при міжнародних перевезеннях \r\n750грн. при внутрішніх перевезеннях \r\n\"','2021-05-26 16:06:40','реф',0,'Діма',14,'ДЕЛЬТА ВІЛМАР','33268860'),(30,'Вероніка','067 434 1095','veronika.vyshkovskaya@metinvestholding.c','45 кал.діб по оригіналам','15-25 в день','немає','метал','https://logsmc.metinvestholding.com/logistic/ru_RU/','немає','2021-05-26 16:16:58','тент',0,'Діма',14,'МЕТІНВЕСТ','34093721'),(31,'Валентин','067 401 9618','logistics@silta.ua','14 днів по оригіналам','1-2 в тиждень','взимку мало возять','Фарба','Через совтес','немає','2021-05-26 16:31:29','тент або реф',0,'Діма',14,'ПЕЙНТ ТРЕЙД ТА ЕЛЕМЕНТ УКРАЇНА','38600516'),(32,'Олена','095 820 0351','logist3@fesukr.com.ua','21 кал. день по оригіналам','1-3 в день','немає','Маккава','Через логіст про ','немає','2021-05-26 17:11:16','тент або реф',0,'Діма',14,'ФЕС УКР','36774242'),(33,'Ніна','050 421 0426','krestnikova@molis.ua','21 кал. день по оригіналам','1-2 в місяць','немає','маргаринка','поки що об\'ємів взагалі немає, закривають власним транспортом ( ВІДПОВІДАЛЬНЙ ЛОГІСТ - САША Б.)','немає','2021-05-26 17:15:49','реф',0,'Діма',14,'МОЛІС','32835306'),(34,'Сергій; Таня','095 912 7662/+380963161154','pashin.sergey@gbt.com.ua','14 днів по оригіналам','4 в тиждень','немає','алкоголь','Відвантаження ПН,СР,ПТ.','  Є можливість кругорейсів по маршруту \"Гостомель - Білгород-Дністровський(Тара(11.000грн)) - Великодолинське (Переміщення(2500грн)) - Київ (Продукція(9000грн)) = 22.500грн на 1100км..\r\n\r\n\r\nПрацюємо БЕЗ ЗАЯВОК. Потрібно уточнювати яке буде юр.обличчя (ЛОЦМЕН/ВИНОКУРНЯ АККЕРМАНА/АБ ПЛЮС)','2021-05-26 17:18:47','тент або реф',0,'Діма',14,'АККЕРАМАН ;ЛОЦМЕН ','38436690'),(35,'Татьяна','067 502 5346','t.shostak@kmw.com.ua','30 дней с подписания','1-3 в день','Немає','вода мінеральна','ПОки що призупинено, потрібно вирішити проблеми з документами','\"За наднормативний простій транспортного \r\nзасобу, який стався з вини Відправника, \r\nостанній сплачує на користь Перевізника\r\n неустойку в розмірі 500 ,00 гривень за кожну\r\n добу простою.\"\r\n\"У випадку втрати, нестачі, псування або пошкодження\r\n вантажу, прийнятого Перевізником до перевезення,\r\n Відправник має право в односторонньому порядку \r\n утримати із суми своєї заборгованості перед \r\nПеревізником, що виникла за цим Договором (при \r\nнаявності такої заборгованості у сумі, розмір якої \r\nпокриває розмір збитків) суму матеріальних збитків або\r\n вимагати сплати суми матеріальних збитків, завданих \r\nПеревізником. Сума матеріальних збитків визначається\r\n виходячи з вартості Товару на підставі бухгалтерських\r\n даних Відправника.\"','2021-05-26 17:43:58','тент або реф',0,'Діма',14,'КАРПАТСЬКІ МІНЕРАЛЬНІ ВОДИ','31778022'),(36,'Александр','095 288 1120','tinservis@gmail.com','14 днів по оригіналам','1-2 в тиждень','літом більш за все перевезень','банка залізна, кришка залізна','Потрібно дзвонити логісту, щодо завантажень','немає','2021-05-26 17:46:29','тент або реф',0,'Діма',14,'ТІН СЕРВІС','39029671'),(37,'Анастасія','096 169 2270','transport@olis.ua','15 банківських по оригіналам','1 - 2  в тиждень','немає','масложирові вироби','щодо відвантажень потрібно дзвонити','немає','2021-05-27 09:50:42','тент або реф',0,'Діма',14,'ОЛІС','33506710'),(38,'Ростислав','050 347 3341','Rostislav.Zaharov@avk.ua','21 кал. день по оригіналам','1-5 в день','немає','кондитерка','розсилка проходить у  Скайпі ','немає','2021-05-27 09:53:53','реф',0,'Діма',14,'АВК','39461796'),(39,'Юля','0676910322','y.kozinets@chimtorg.com.ua','21 кал. день по оригіналам','до 5 в тиждень','немає','хімічна продукція','( ВІДПОВІДАЛЬНЙ ЛОГІСТ - САША Б.)','немає\r\n','2021-05-27 10:05:09','тент або реф',0,'Діма',14,'ХІМ ТОРГ','40631061'),(40,' Андрій','0676746515','truck0664055322@gmail.com','21 кал. день по оригіналам','1-5 машин в тиждень','немає','курка','( ВІДПОВІДАЛЬНЙ ЛОГІСТ - САША Б.)','немає','2021-05-27 10:08:09','реф',0,'Діма',14,'ЛУЦЬКА АГРАРНА КОМПАНІЯ','39910709'),(41,'Татьяна','0678255000','logistics@vortex-plus.com','21 кал. день по оригіналам','1-5 машин в тиждень','немає','продукти харчування','( ВІДПОВІДАЛЬНЙ ЛОГІСТ - САША Б.)','немає\r\n','2021-05-27 10:21:18','реф',0,'Діма',14,'ВОРТЕКС ПЛЮС ТРЕЙД','42110950'),(42,'Елена','067 562 7227','mail054@ukr.net','21 кал. день по оригіналам','1-2 в тиждень','влітку підвищення об\'єму','овочі фрукти','потрібно дзвонити для отримання інформації по відвантаженням ( ВІДПОВІДАЛЬНЙ ЛОГІСТ - САША Б.)','немає','2021-05-27 10:27:16','реф',0,'Діма',14,'ЕКО ОВОЧІ','38743394'),(43,'Сергей','0675464348','logistic01@ufc-fish.com','21 кал. день по оригіналам','4 в тиждень','немає','Риба','Через совтес; ( ВІДПОВІДАЛЬНЙ ЛОГІСТ - Олексій), іноді дають поза тендером ','немає','2021-05-27 10:38:11','реф',0,'Діма',14,'ЮНІВЕРСАЛ ФІШ КОМПАНІ','39415619'),(44,'Ярослав - руководитель отдела логистики','0675248451','fisunov.e@bon-boisson.com.ua','21 кал. день по оригіналам','1-3 в день','немає','Вода','Розсилка у скайпі','немає\r\n','2021-05-27 11:15:39','тент або реф',0,'Діма',14,'ГУД ФУД','40897545'),(45,'Даша','0932459611','t_p_s@ukr.net','21 кал. день по оригіналам','1-3 в день','немає','Алкоголь','Дзвонити логісту ; ( ВІДПОВІДАЛЬНЙ ЛОГІСТ - САША Б.)','немає\r\n','2021-05-27 11:52:55','тент або реф',0,'Діма',14,'ТЕХ ПРОМ СЕРВИС','41752215'),(46,'Наталья','0672342457','natali-climb@ukr.net','21 кал. день по оригіналам','4 в тиждень','немає','Молочкча','Дзвонити логісту; ( ВІДПОВІДАЛЬНЙ ЛОГІСТ - САША Б.)','немає','2021-05-27 11:55:04','реф',0,'Діма',14,'КЛАЙМ ПРОГ','41041085'),(47,' Саша','0630301351','avto3@transreal.com.ua','21 кал. день по оригіналам','4 в тиждень','немає','Вог продукція','дзвонити; ( ВІДПОВІДАЛЬНЙ ЛОГІСТ - САША Б.)','немає','2021-05-27 11:57:50','реф',0,'Діма',14,'ТРАНС РЕАЛ ГРУП','38217466'),(48,'Марина','0675221630 ','stepanova.a@malbi.dp.ua','21 кал. день по оригіналам','4 в тиждень','немає','Шоколад/Вода','Потрібно дзвонити логісту, щодо завантажень; ( ВІДПОВІДАЛЬНЙ ЛОГІСТ - САША Б.)','немає','2021-05-27 12:00:30','тент або реф',0,'Діма',14,'МАЛБИ ФУДС ','32998661'),(49,'Анна','0675564511','none@none','21 кал. день по оригіналам','4 в тиждень','немає','Пошта','дзвонити логісту; ( ВІДПОВІДАЛЬНЙ ЛОГІСТ - САША Б.)','ЦІЛЬномет\r\n','2021-05-27 12:05:27','тент або реф',0,'Діма',14,'ТК САТ','35646516'),(50,'Сергій','0674126371','Sergiy.Gordeev@cersanit.com','14 днів по оригіналам','4 в тиждень','немає','Сантехніка','http://tms.caolin.pl/OptiengineWeb/GeneralForm.aspx; ( ВІДПОВІДАЛЬНЙ ЛОГІСТ - САША Б.)','Немає\r\n','2021-05-27 12:08:22','тент або реф',0,'Діма',14,'ЦЕРСАНИТ ТРЕЙД ','36831771'),(51,'Саша','380976154586 ','AIvanyus@optimapharm.ua','21 кал. день по оригіналам','1-5 машин в день','немає','Лікарські засоби','відгрузки по місячному тендеру; ( ВІДПОВІДАЛЬНЙ ЛОГІСТ - САША Б.)','\" \r\nзапізнення на 1 годину  3000грн\r\nзапізнення до  2 годин 6000 грн\r\nзапізнення більше чи 3 години  8000 грн \"\r\n','2021-05-27 12:10:42','реф',0,'Діма',14,'ОПТІМА ФАРМ','21642228'),(52,'Анатолій','0504634400','tolik@rud.ua','21 кал. день по оригіналам','4 в тиждень','влітку підвищення об\'єму','морозиво','немає; ( ВІДПОВІДАЛЬНЙ ЛОГІСТ - ЛЬОША)','5.9. У випадку порушення ВИКОНАВЦЕМ строків доставки товару, зазначених у Заявці більш як на 1 (Один) день, ЗАМОВНИК має право стягнути з ВИКОНАВЦЯ штраф у розмірі 20 % (Двадцять відсотків) від вартості прийнятого та недопоставленого товару по товарнотранспортних накладних.','2021-05-27 12:17:55','реф',0,'Діма',14,'Житомирський Маслозавод','00182863'),(53,'380504471780','380504471780','none@none','21 кал. день по оригіналам','4 в тиждень','немає','Рошен','дзвонити; ( ВІДПОВІДАЛЬНЙ ЛОГІСТ - ЛЬОША)','нема','2021-05-27 15:20:18','реф',0,'Діма',14,'ОВЕРТОН ЛОГІСТІК','43642720'),(54,'Катя','0994589604','udpack.katerina@gmail.com','21 кал. день по оригіналам','4 в тиждень','немає','пакувальні матеріалт','дзвонити; ( ВІДПОВІДАЛЬНЙ ЛОГІСТ - ЛЬОША)','немає\r\n','2021-05-27 15:23:01','тент або реф',0,'Діма',14,'ЮД ПАК ХАРКІВ','35857542'),(55,'Дмитро','0951797515','rudniev.dima@gmail.com','21 кал. день по оригіналам','4 в тиждень','немає','фрукти овочі','Дзвонити; ( ВІДПОВІДАЛЬНЙ ЛОГІСТ - ЛЬОША)','немає\r\n','2021-05-27 15:28:09','реф',0,'Діма',14,'ФРУКТУС НОБІЛІС','39757146'),(56,'Оксана','0951797515 ','lt_trade@ukr.net','14 кал. день по оригіналам','4 в тиждень','немає','молочка','немає; ( ВІДПОВІДАЛЬНЙ ЛОГІСТ - ЛЬОША)','Дочірня компанія \"ЛЕВ - Логістик\" \r\nЛІМІТ 900.000грн. Разом від \"Агротеп\" та \"ВПтранс\" для \"ЛТ-трейд\" та \"Лев логістик\"\r\n\r\nКонтрагент надає логери для фіксації температурного режиму.\r\nПІСЛЯ РОЗВАНТАЖЕННЯ ОДРАЗУ НАДІСЛАТИ ЛОГЕР НОВОЮ ПОШТОЮ (інструкція знаходиться на коробці логера).\r\n\r\nЗакривати перевезення в ДР датою, що вказана в заявці.\r\nВ окремих випадках узгоджувати з клієнтом\r\n\r\n\r\n','2021-05-27 15:36:12','реф',0,'Діма',14,'ЛТ-ТРЕЙД','43353449'),(57,'Тарас','0970676707','logist@interovochi.com.ua','21 кал. день по оригіналам','4 в тиждень','влітку підвищення об\'єму','овочі фрукти','Потрібно дзвонити логісту, щодо завантажень','немає\r\n\r\n\r\n','2021-05-27 15:54:10','реф',0,'Діма',14,'ІНТЕР ОВОЧІ','41803091'),(58,'0674039729 ','Александр','transportloostdorf@ukr.net','21 кал. день по оригіналам','4 в тиждень','немає','Молочка','потрібно дзвонити; ( ВІДПОВІДАЛЬНЙ ЛОГІСТ - ЛЬОША)','немає','2021-05-27 15:58:23','реф',0,'Діма',14,'ЛЮСДОРФ','23063575'),(59,'Руслан','0937979321','tkachenko.r@agromat.ua','21 кал. день по оригіналам','2 в тиждень','немає','Плитка','вт - на полтаву, ср - на чернівці.; ( ВІДПОВІДАЛЬНЙ ЛОГІСТ - ЛЬОША)','немає','2021-05-27 16:22:27','тент або реф',0,'Діма',14,'Агромат','21509937'),(60,'Наталья','0503846357','n.sharay@kernel.ua','45 кал.діб по оригіналам','4 в тиждень','влітку підвищення об\'єму','Агрокультура','https://tender.kernel.ua/supplier/','запізнення = 20% від вартості вантажу','2021-05-27 16:25:11','тент або реф',0,'Діма',14,'КЕРНЕЛ ТРЕЙД ','31454383'),(61,'Лена','0673708949','pereviz17@gmail.com','21 кал. день по оригіналам','4 в тиждень','немає','Вода та снеки','немає','немає','2021-05-27 16:44:15','тент або реф',0,'Діма',14,'ХОВАНСЬКИЙ','39124221'),(62,'Віталій','0504367005 ','buh@bartnik.ua','21 кал. день по оригіналам','4 в тиждень','літом більш за все перевезень','мед','Збираюють мед зі всіх міст України на Ізяслів; ( ВІДПОВІДАЛЬНЙ ЛОГІСТ - ЛЬОША)','немає','2021-05-27 16:57:27','тент або реф',0,'Діма',14,'ЮКРЕЙНІАН БІ','39204163'),(63,'Лена','0675793255','grigorova_es@goldenmile.com.ua','21','4 в тиждень','немає','дріжжі, желе','Дзвонити логісту','немає','2021-05-27 17:11:46','реф',0,'Діма',14,'ЗОЛОТАЯ МИЛЯ','34470937'),(64,'Віка','0673413878','viktoria.dlg3@gmail.com','21 кал. день по оригіналам','4 в тиждень','немає','експедиція','дзвонити; ( ВІДПОВІДАЛЬНЙ ЛОГІСТ - ЛЬОША)','немає','2021-05-27 17:14:29','тент або реф',0,'Діма',14,'ДЛЖ ЛОГІСТИК','41767530'),(65,'Катя','0674822897 ','aquaplast18@gmail.com','21 кал. день по оригіналам','4 в тиждень','немає','Вода','дзвонити логісту','немає','2021-05-27 17:17:15','тент або реф',0,'Діма',14,'АКВАПЛАСТ','30927520'),(66,'Анна','0504025042 ','zolotar@sonora.com.ua','21 кал. день по оригіналам','4 в тиждень','немає','Плитка','немає','немає','2021-05-27 17:20:39','тент або реф',0,'Діма',14,'СП АВЕК - СОНОРА','32030221'),(67,'Лена','0504239303','porokhnyuk@cardboard.com.ua','21 кал. день по оригіналам','4 в тиждень','немає','картон','дзвонити','немає','2021-05-27 17:40:03','тент або реф',0,'Діма',14,'ТОРГОВИЙ ДІМ ЖКК','38934713'),(68,'Оксана','380501582734 ','kvales.ua@mail.ru','21 кал. день по оригіналам','4 в тиждень','немає','Буд.матеріали','Потрібно дзвонити логісту, щодо завантажень','немає','2021-05-27 17:42:35','тент',0,'Діма',14,'КВАЛЕС УКРАЇНА','39145784'),(69,'Віталій','0637214438 ','vital_roma@ukr.net','14 днів по оригіналам','1-3 в день','немає','Дошка,вино','дзвонити; ( ВІДПОВІДАЛЬНЙ ЛОГІСТ - ЛЬОША)','немає','2021-05-27 17:44:20','тент або реф',0,'Діма',14,'ЕТК Адванс','43102977'),(70,'Оксана',' 0503998018','obakerkina@gatelink.in','7 банк. дней по оригиналам','1-3 в день','немає','побутова техніка','Дзвонити щодо завантажень; ( ВІДПОВІДАЛЬНЙ ЛОГІСТ - ЛЬОША)','немає','2021-05-27 17:46:56','тент або реф',0,'Діма',14,'ГОЕЛ','37607311'),(71,'Светалана','067 400 9700','logistikk@interkabel.ua','14 днів по подписанию','1-3 в день','немає','Кабель на катушках','немає','немає\r\n','2021-06-10 10:47:48','тент',0,'Діма',14,'ІНТЕРКАБЕЛЬ КИЇВ','32739864'),(72,'Артём - руководитель департамента','093 333 0455','a.soshnew@global.spirits.com','65 банк.днів, по оригіналам документів','В день близкьо 5-7 авто','немає','ЛВН','немає','строк оплати - звертати увагу.\r\n\r\nІнформація по містам розвантаження тільки по заявці.\r\n\r\n\r\nТендерна система \"СОВТЕС\"','2021-06-24 09:21:25','тент або реф',0,'Діма',14,'ГЛОБАЛ СПІРІТС','42735405'),(73,'Ігор','380 (67) 640-63-50','ijegortchenko@auchan.ua','14 днів по оригіналам','1-2 в тиждень','Немає','продукти харчування','неммає','немає','2021-06-24 10:00:36','тент або реф',0,'Діма',14,'АШАН','35442481'),(74,'Олег','&#8296;+380968091576&#8297;','z@z','45 кал.діб по оригіналам','1-3 в день','немає','Пиво, вода','немає','Простої не оплачують\r\n','2021-06-24 10:13:56','тент або реф',0,'Діма',14,'ОБОЛОНЬ','05391057'),(75,'Елена','050 447 3782','Olena.Ulasenko@arterium.ua','21 кал. день по оригіналам','1 в день','немає','лікарсбкі засоби','Відвантаження на тендерній системі https://tender.arterium.ua/v2/#/home-page','КОЖНА МАШИНА, ЯКА ПОВИННА СТАТИ НА ЗАВАНТАЖЕННЯ ПОВИННА БУТИ ОБЛАДНЕНА ТЕРМОПИСЦЯМИ','2021-06-25 12:59:16','реф',0,'Діма',14,'АРТЕРІУМ','33406813'),(76,'НЕЛЯ','099 202 6190','noleynik@eva.ua','30 дней с ПО оригиналам','1-3 в день','немає','товари народного вжитку','немає','немає,\r\nНаші правки були погоджені','2021-06-25 13:04:32','тент або реф',0,'Діма',14,'РУШ','32007740'),(77,'Надежда','+380503727186','dd@agrotep.kiev.ua','14 днів по оригіналам','1 в день','взимку менше','фрукти овочі','ТІЛЬКИ ВІД АГРОТЕП','Немає','2021-07-06 17:17:44','реф',0,'Діма',14,'ТРОПІК','20831737'),(78,'Наталья','099 923 8875','z@z','21 кал. день по оригіналам','1 в день','влітку підвищення об\'єму','фрукти овочі','немає','немає','2021-07-14 17:14:30','реф',0,'Діма',14,'Вектор Каховка','39034812'),(79,'Сергей','+380501411997','oda50@ukr.net','21 кал. день по оригіналам','1 в тиждень','влітку більше , зимой менше','вода мінеральна','не розраховувати на те, що відвантаження можуть бути постійними. бажано повідомляти , що буде машина, коли вони тільки планується в Закарпаття','Не розраховувати на 100% , що буде завантаження.','2021-08-19 17:43:02','тент або реф',0,'Діма',14,'Сонячне Закарпаття Плюс ','37917000'),(80,'Віктор','+380676706738','m.koteliak@galicia.com.ua','21 кал. день по оригіналам','1-3 в тиждень','Збільшення об\'ємів до свят ','Сік на палетах','Бажають працювати з одним водієм, який може займатися сбіркою  палет (дод. оплата). Але розуміють, що це не є можливим','Орієнтуватися по заявці.\r\n\r\nГородок - Київ (1 точка вив.) - 9500грн.','2021-08-19 17:58:54','тент або реф',0,'Діма',14,'Галіція','38169055'),(81,'Александр','0504693748','bilacan@magnus.kiev.ua','20 банківських діб','3 в тиждень','немає','Консерви ','Є можливість кругорейсів , Працюють без заявок','Без застережень','2021-08-19 18:15:00','тент або реф',0,'Діма',14,'БІЛОЦЕРКІВСЬКИЙ КОНСЕРВНИЙ ЗАВОД','05528450');
/*!40000 ALTER TABLE `client` ENABLE KEYS */;
UNLOCK TABLES;

--
-- Table structure for table `direction`
--

DROP TABLE IF EXISTS `direction`;
/*!40101 SET @saved_cs_client     = @@character_set_client */;
/*!40101 SET character_set_client = utf8 */;
CREATE TABLE `direction` (
  `id` int(11) NOT NULL AUTO_INCREMENT,
  `oblastFrom` varchar(45) NOT NULL,
  `oblastTo` varchar(45) NOT NULL,
  `clientId` int(11) NOT NULL,
  `info` varchar(200) DEFAULT NULL,
  PRIMARY KEY (`id`),
  UNIQUE KEY `id_UNIQUE` (`id`)
) ENGINE=InnoDB AUTO_INCREMENT=218 DEFAULT CHARSET=utf8;
/*!40101 SET character_set_client = @saved_cs_client */;

--
-- Dumping data for table `direction`
--

LOCK TABLES `direction` WRITE;
/*!40000 ALTER TABLE `direction` DISABLE KEYS */;
INSERT INTO `direction` VALUES (37,'Дніпропетровська область','Одеська область',19,'СКЛО, можливий тент'),(38,'Одеська область','Київська область',19,'Риба '),(40,'Київська область','Івано-Франківська область',22,''),(41,'Київська область','Донецька область',22,''),(42,'Київська область','Кіровоградська область',21,''),(43,'Київська область','Хмельницька область',21,''),(44,'Київська область','Харківська область',21,''),(45,'Дніпропетровська область','Київська область',23,''),(46,'Полтавська область','Київська область',23,''),(47,'Хмельницька область','Київська область',24,''),(48,'Київська область','Київська область',24,''),(49,'Київська область','Донецька область',25,''),(50,'Київська область','Львівська область',25,''),(51,'Київська область','Одеська область',25,''),(52,'Кіровоградська область','Київська область',26,''),(54,'Житомирська область','Київська область',27,''),(55,'Черкаська область','Київська область',27,''),(57,'Одеська область','Київська область',29,''),(58,'Київська область','Харківська область',29,''),(59,'Київська область','Львівська область',29,''),(60,'Запорізька область','Київська область',30,''),(61,'Дніпропетровська область','Київська область',30,''),(62,'Київська область','Львівська область',30,''),(63,'Херсонська область','Київська область',28,''),(64,'Дніпропетровська область','Київська область',31,''),(65,'Львівська область','Київська область',20,''),(66,'Черкаська область','Київська область',32,''),(67,'Черкаська область','Одеська область',32,''),(68,'Черкаська область','Львівська область',32,''),(69,'Дніпропетровська область','Київська область',33,''),(70,'Одеська область','Київська область',34,''),(71,'Львівська область','Київська область',35,''),(72,'Львівська область','Рівненська область',35,''),(73,'Херсонська область','Київська область',36,''),(74,'Херсонська область','Харківська область',36,''),(75,'Запорізька область','Київська область',37,''),(76,'Запорізька область','Херсонська область',37,''),(77,'Запорізька область','Тернопільська область',37,''),(78,'Дніпропетровська область','Київська область',38,''),(79,'Дніпропетровська область','Львівська область',38,''),(80,'Київська область','Дніпропетровська область',39,''),(81,'Івано-Франківська область','Київська область',39,''),(82,'Дніпропетровська область','Київська область',39,''),(83,'Одеська область','Київська область',39,''),(84,'Київська область','Одеська область',39,''),(85,'Волинська область','Київська область',40,''),(86,'Волинська область','Дніпропетровська область',40,''),(87,'Київська область','Волинська область',41,''),(88,'Волинська область','Київська область',41,''),(89,'Київська область','Одеська область',41,''),(90,'Волинська область','Одеська область',41,''),(91,'Київська область','Дніпропетровська область',41,''),(92,'Дніпропетровська область','Київська область',42,''),(93,'Одеська область','Київська область',42,''),(94,'Одеська область','Київська область',43,''),(95,'Миколаївська область','Київська область',43,''),(96,'Київська область','Одеська область',43,''),(97,'Черкаська область','Київська область',44,''),(98,'Дніпропетровська область','Київська область',44,''),(99,'Дніпропетровська область','Київська область',45,''),(100,'Дніпропетровська область','Вінницька область',45,''),(101,'Дніпропетровська область','Житомирська область',45,''),(102,'Дніпропетровська область','Львівська область',45,''),(103,'Миколаївська область','Київська область',46,''),(104,'Миколаївська область','Дніпропетровська область',46,''),(105,'Київська область','Дніпропетровська область',47,''),(106,'Київська область','Волинська область',47,''),(107,'Київська область','Одеська область',47,''),(108,'Київська область','Миколаївська область',47,''),(109,'Львівська область','Київська область',47,''),(110,'Дніпропетровська область','Київська область',48,''),(111,'Полтавська область','Київська область',48,''),(112,'Полтавська область','Одеська область',48,''),(113,'Київська область','Дніпропетровська область',48,''),(114,'Київська область','Одеська область',49,'ВСЯ УКРАЇНА'),(115,'Житомирська область','Київська область',50,''),(116,'Київська область','Харківська область',51,''),(117,'Київська область','Запорізька область',51,''),(118,'Київська область','Одеська область',51,''),(119,'Київська область','Дніпропетровська область',51,''),(120,'Київська область','Івано-Франківська область',51,''),(121,'Київська область','Львівська область',51,''),(122,'Київська область','Вінницька область',51,''),(123,'Житомирська область','Волинська область',52,''),(124,'Житомирська область','Київська область',52,''),(125,'Житомирська область','Дніпропетровська область',52,''),(126,'Вінницька область','Київська область',53,''),(127,'Полтавська область','Київська область',53,''),(128,'Харківська область','Київська область',54,''),(129,'Харківська область','Дніпропетровська область',54,''),(131,'Київська область','Львівська область',55,''),(132,'Київська область','Дніпропетровська область',55,''),(133,'Київська область','Одеська область',55,''),(134,'Київська область','Дніпропетровська область',56,''),(135,'Київська область','Вінницька область',56,''),(136,'Дніпропетровська область','Київська область',57,'Та ВСЯ УКРАЇНА'),(137,'Вінницька область','Київська область',58,'Та ВСЯ УКРАЇНА'),(138,'Вінницька область','Миколаївська область',58,''),(139,'Вінницька область','Житомирська область',58,''),(140,'Вінницька область','Волинська область',58,''),(141,'Вінницька область','Херсонська область',58,''),(142,'Вінницька область','Харківська область',58,''),(143,'Вінницька область','Полтавська область',58,''),(144,'Вінницька область','Одеська область',58,''),(145,'Волинська область','Дніпропетровська область',58,''),(146,'Вінницька область','Дніпропетровська область',58,''),(147,'Київська область','Полтавська область',59,''),(148,'Київська область','Чернівецька область',59,''),(149,'Полтавська область','Дніпропетровська область',60,''),(150,'Полтавська область','Київська область',60,''),(151,'Полтавська область','Одеська область',60,''),(152,'Львівська область','Київська область',61,''),(153,'Київська область','Хмельницька область',62,''),(155,'Харківська область','Хмельницька область',62,''),(156,'Дніпропетровська область','Хмельницька область',62,''),(157,'Запорізька область','Хмельницька область',62,''),(158,'Харківська область','Полтавська область',63,''),(159,'Харківська область','Дніпропетровська область',63,''),(160,'Харківська область','Київська область',63,''),(161,'Вінницька область','Дніпропетровська область',64,''),(162,'Вінницька область','Харківська область',64,''),(163,'Київська область','Дніпропетровська область',64,''),(164,'Київська область','Харківська область',64,''),(165,'Дніпропетровська область','Київська область',65,''),(166,'Дніпропетровська область','Одеська область',65,''),(167,'Харківська область','Київська область',66,''),(168,'Харківська область','Івано-Франківська область',66,''),(169,'Житомирська область','Харківська область',67,''),(170,'Житомирська область','Одеська область',67,''),(171,'Житомирська область','Миколаївська область',67,''),(172,'Житомирська область','Дніпропетровська область',67,''),(173,'Херсонська область','Київська область',68,''),(174,'Херсонська область','Харківська область',68,''),(175,'Черкаська область','Київська область',69,''),(176,'Черкаська область','Херсонська область',69,''),(177,'Черкаська область','Львівська область',69,''),(178,'Одеська область','Київська область',70,''),(179,'Київська область','Волинська область',71,''),(180,'Київська область','Тернопільська область',71,''),(181,'Київська область','Хмельницька область',71,''),(182,'Київська область','Одеська область',56,''),(183,'Одеська область','Київська область',72,''),(184,'Запорізька область','Київська область',72,''),(185,'Житомирська область','Запорізька область',72,''),(186,'Київська область','Одеська область',73,''),(187,'Київська область','Львівська область',73,''),(188,'Київська область','Дніпропетровська область',73,''),(189,'Київська область','Чернівецька область',73,''),(190,'Київська область','Дніпропетровська область',74,''),(191,'Київська область','Одеська область',74,''),(192,'Київська область','Вінницька область',74,''),(193,'Київська область','Львівська область',74,''),(194,'Київська область','Одеська область',75,''),(195,'Київська область','Харківська область',75,''),(196,'Київська область','Запорізька область',75,''),(197,'Київська область','Дніпропетровська область',75,''),(198,'Київська область','Миколаївська область',75,''),(199,'Київська область','Дніпропетровська область',76,''),(200,'Дніпропетровська область','Київська область',76,''),(201,'Київська область','Харківська область',76,''),(202,'Харківська область','Київська область',76,''),(203,'Львівська область','Київська область',77,''),(204,'Одеська область','Київська область',77,''),(205,'Херсонська область','Київська область',78,''),(206,'Закарпатська область','Київська область',79,''),(207,'Закарпатська область','Львівська область',79,''),(208,'Київська область','Одеська область',34,''),(209,'Одеська область','Запорізька область',72,''),(210,'Запорізька область','Одеська область',72,''),(211,'Львівська область','Київська область',80,''),(212,'Львівська область','Дніпропетровська область',80,''),(213,'Львівська область','Одеська область',80,''),(214,'Рівненська область','Львівська область',80,'Тара'),(215,'Київська область','Дніпропетровська область',81,''),(216,'Київська область','Одеська область',81,''),(217,'Одеська область','Київська область',81,'');
/*!40000 ALTER TABLE `direction` ENABLE KEYS */;
UNLOCK TABLES;

--
-- Table structure for table `history`
--

DROP TABLE IF EXISTS `history`;
/*!40101 SET @saved_cs_client     = @@character_set_client */;
/*!40101 SET character_set_client = utf8 */;
CREATE TABLE `history` (
  `id` int(11) NOT NULL AUTO_INCREMENT,
  `managerid` int(11) NOT NULL,
  `action` int(11) NOT NULL,
  `manager` varchar(45) NOT NULL,
  `actionDate` datetime NOT NULL,
  `info` varchar(250) NOT NULL,
  PRIMARY KEY (`id`),
  UNIQUE KEY `id_UNIQUE` (`id`)
) ENGINE=InnoDB AUTO_INCREMENT=2370 DEFAULT CHARSET=utf8;
/*!40101 SET character_set_client = @saved_cs_client */;

--
-- Dumping data for table `history`
--

LOCK TABLES `history` WRITE;
/*!40000 ALTER TABLE `history` DISABLE KEYS */;
INSERT INTO `history` VALUES (117,14,7,'Діма','2021-05-27 09:50:42','ОЛІС доданий в систему'),(118,14,7,'Діма','2021-05-27 09:53:53','АВК доданий в систему'),(119,14,7,'Діма','2021-05-27 10:05:09','ХІМ ТОРГ доданий в систему'),(120,14,7,'Діма','2021-05-27 10:08:09','ЛУЦЬКА АГРАРНА КОМПАНІЯ доданий в систему'),(121,14,7,'Діма','2021-05-27 10:21:18','ВОРТЕКС ПЛЮС ТРЕЙД доданий в систему'),(122,14,7,'Діма','2021-05-27 10:27:16','ЕКО ОВОЧІ доданий в систему'),(123,14,7,'Діма','2021-05-27 10:38:11','ЮНІВЕРСАЛ ФІШ КОМПАНІ доданий в систему'),(124,14,7,'Діма','2021-05-27 11:15:39','ГУД ФУД доданий в систему'),(125,14,7,'Діма','2021-05-27 11:52:55','ТЕХ ПРОМ СЕРВИС доданий в систему'),(126,14,7,'Діма','2021-05-27 11:55:04','КЛАЙМ ПРОГ доданий в систему'),(127,14,7,'Діма','2021-05-27 11:57:50','ТРАНС РЕАЛ ГРУП доданий в систему'),(128,14,7,'Діма','2021-05-27 12:00:30','МАЛБИ ФУДС  доданий в систему'),(129,14,7,'Діма','2021-05-27 12:05:27','ТК САТ доданий в систему'),(130,14,7,'Діма','2021-05-27 12:08:22','ЦЕРСАНИТ ТРЕЙД  доданий в систему'),(131,14,7,'Діма','2021-05-27 12:10:42','ОПТІМА ФАРМ доданий в систему'),(132,14,7,'Діма','2021-05-27 12:17:55','Житомирський Маслозавод доданий в систему'),(133,14,7,'Діма','2021-05-27 15:20:18','ОВЕРТОН ЛОГІСТІК доданий в систему'),(134,14,7,'Діма','2021-05-27 15:23:01','ЮД ПАК ХАРКІВ доданий в систему'),(135,14,7,'Діма','2021-05-27 15:28:09','ФРУКТУС НОБІЛІС доданий в систему'),(136,14,7,'Діма','2021-05-27 15:36:13','ЛТ-ТРЕЙД доданий в систему'),(137,13,4,'Антон','2021-05-27 15:53:29','Київська область - Одеська область 16 грн/км'),(138,13,4,'Антон','2021-05-27 15:53:57','Київська область - Кіровоградська область 25 грн/км'),(139,14,7,'Діма','2021-05-27 15:54:10','ІНТЕР ОВОЧІ доданий в систему'),(140,13,4,'Антон','2021-05-27 15:55:50','Київська область - Черкаська область 49 грн/км'),(141,13,4,'Антон','2021-05-27 15:57:30','Київська область - Чернівецька область 9 грн/км'),(142,13,4,'Антон','2021-05-27 15:58:12','Одеська область - Миколаївська область 7 грн/км'),(143,13,3,'Антон','2021-05-27 15:58:22','тех.очікування'),(144,14,7,'Діма','2021-05-27 15:58:23','ЛЮСДОРФ доданий в систему'),(145,14,7,'Діма','2021-05-27 16:22:27','Агромат доданий в систему'),(146,14,7,'Діма','2021-05-27 16:25:11','КЕРНЕЛ ТРЕЙД  доданий в систему'),(147,14,7,'Діма','2021-05-27 16:44:15','ХОВАНСЬКИЙ доданий в систему'),(148,14,7,'Діма','2021-05-27 16:57:27','ЮКРЕЙНІАН БІ доданий в систему'),(149,14,7,'Діма','2021-05-27 17:11:46','ЗОЛОТАЯ МИЛЯ доданий в систему'),(150,14,7,'Діма','2021-05-27 17:14:29','ДЛЖ ЛОГІСТИК доданий в систему'),(151,14,7,'Діма','2021-05-27 17:17:15','АКВАПЛАСТ доданий в систему'),(152,14,7,'Діма','2021-05-27 17:20:39','СП АВЕК - СОНОРА доданий в систему'),(153,14,7,'Діма','2021-05-27 17:40:03','ТОРГОВИЙ ДІМ ЖКК доданий в систему'),(154,14,7,'Діма','2021-05-27 17:42:35','КВАЛЕС УКРАЇНА доданий в систему'),(155,14,7,'Діма','2021-05-27 17:44:20','ЕТК Адванс доданий в систему'),(156,14,7,'Діма','2021-05-27 17:46:56','ГОЕЛ доданий в систему'),(157,13,5,'Антон','2021-05-31 16:02:05','Київська область - Одеська область 12 грн/км'),(158,13,5,'Антон','2021-05-31 16:02:05','Київська область - Одеська область 12 грн/км'),(159,13,5,'Антон','2021-05-31 16:08:29','Кіровоградська область - Київська область 2 грн/км'),(160,13,4,'Антон','2021-05-31 16:19:19','Кіровоградська область - Львівська область 17 грн/км'),(161,13,3,'Антон','2021-05-31 16:28:16','тех.очікування'),(162,13,6,'Антон','2021-05-31 16:35:45','відміна вулиця Академіка Бутлерова, 8, Київ, 02000 - вулиця Академіка Бутлерова, 8, Київ, 02000 0 грн/км'),(163,13,5,'Антон','2021-05-31 16:42:22','Київська область - Одеська область 25 грн/км'),(164,13,4,'Антон','2021-05-31 16:42:44','Київська область - Одеська область 25 грн/км'),(165,13,3,'Антон','2021-05-31 16:43:15','тех.очікування'),(166,13,5,'Антон','2021-05-31 16:50:38','Львівська область - Київська область 14 грн/км'),(167,13,4,'Антон','2021-05-31 16:53:40','Львівська область - Київська область 14 грн/км'),(168,13,4,'Антон','2021-05-31 16:53:55','Київська область - Дніпропетровська область 10 грн/км'),(169,16,3,'Саша','2021-05-31 17:22:26','тех.очікування'),(170,16,6,'Саша','2021-05-31 17:22:38','відміна вулиця Академіка Бутлерова, 8, Київ, 02000 - вулиця Академіка Бутлерова, 8, Київ, 02000 0 грн/км'),(171,16,5,'Саша','2021-05-31 17:22:56','Київська область - Харківська область 24 грн/км'),(172,16,1,'Саша','2021-05-31 17:23:10','Київська область - Харківська область 24 грн/км'),(173,16,1,'Саша','2021-05-31 17:23:37','Харківська область - Київська обл. 12 грн/км'),(174,13,6,'Антон','2021-05-31 17:29:40','відміна Кропивни&#769;цкий, Кіровоградська область, Україна - Львов, Львівська область, Україна 17 грн/км'),(175,13,6,'Антон','2021-05-31 17:29:46','відміна Львов, Львівська область, Україна - Троєщина, Київ, Україна 14 грн/км'),(176,16,1,'Саша','2021-05-31 17:29:47','Київська область - Полтавська область 23 грн/км'),(177,13,6,'Антон','2021-05-31 17:29:51','відміна Троєщина, Київ, Україна - Днепр, Дніпропетровська область, Україна 10 грн/км'),(178,16,3,'Саша','2021-05-31 17:29:53','тех.очікування'),(179,13,6,'Антон','2021-05-31 17:29:56','відміна вулиця Академіка Бутлерова, 8, Київ, 02000 - Одесса, Одеська область, Україна 25 грн/км'),(180,13,6,'Антон','2021-05-31 17:30:01','відміна Одесса, Одеська область, Україна - Одесса, Одеська область, Україна 0 грн/км'),(181,13,4,'Антон','2021-06-01 10:17:32','Київська область - Херсонська область 14 грн/км'),(182,13,5,'Антон','2021-06-01 11:07:54','Київська область - Херсонська область 14 грн/км'),(183,13,4,'Антон','2021-06-01 11:08:40','Київська область - Херсонська область 14 грн/км'),(184,16,6,'Саша','2021-06-01 14:17:33','відміна Кременчуг, Полтавська область, Україна - Кременчуг, Полтавська область, Україна 0 грн/км'),(185,16,3,'Саша','2021-06-01 14:29:54','тех.очікування'),(186,16,1,'Саша','2021-06-01 14:31:48','Київська область - Дніпропетровська область 20 грн/км'),(187,16,3,'Саша','2021-06-02 09:05:04','очікування'),(188,16,3,'Саша','2021-06-02 09:05:11','очікування'),(189,16,1,'Саша','2021-06-02 09:05:40','Київська область - Чернівецька область 22 грн/км'),(190,16,6,'Саша','2021-06-02 09:05:47','відміна вулиця Академіка Бутлерова, 8, Київ, 02000 - Черновцы, Чернівецька область, Україна 22 грн/км'),(191,15,3,'Влад','2021-06-02 09:56:05','очікування'),(192,15,3,'Влад','2021-06-02 09:56:15','очікування'),(193,13,4,'Антон','2021-06-02 10:40:18','Київська область - Харківська область 0 грн/км'),(194,16,6,'Саша','2021-06-02 13:07:14','відміна Кременчуг, Полтавська область, Україна - Кременчуг, Полтавська область, Україна 0 грн/км'),(195,16,1,'Саша','2021-06-02 13:07:37','Полтавська область - Житомирська область 19 грн/км'),(196,16,1,'Саша','2021-06-02 13:08:15','Київська область - Чернівецька область 22 грн/км'),(197,16,3,'Саша','2021-06-03 09:47:08','очікування'),(198,16,6,'Саша','2021-06-03 09:47:12','відміна Кривой Рог, Дніпропетровська область, Україна - Кривой Рог, Дніпропетровська область, Україна 0 грн/км'),(199,16,1,'Саша','2021-06-03 09:47:34','Дніпропетровська область - Київська обл. 19 грн/км'),(200,16,1,'Саша','2021-06-03 09:48:07','Чернівецька область - Київська область 13 грн/км'),(201,16,3,'Саша','2021-06-03 09:48:16','очікування'),(202,16,3,'Саша','2021-06-03 09:49:12','очікування'),(203,16,3,'Саша','2021-06-03 09:59:29','очікування'),(204,16,6,'Саша','2021-06-03 10:24:03','відміна вулиця Академіка Бутлерова, 8, Київ, 02000 - вулиця Академіка Бутлерова, 8, Київ, 02000 0 грн/км'),(205,15,5,'Влад','2021-06-03 12:30:18','Київська область - Одеська область 17 грн/км'),(206,13,4,'Антон','2021-06-03 14:39:06','Київська область - Львівська область 0 грн/км'),(207,16,1,'Саша','2021-06-03 14:44:01','Київська область - Кіровоградська область 26 грн/км'),(208,15,3,'Влад','2021-06-03 16:00:06','очікування'),(209,13,5,'Антон','2021-06-03 16:25:57','Львівська область - Київська обл. 13 грн/км'),(210,15,3,'Влад','2021-06-03 16:31:05','очікування'),(211,15,6,'Влад','2021-06-03 16:31:31','відміна Львів, Львівська область, Україна - Львів, Львівська область, Україна 0 грн/км'),(212,15,1,'Влад','2021-06-03 16:32:09','Львівська область - Київська обл. 0 грн/км'),(213,15,6,'Влад','2021-06-03 16:32:13','відміна Львів, Львівська область, Україна - Квитневое, Київська область, Україна 0 грн/км'),(214,15,5,'Влад','2021-06-03 16:32:29','Львівська область - Київська обл. 0 грн/км'),(215,15,3,'Влад','2021-06-03 16:32:32','очікування'),(216,15,6,'Влад','2021-06-03 16:49:21','відміна Львів, Львівська область, Україна - Львів, Львівська область, Україна 0 грн/км'),(217,15,5,'Влад','2021-06-03 16:49:50','Львівська область - Київська обл. 0 грн/км'),(218,15,3,'Влад','2021-06-03 16:49:58','очікування'),(219,15,6,'Влад','2021-06-03 16:50:13','відміна Львів, Львівська область, Україна - Львів, Львівська область, Україна 0 грн/км'),(220,15,1,'Влад','2021-06-03 16:52:27','Львівська область - Київська обл. 13 грн/км'),(221,15,1,'Влад','2021-06-04 09:40:24','Київська область - Харківська область 22 грн/км'),(222,15,6,'Влад','2021-06-04 09:42:52','відміна Львів, Львівська область, Україна - Квітневе, Київська область, Україна 13 грн/км'),(223,15,1,'Влад','2021-06-04 09:43:55','Львівська область - Львівська область 0 грн/км'),(224,15,6,'Влад','2021-06-04 09:53:57','відміна Львів, Львівська область, Україна - Львів, Львівська область, Україна 0 грн/км'),(225,15,3,'Влад','2021-06-04 09:54:14','очікування'),(226,17,1,'Лёша','2021-06-04 11:28:06','Харківська область - Київська обл. 13 грн/км'),(227,15,3,'Влад','2021-06-07 10:06:22','очікування'),(228,15,6,'Влад','2021-06-07 10:06:47','відміна Львів, Львівська область, Україна - Львів, Львівська область, Україна 0 грн/км'),(229,15,1,'Влад','2021-06-07 10:07:29','Львівська область - Львівська область 0 грн/км'),(230,15,3,'Влад','2021-06-07 10:08:02','очікування'),(231,15,6,'Влад','2021-06-07 10:18:10','відміна вулиця Академіка Бутлерова, 8, Київ, 02000 - вулиця Академіка Бутлерова, 8, Київ, 02000 0 грн/км'),(232,15,1,'Влад','2021-06-07 10:18:46','Харківська область - Київська область 0 грн/км'),(233,15,1,'Влад','2021-06-07 10:19:47','Київська область - Херсонська область 17 грн/км'),(234,15,1,'Влад','2021-06-07 16:26:30','Львівська область - Київська обл. 12 грн/км'),(235,15,3,'Влад','2021-06-08 14:11:36','очікування'),(236,15,6,'Влад','2021-06-08 14:11:47','відміна Квітневе, Київська область, Україна - Квітневе, Київська область, Україна 0 грн/км'),(237,15,1,'Влад','2021-06-08 14:12:25','Київська обл. - Хмельницька область 20 грн/км'),(238,15,3,'Влад','2021-06-08 17:16:11','очікування'),(239,15,6,'Влад','2021-06-08 17:16:21','відміна Херсон, Херсонська область, Україна - Херсон, Херсонська область, Україна 0 грн/км'),(240,15,1,'Влад','2021-06-08 17:16:46','Херсонська область - Київська обл. 22 грн/км'),(241,16,1,'Саша','2021-06-09 09:28:37','Кіровоградська область - Дніпропетровська область 0 грн/км'),(242,16,1,'Саша','2021-06-09 09:29:00','Дніпропетровська область - Київська область 20 грн/км'),(243,17,1,'Лёша','2021-06-09 09:55:54','Київська обл. - Одеська область 19 грн/км'),(244,15,3,'Влад','2021-06-09 12:42:54','очікування'),(245,15,3,'Влад','2021-06-09 12:56:34','очікування'),(246,13,3,'Антон','2021-06-09 16:15:09','очікування'),(247,17,1,'Лёша','2021-06-09 16:28:39','Одеська область - Київська обл. 16 грн/км'),(248,15,1,'Влад','2021-06-09 16:53:25','Хмельницька область - Київська обл. 21 грн/км'),(249,14,7,'Діма','2021-06-10 10:47:49','ІНТЕРКАБЕЛЬ КИЇВ доданий в систему'),(250,17,3,'Лёша','2021-06-10 17:23:09','очікування'),(251,13,1,'Антон','2021-06-10 18:07:52','Київська область - Миколаївська область 18 грн/км'),(252,13,1,'Антон','2021-06-10 18:09:20','Миколаївська область - Київська обл. 16 грн/км'),(253,13,1,'Антон','2021-06-10 18:10:14','Київська обл. - Дніпропетровська область 25 грн/км'),(254,13,6,'Антон','2021-06-10 18:10:44','відміна Нові Петрівці, Київська область, Україна - Дніпро, Дніпропетровська область, Україна 25 грн/км'),(255,13,1,'Антон','2021-06-10 18:11:28','Київська обл. - Дніпропетровська область 28 грн/км'),(256,13,1,'Антон','2021-06-10 18:12:03','Дніпропетровська область - Вінницька область 20 грн/км'),(257,13,1,'Антон','2021-06-10 18:12:54','Вінницька область - Київська обл. 25 грн/км'),(258,13,6,'Антон','2021-06-10 18:14:01','відміна Вінниця, Вінницька область, Україна - Копилів, Київська область, Україна 25 грн/км'),(259,13,6,'Антон','2021-06-10 18:14:04','відміна Кривий Ріг, Дніпропетровська область, Україна - Вінниця, Вінницька область, Україна 20 грн/км'),(260,13,6,'Антон','2021-06-10 18:14:07','відміна Нові Петрівці, Київська область, Україна - Кривий Ріг, Дніпропетровська область, Україна 28 грн/км'),(261,13,6,'Антон','2021-06-10 18:18:42','відміна Миколаїв, Миколаївська область, Україна - Нові Петрівці, Київська область, Україна 16 грн/км'),(262,13,1,'Антон','2021-06-10 18:19:03','Миколаївська область - Дніпропетровська область 0 грн/км'),(263,13,1,'Антон','2021-06-10 18:19:50','Дніпропетровська область - Вінницька область 15 грн/км'),(264,13,6,'Антон','2021-06-10 18:20:26','відміна Днепр, Дніпропетровська область, Україна - Вінниця, Вінницька область, Україна 15 грн/км'),(265,13,1,'Антон','2021-06-10 18:21:04','Дніпропетровська область - Вінницька область 0 грн/км'),(266,13,1,'Антон','2021-06-10 18:21:29','Вінницька область - Київська обл. 28 грн/км'),(267,13,6,'Антон','2021-06-10 18:34:51','відміна Іллінці, Вінницька область, Україна - Копилів, Київська область, Україна 28 грн/км'),(268,13,6,'Антон','2021-06-10 18:34:54','відміна Днепр, Дніпропетровська область, Україна - Іллінці, Вінницька область, Україна 0 грн/км'),(269,13,6,'Антон','2021-06-10 18:34:57','відміна Миколаїв, Миколаївська область, Україна - Днепр, Дніпропетровська область, Україна 0 грн/км'),(270,13,6,'Антон','2021-06-10 18:35:00','відміна вулиця Академіка Бутлерова, 8, Київ, 02000 - Миколаїв, Миколаївська область, Україна 18 грн/км'),(271,13,1,'Антон','2021-06-10 18:35:39','Київська область - Одеська область 19 грн/км'),(272,13,1,'Антон','2021-06-10 18:36:06','Одеська область - Київська обл. 16 грн/км'),(273,13,1,'Антон','2021-06-10 18:38:38','Київська обл. - Дніпропетровська область 0 грн/км'),(274,13,1,'Антон','2021-06-10 18:39:26','Дніпропетровська область - Хмельницька область 2 грн/км'),(275,13,6,'Антон','2021-06-10 18:40:20','відміна Дніпро, Дніпропетровська область, Україна - Хмельницький, Хмельницька область, Україна 2 грн/км'),(276,13,1,'Антон','2021-06-10 18:40:35','Дніпропетровська область - Хмельницька область 19 грн/км'),(277,13,5,'Антон','2021-06-11 09:29:36','Хмельницька область - Київська обл. 19 грн/км'),(278,13,6,'Антон','2021-06-11 09:30:35','відміна Дніпро, Дніпропетровська область, Україна - Хмельницький, Хмельницька область, Україна 19 грн/км'),(279,13,1,'Антон','2021-06-11 09:30:53','Дніпропетровська область - Одеська область 0 грн/км'),(280,13,5,'Антон','2021-06-11 09:31:06','Одеська область - Київська обл. 15 грн/км'),(281,15,3,'Влад','2021-06-11 09:34:09','очікування'),(282,15,3,'Влад','2021-06-11 09:34:12','очікування'),(283,17,1,'Лёша','2021-06-11 10:03:19','Київська обл. - Київська область 0 грн/км'),(284,13,6,'Антон','2021-06-11 11:38:25','відміна Дніпро, Дніпропетровська область, Україна - Одесса, Одеська область, Україна 0 грн/км'),(285,13,6,'Антон','2021-06-11 11:38:28','відміна Квітневе, Київська область, Україна - Дніпро, Дніпропетровська область, Україна 0 грн/км'),(286,13,6,'Антон','2021-06-11 11:38:31','відміна Одесса, Одеська область, Україна - Квітневе, Київська область, Україна 16 грн/км'),(287,13,1,'Антон','2021-06-11 11:38:45','Одеська область - Львівська область 0 грн/км'),(288,13,5,'Антон','2021-06-11 11:39:08','Львівська область - Київська обл. 10 грн/км'),(289,13,5,'Антон','2021-06-11 11:39:23','Львівська область - Волинська область 33 грн/км'),(290,13,5,'Антон','2021-06-11 11:39:38','Львівська область - Київська область 11 грн/км'),(291,16,1,'Саша','2021-06-11 14:29:53','Київська область - Херсонська область 18 грн/км'),(292,16,3,'Саша','2021-06-11 14:30:05','очікування'),(293,16,6,'Саша','2021-06-11 14:30:10','відміна Херсон, Херсонська область, Україна - Херсон, Херсонська область, Україна 0 грн/км'),(294,16,1,'Саша','2021-06-11 14:30:22','Херсонська область - Київська обл. 15 грн/км'),(295,16,3,'Саша','2021-06-11 14:30:26','очікування'),(296,16,1,'Саша','2021-06-11 14:30:44','Київська обл. - Львівська область 20 грн/км'),(297,15,1,'Влад','2021-06-14 11:27:09','Київська обл. - Львівська область 0 грн/км'),(298,15,1,'Влад','2021-06-14 11:54:48','Львівська область - Київська область 13 грн/км'),(299,15,6,'Влад','2021-06-14 11:55:51','відміна Моршин, Львівська область, Україна - Киев, Україна 13 грн/км'),(300,15,6,'Влад','2021-06-14 11:55:55','відміна Красиловка, Київська область, Україна - Моршин, Львівська область, Україна 0 грн/км'),(301,15,1,'Влад','2021-06-14 11:57:21','Київська обл. - Київська обл. 0 грн/км'),(302,15,1,'Влад','2021-06-14 12:05:15','Київська обл. - Львівська область 18 грн/км'),(303,15,1,'Влад','2021-06-14 12:05:48','Львівська область - Львівська область 0 грн/км'),(304,15,1,'Влад','2021-06-14 12:24:27','Львівська область - Київська обл. 13 грн/км'),(305,17,3,'Лёша','2021-06-14 16:53:44','очікування'),(306,17,6,'Лёша','2021-06-14 16:54:58','відміна вулиця Академіка Бутлерова, 8, Київ, Україна - вулиця Академіка Бутлерова, 8, Київ, Україна 0 грн/км'),(307,17,1,'Лёша','2021-06-14 16:55:26','Київська область - Київська область 807 грн/км'),(308,16,1,'Саша','2021-06-15 14:11:22','Львівська область - Київська обл. 12 грн/км'),(309,16,1,'Саша','2021-06-15 14:11:39','Київська обл. - Миколаївська область 19 грн/км'),(310,16,1,'Саша','2021-06-15 14:11:52','Миколаївська область - Київська область 16 грн/км'),(311,15,3,'Влад','2021-06-15 14:17:05','очікування'),(312,15,3,'Влад','2021-06-15 14:17:09','очікування'),(313,15,1,'Влад','2021-06-16 14:16:21','Київська область - Одеська область 21 грн/км'),(314,15,3,'Влад','2021-06-16 14:17:37','очікування'),(315,15,3,'Влад','2021-06-16 14:17:42','очікування'),(316,15,3,'Влад','2021-06-16 14:17:45','очікування'),(317,15,3,'Влад','2021-06-16 14:17:49','очікування'),(318,15,3,'Влад','2021-06-16 14:17:52','очікування'),(319,15,3,'Влад','2021-06-16 14:17:56','очікування'),(320,15,3,'Влад','2021-06-16 14:18:00','очікування'),(321,15,3,'Влад','2021-06-16 14:18:04','очікування'),(322,15,3,'Влад','2021-06-16 14:18:08','очікування'),(323,15,3,'Влад','2021-06-16 14:18:12','очікування'),(324,15,3,'Влад','2021-06-17 09:57:36','очікування'),(325,15,3,'Влад','2021-06-17 09:57:40','очікування'),(326,17,3,'Лёша','2021-06-17 12:20:29','очікування'),(327,17,3,'Лёша','2021-06-17 12:20:39','очікування'),(328,17,3,'Лёша','2021-06-17 12:20:45','очікування'),(329,16,6,'Саша','2021-06-17 12:23:15','відміна Миколаїв, Миколаївська область, Україна - Киев, Україна 16 грн/км'),(330,16,3,'Саша','2021-06-17 12:23:21','очікування'),(331,16,6,'Саша','2021-06-17 12:23:27','відміна Миколаїв, Миколаївська область, Україна - Миколаїв, Миколаївська область, Україна 0 грн/км'),(332,16,1,'Саша','2021-06-17 12:23:38','Миколаївська область - Київська обл. 16 грн/км'),(333,16,6,'Саша','2021-06-17 13:20:45','відміна Миколаїв, Миколаївська область, Україна - Копилів, Київська область, Україна 16 грн/км'),(334,16,3,'Саша','2021-06-17 13:20:54','очікування'),(335,16,6,'Саша','2021-06-17 13:21:08','відміна Миколаїв, Миколаївська область, Україна - Миколаїв, Миколаївська область, Україна 0 грн/км'),(336,16,1,'Саша','2021-06-17 13:21:18','Миколаївська область - Житомирська область 18 грн/км'),(337,15,1,'Влад','2021-06-17 15:38:39','Київська область - Вінницька область 34 грн/км'),(338,15,3,'Влад','2021-06-18 18:31:34','очікування'),(339,15,6,'Влад','2021-06-18 18:31:40','відміна Маяки, Одеська область, Україна - Маяки, Одеська область, Україна 0 грн/км'),(340,15,1,'Влад','2021-06-18 18:34:28','Вінницька область - Київська область 21 грн/км'),(341,15,3,'Влад','2021-06-18 18:34:51','очікування'),(342,15,3,'Влад','2021-06-18 18:35:19','очікування'),(343,13,1,'Антон','2021-06-19 14:19:19','Львівська область - Київська область 13 грн/км'),(344,13,1,'Антон','2021-06-19 14:20:23','Київська область - Рівненська область 84 грн/км'),(345,13,1,'Антон','2021-06-19 14:22:12','Рівненська область - Полтавська область 7 грн/км'),(346,13,4,'Антон','2021-06-19 14:37:10','Київська область - Київська область 1 грн/км'),(347,13,6,'Антон','2021-06-19 14:37:27','відміна Київ, Україна - вулиця Академіка Бутлерова, 8, Київ, Україна 1 грн/км'),(348,13,4,'Антон','2021-06-19 14:39:38','Київська область - Одеська область 0 грн/км'),(349,13,6,'Антон','2021-06-19 14:40:00','відміна Київ, Україна - Одесса, Одеська область, Україна 0 грн/км'),(350,16,4,'Саша','2021-06-22 10:40:23','Київська область - Київська обл. 11 грн/км'),(351,16,1,'Саша','2021-06-22 10:40:54','Житомирська область - Київська обл. 16 грн/км'),(352,13,6,'Антон','2021-06-22 10:45:23','відміна Київ, Україна - Калиновка, Київська область, Україна 11 грн/км'),(353,15,1,'Влад','2021-06-22 10:46:34','Київська область - Полтавська область 21 грн/км'),(354,15,1,'Влад','2021-06-22 10:48:08','Полтавська область - Львівська область 17 грн/км'),(355,15,1,'Влад','2021-06-22 10:48:49','Київська область - Одеська область 0 грн/км'),(356,15,1,'Влад','2021-06-22 11:26:40','Одеська область - Київська область 24 грн/км'),(357,15,6,'Влад','2021-06-22 11:26:56','відміна Одесса, Одеська область, Україна - Киев, Україна 24 грн/км'),(358,15,1,'Влад','2021-06-22 11:27:26','Одеська область - Київська область 24 грн/км'),(359,15,1,'Влад','2021-06-22 11:27:59','Житомирська область - Київська область 0 грн/км'),(360,15,1,'Влад','2021-06-22 11:28:32','Одеська область - Київська область 0 грн/км'),(361,15,1,'Влад','2021-06-22 11:30:21','Київська обл. - Миколаївська область 19 грн/км'),(362,15,1,'Влад','2021-06-23 11:02:30','Миколаївська область - Тернопільська область 18 грн/км'),(363,15,1,'Влад','2021-06-23 11:03:21','Київська область - Дніпропетровська область 23 грн/км'),(364,15,3,'Влад','2021-06-23 11:03:39','очікування'),(365,15,3,'Влад','2021-06-23 11:03:46','очікування'),(366,13,4,'Антон','2021-06-23 14:12:53','Київська область - Дніпропетровська область 0 грн/км'),(367,13,6,'Антон','2021-06-23 15:03:00','відміна вулиця Академіка Бутлерова, 8, Київ, 02000 - Кривой Рог, Дніпропетровська область, Україна 0 грн/км'),(368,16,1,'Саша','2021-06-24 08:55:58','Київська обл. - Дніпропетровська область 20 грн/км'),(369,16,1,'Саша','2021-06-24 08:56:21','Київська обл. - Дніпропетровська область 20 грн/км'),(370,16,6,'Саша','2021-06-24 08:56:29','відміна Калиновка, Київська область, Україна - Кривой Рог, Дніпропетровська область, Україна 20 грн/км'),(371,14,7,'Діма','2021-06-24 09:21:25','ГЛОБАЛ СПІРІТС доданий в систему'),(372,14,7,'Діма','2021-06-24 10:00:36','АШАН доданий в систему'),(373,14,3,'Діма','2021-06-24 10:02:02','очікування'),(374,14,6,'Діма','2021-06-24 10:02:09','відміна вулиця Академіка Бутлерова, 8, Київ, 02000 - вулиця Академіка Бутлерова, 8, Київ, 02000 0 грн/км'),(375,14,3,'Діма','2021-06-24 10:02:41','очікування'),(376,14,6,'Діма','2021-06-24 10:02:45','відміна вулиця Академіка Бутлерова, 8, Київ, 02000 - вулиця Академіка Бутлерова, 8, Київ, 02000 0 грн/км'),(377,14,3,'Діма','2021-06-24 10:02:53','очікування'),(378,14,6,'Діма','2021-06-24 10:02:56','відміна вулиця Академіка Бутлерова, 8, Київ, 02000 - вулиця Академіка Бутлерова, 8, Київ, 02000 0 грн/км'),(379,14,5,'Діма','2021-06-24 10:03:43','Київська область - Кривой Рог, Дніпропетровська область, Україна - Харківська область 20 грн/км'),(380,14,3,'Діма','2021-06-24 10:12:24','очікування'),(381,14,6,'Діма','2021-06-24 10:12:31','відміна вулиця Академіка Бутлерова, 8, Київ, 02000 - вулиця Академіка Бутлерова, 8, Київ, 02000 0 грн/км'),(382,14,7,'Діма','2021-06-24 10:13:56','ОБОЛОНЬ доданий в систему'),(383,14,1,'Діма','2021-06-24 10:15:41','Київська область - Кривой Рог, Дніпропетровська область, Україна - Харківська область 20 грн/км'),(384,15,1,'Влад','2021-06-24 10:19:25','Київська область - Одеська область 21 грн/км'),(385,15,1,'Влад','2021-06-24 10:23:55','Київська область - Чернівецька область 23 грн/км'),(386,15,3,'Влад','2021-06-24 10:24:43','очікування'),(387,14,6,'Діма','2021-06-24 10:25:40','відміна вулиця Академіка Бутлерова, 8, Київ, 02000 - Харьков, Харківська область, Україна 20 грн/км'),(388,14,1,'Діма','2021-06-24 10:26:26','Київська область - Дніпропетровська область 18 грн/км'),(389,14,3,'Діма','2021-06-24 10:26:44','очікування'),(390,14,3,'Діма','2021-06-24 10:26:53','очікування'),(391,14,3,'Діма','2021-06-24 10:26:58','очікування'),(392,14,1,'Діма','2021-06-24 10:27:41','Дніпропетровська область - Харківська область 22 грн/км'),(393,14,1,'Діма','2021-06-24 10:28:48','Харківська область - Київська область 12 грн/км'),(394,15,1,'Влад','2021-06-25 08:51:53','Дніпропетровська область - Київська обл. 15 грн/км'),(395,15,3,'Влад','2021-06-25 08:52:55','очікування'),(396,15,3,'Влад','2021-06-25 08:53:16','очікування'),(397,15,3,'Влад','2021-06-25 08:53:39','очікування'),(398,15,3,'Влад','2021-06-25 08:55:30','очікування'),(399,14,7,'Діма','2021-06-25 12:59:16','АРТЕРІУМ доданий в систему'),(400,14,7,'Діма','2021-06-25 13:04:32','РУШ доданий в систему'),(401,15,1,'Влад','2021-06-29 09:57:18','Львівська область - Київська область 0 грн/км'),(402,15,1,'Влад','2021-06-29 09:58:39','Київська область - Дніпропетровська область 30 грн/км'),(403,15,3,'Влад','2021-06-29 10:00:08','очікування'),(404,15,3,'Влад','2021-06-29 10:01:19','очікування'),(405,15,1,'Влад','2021-06-29 10:05:23','Тернопільська область - Київська обл. 22 грн/км'),(406,15,1,'Влад','2021-06-29 10:06:23','Чернівецька область - Київська область 0 грн/км'),(407,16,4,'Саша','2021-06-29 15:53:54','Київська область - Харківська область 0 грн/км'),(408,14,3,'Діма','2021-06-29 16:39:52','очікування'),(409,14,3,'Діма','2021-06-29 16:39:53','очікування'),(410,14,6,'Діма','2021-06-29 16:39:57','відміна Київ, Україна - Київ, Україна 0 грн/км'),(411,14,6,'Діма','2021-06-29 16:40:02','відміна Київ, Україна - Київ, Україна 0 грн/км'),(412,14,3,'Діма','2021-06-29 16:40:09','очікування'),(413,14,6,'Діма','2021-06-29 16:40:14','відміна Київ, Україна - Київ, Україна 0 грн/км'),(414,14,1,'Діма','2021-06-29 16:40:35','Київська область - Рівненська область 27 грн/км'),(415,14,1,'Діма','2021-06-29 16:41:03','Рівненська область - Волинська область 0 грн/км'),(416,14,1,'Діма','2021-06-29 16:41:33','Волинська область - Черкаська область 18 грн/км'),(417,14,4,'Діма','2021-06-30 09:47:44','Київська область - Кривой Рог, Дніпропетровська область, Україна - Дніпропетровська область 22 грн/км'),(418,14,3,'Діма','2021-06-30 09:49:40','очікування'),(419,14,6,'Діма','2021-06-30 09:49:58','відміна вулиця Академіка Бутлерова, 8, Київ, 02000 - вулиця Академіка Бутлерова, 8, Київ, 02000 0 грн/км'),(420,14,4,'Діма','2021-06-30 09:51:29','Київська область - Одеська область 0 грн/км'),(421,14,3,'Діма','2021-06-30 09:51:41','очікування'),(422,14,4,'Діма','2021-06-30 09:52:31','Київська область - Одеська область 0 грн/км'),(423,14,4,'Діма','2021-06-30 09:53:00','Одеська область - Київська обл. 14 грн/км'),(424,14,4,'Діма','2021-06-30 10:00:47','Херсонська область - Одеська область 0 грн/км'),(425,14,6,'Діма','2021-06-30 10:09:17','відміна Херсон, Херсонська область, Україна - Одесса, Одеська область, Україна 0 грн/км'),(426,14,3,'Діма','2021-06-30 10:11:20','очікування'),(427,14,6,'Діма','2021-06-30 10:11:26','відміна Херсон, Херсонська область, Україна - Херсон, Херсонська область, Україна 0 грн/км'),(428,14,4,'Діма','2021-06-30 10:11:52','Херсонська область - Київська обл. 12 грн/км'),(429,14,4,'Діма','2021-06-30 10:11:53','Херсонська область - Київська обл. 12 грн/км'),(430,14,4,'Діма','2021-06-30 10:50:04','Київська область - Волинська область 0 грн/км'),(431,14,4,'Діма','2021-06-30 10:51:05','Волинська область - Житомирська область 22 грн/км'),(432,15,6,'Влад','2021-06-30 15:48:16','відміна Киев, Україна - Харьков, Харківська область, Україна 0 грн/км'),(433,15,6,'Влад','2021-06-30 15:50:39','відміна Киев, Україна - Киев, Україна 0 грн/км'),(434,14,1,'Діма','2021-06-30 19:45:56','Черкаська область - Київська область 26 грн/км'),(435,14,1,'Діма','2021-07-01 14:55:39','Дніпропетровська область - Донецька область 0 грн/км'),(436,14,1,'Діма','2021-07-01 14:56:50','Київська область - Дніпропетровська область 0 грн/км'),(437,14,1,'Діма','2021-07-01 14:57:04','Київська область - Київська область 0 грн/км'),(438,14,1,'Діма','2021-07-01 14:58:50','Київська область - Вінниця, Вінницька область, Україна - Хмельницький, Хмельницька область, Україна - Волинська область 23 грн/км'),(439,14,3,'Діма','2021-07-01 14:59:14','очікування'),(440,14,1,'Діма','2021-07-01 15:01:13','Дніпропетровська область - Київська область 22 грн/км'),(441,14,3,'Діма','2021-07-01 15:04:40','очікування'),(442,14,6,'Діма','2021-07-01 15:04:44','відміна Славянск, Донецька область, Україна - Славянск, Донецька область, Україна 0 грн/км'),(443,14,1,'Діма','2021-07-01 15:05:03','Донецька область - Київська область 15 грн/км'),(444,15,1,'Влад','2021-07-02 08:20:26','Дніпропетровська область - Львівська область 0 грн/км'),(445,15,1,'Влад','2021-07-02 08:21:02','Київська область - Київська область 0 грн/км'),(446,15,1,'Влад','2021-07-02 08:27:21','Київська обл. - Одеська область 0 грн/км'),(447,15,1,'Влад','2021-07-02 08:27:45','Одеська область - Київська область 0 грн/км'),(448,15,6,'Влад','2021-07-02 08:28:07','відміна Кременець, Тернопільська область, Україна - Копилів, Київська область, Україна 22 грн/км'),(449,15,1,'Влад','2021-07-02 08:28:25','Тернопільська область - Одеська область 0 грн/км'),(450,15,4,'Влад','2021-07-02 08:31:01','Київська область - Київська область 0 грн/км'),(451,15,4,'Влад','2021-07-02 08:31:51','Київська обл. - Київська область 0 грн/км'),(452,14,3,'Діма','2021-07-02 18:41:44','очікування'),(453,14,3,'Діма','2021-07-02 18:41:51','очікування'),(454,14,6,'Діма','2021-07-02 18:41:54','відміна Київ, Україна - Київ, Україна 0 грн/км'),(455,14,1,'Діма','2021-07-02 18:42:16','Київська область - Одеська область 21 грн/км'),(456,15,4,'Влад','2021-07-02 18:42:30','Миколаївська область - Київська область 0 грн/км'),(457,14,1,'Діма','2021-07-02 18:42:35','Волинська область - Київська область 20 грн/км'),(458,14,3,'Діма','2021-07-02 18:43:06','очікування'),(459,14,1,'Діма','2021-07-02 18:43:24','Одеська область - Київська область 15 грн/км'),(460,15,4,'Влад','2021-07-02 18:43:48','Київська область - Харківська область 19 грн/км'),(461,15,4,'Влад','2021-07-02 18:45:58','Дніпропетровська область - Житомирська область 0 грн/км'),(462,15,4,'Влад','2021-07-02 18:47:00','Житомирська область - Харківська область 25 грн/км'),(463,15,4,'Влад','2021-07-02 18:48:26','Одеська область - Київська область 0 грн/км'),(464,15,4,'Влад','2021-07-02 18:49:43','Київська обл. - Кіровоградська область 0 грн/км'),(465,15,4,'Влад','2021-07-02 18:51:15','Кіровоградська область - Требухов, Київська область, Україна - Львівська область 13 грн/км'),(466,15,4,'Влад','2021-07-02 18:52:25','Київська обл. - Київська обл. 0 грн/км'),(467,15,4,'Влад','2021-07-02 19:08:24','Київська обл. - Кривий Ріг, Дніпропетровська область, Україна - Дніпропетровська область 21 грн/км'),(468,15,4,'Влад','2021-07-02 19:09:58','Житомирська область - Київська обл. 0 грн/км'),(469,15,4,'Влад','2021-07-02 19:11:25','Київська обл. - Одеська область 21 грн/км'),(470,15,4,'Влад','2021-07-02 19:12:15','Київська область - Запорізька область 0 грн/км'),(471,15,4,'Влад','2021-07-02 19:13:33','Запорізька область - Львівська область 15 грн/км'),(472,15,4,'Влад','2021-07-02 22:46:16','Київська область - Дніпропетровська область 0 грн/км'),(473,15,4,'Влад','2021-07-02 22:46:50','Дніпропетровська область - Хмельницька область 12 грн/км'),(474,15,4,'Влад','2021-07-02 22:48:19','Київська область - Херсонська область 20 грн/км'),(475,15,4,'Влад','2021-07-02 22:48:45','Херсонська область - Київська обл. 19 грн/км'),(476,15,4,'Влад','2021-07-02 22:50:33','Київська область - Львівська область 0 грн/км'),(477,15,4,'Влад','2021-07-02 22:53:16','Київська область - Миколаївська область 0 грн/км'),(478,15,4,'Влад','2021-07-02 22:54:12','Миколаївська область - Великі Копані, Херсонська область, Україна - Київська обл. 18 грн/км'),(479,15,4,'Влад','2021-07-02 22:56:06','Київська область - Херсонська область 0 грн/км'),(480,15,4,'Влад','2021-07-02 22:57:02','Херсонська область - Київська обл. 16 грн/км'),(481,14,3,'Діма','2021-07-05 15:38:57','очікування'),(482,14,3,'Діма','2021-07-05 15:39:03','очікування'),(483,14,3,'Діма','2021-07-05 15:39:12','очікування'),(484,14,3,'Діма','2021-07-05 15:39:19','очікування'),(485,14,3,'Діма','2021-07-05 15:39:29','очікування'),(486,14,3,'Діма','2021-07-05 15:39:39','очікування'),(487,14,6,'Діма','2021-07-05 15:39:43','відміна Київ, Україна - Київ, Україна 0 грн/км'),(488,14,3,'Діма','2021-07-05 15:39:50','очікування'),(489,14,6,'Діма','2021-07-05 15:40:06','відміна Київ, Україна - Київ, Україна 0 грн/км'),(490,14,1,'Діма','2021-07-05 15:40:20','Київська область - Запорізька область 17 грн/км'),(491,14,3,'Діма','2021-07-05 15:40:28','очікування'),(492,14,3,'Діма','2021-07-05 15:40:32','очікування'),(493,14,1,'Діма','2021-07-05 15:40:47','Київська область - Одеська область 21 грн/км'),(494,14,3,'Діма','2021-07-05 15:40:53','очікування'),(495,15,1,'Влад','2021-07-05 15:41:39','Київська область - Одеська область 21 грн/км'),(496,15,1,'Влад','2021-07-05 16:14:03','Львівська область - Одеська область 0 грн/км'),(497,15,1,'Влад','2021-07-05 16:14:52','Одеська область - Івано-Франківська область 0 грн/км'),(498,15,6,'Влад','2021-07-05 16:16:39','відміна Одесса, Одеська область, Україна - Ивано-Франковск, Івано-Франківська область, Україна 0 грн/км'),(499,15,1,'Влад','2021-07-05 16:17:04','Одеська область - Львівська область 0 грн/км'),(500,15,1,'Влад','2021-07-05 16:18:55','Львівська область - Київська область 14 грн/км'),(501,15,1,'Влад','2021-07-05 16:21:09','Одеська область - Київська обл. 0 грн/км'),(502,15,1,'Влад','2021-07-05 16:24:21','Київська область - Одесса, Одеська область, Україна - Миколаївська область 20 грн/км'),(503,15,4,'Влад','2021-07-05 16:26:51','Львівська область - Одеська область 0 грн/км'),(504,15,3,'Влад','2021-07-05 16:27:36','очікування'),(505,15,4,'Влад','2021-07-05 16:28:09','Київська область - Львівська область 0 грн/км'),(506,15,4,'Влад','2021-07-05 16:33:34','Львівська область - Маяки, Одеська область, Україна - Київська область 6 грн/км'),(507,15,6,'Влад','2021-07-05 16:34:22','відміна Львів, Львівська область, Україна - Киев, Україна 6 грн/км'),(508,15,4,'Влад','2021-07-05 16:34:56','Львівська область - Маяки, Волинська область, Україна - Київська область 13 грн/км'),(509,15,4,'Влад','2021-07-05 16:35:40','Київська область - Колонщина, Київська область, Україна - Одеська область 0 грн/км'),(510,15,6,'Влад','2021-07-05 16:36:29','відміна вулиця Академіка Бутлерова, 8, Київ, 02000 - Одесса, Одеська область, Україна 0 грн/км'),(511,15,4,'Влад','2021-07-05 16:38:42','Київська область - Колонщина, Київська область, Україна - Одеська область 19 грн/км'),(512,15,4,'Влад','2021-07-05 17:02:57','Київська область - Бровары, Київська область, Україна - Львівська область 17 грн/км'),(513,15,4,'Влад','2021-07-05 17:06:50','Київська область - Одеська область 21 грн/км'),(514,15,4,'Влад','2021-07-05 17:09:09','Київська область - Черкаська область 0 грн/км'),(515,14,1,'Діма','2021-07-05 18:20:55','Одеська область - Львівська область 17 грн/км'),(516,14,1,'Діма','2021-07-05 18:21:20','Львівська область - Волинська область 0 грн/км'),(517,14,1,'Діма','2021-07-05 18:21:33','Волинська область - Київська область 20 грн/км'),(518,14,3,'Діма','2021-07-05 18:24:40','очікування'),(519,14,3,'Діма','2021-07-05 18:24:52','очікування'),(520,14,5,'Діма','2021-07-05 18:25:47','Харківська область - Київська область 13 грн/км'),(521,14,4,'Діма','2021-07-05 18:25:54','Харківська область - Київська область 13 грн/км'),(522,14,3,'Діма','2021-07-05 18:29:26','очікування'),(523,14,6,'Діма','2021-07-05 18:29:34','відміна Васищево, Харківська область, Україна - Васищево, Харківська область, Україна 0 грн/км'),(524,14,4,'Діма','2021-07-05 18:31:08','Харківська область - Київська обл. 12 грн/км'),(525,14,3,'Діма','2021-07-05 18:31:32','очікування'),(526,14,3,'Діма','2021-07-05 18:31:43','очікування'),(527,15,4,'Влад','2021-07-05 18:33:38','Хмельницька область - Дніпропетровська область 0 грн/км'),(528,15,4,'Влад','2021-07-05 18:33:51','Дніпропетровська область - Хмельницька область 12 грн/км'),(529,14,6,'Діма','2021-07-05 18:34:18','відміна Одесса, Одеська область, Україна - Киев, Україна 0 грн/км'),(530,14,4,'Діма','2021-07-05 18:34:44','Одеська область - Київська область 16 грн/км'),(531,14,3,'Діма','2021-07-05 18:34:56','очікування'),(532,14,3,'Діма','2021-07-05 18:35:04','очікування'),(533,15,4,'Влад','2021-07-05 18:35:07','Київська обл. - Херсонська область 0 грн/км'),(534,14,3,'Діма','2021-07-05 18:35:10','очікування'),(535,15,4,'Влад','2021-07-05 18:36:34','Херсонська область - Київська обл. 0 грн/км'),(536,14,4,'Діма','2021-07-05 18:36:39','Львівська область - Київська обл. 14 грн/км'),(537,14,3,'Діма','2021-07-05 18:36:47','очікування'),(538,14,3,'Діма','2021-07-05 18:36:57','очікування'),(539,14,3,'Діма','2021-07-05 18:37:04','очікування'),(540,15,4,'Влад','2021-07-05 18:37:44','Київська обл. - Одеська область 0 грн/км'),(541,14,4,'Діма','2021-07-05 18:38:13','Дніпропетровська область - Київська обл. 14 грн/км'),(542,15,4,'Влад','2021-07-05 18:38:29','Одеська область - Київська обл. 18 грн/км'),(543,14,4,'Діма','2021-07-05 18:38:48','Одеська область - Київська обл. 15 грн/км'),(544,14,4,'Діма','2021-07-05 18:39:18','Львівська область - Київська обл. 15 грн/км'),(545,14,4,'Діма','2021-07-05 18:39:57','Київська область - Дніпропетровська область 30 грн/км'),(546,14,6,'Діма','2021-07-05 18:40:16','відміна Киев, Україна - Кривой Рог, Дніпропетровська область, Україна 30 грн/км'),(547,14,4,'Діма','2021-07-05 18:40:40','Київська область - Кривой Рог, Дніпропетровська область, Україна - Дніпропетровська область 22 грн/км'),(548,15,4,'Влад','2021-07-05 18:46:11','Київська область - Дніпропетровська область 0 грн/км'),(549,15,4,'Влад','2021-07-05 18:46:32','Дніпропетровська область - Київська обл. 15 грн/км'),(550,14,3,'Діма','2021-07-05 18:49:14','очікування'),(551,14,4,'Діма','2021-07-05 18:49:44','Черкаська область - Київська область 26 грн/км'),(552,14,3,'Діма','2021-07-05 18:49:56','очікування'),(553,14,3,'Діма','2021-07-05 18:50:46','очікування'),(554,14,1,'Діма','2021-07-06 09:40:50','Запорізька область - Черкассы, Черкаська область, Україна - Київська обл. 17 грн/км'),(555,14,1,'Діма','2021-07-06 11:05:35','Київська область - Одеська область 20 грн/км'),(556,14,6,'Діма','2021-07-06 11:05:48','відміна Одесса, Одеська область, Україна - Львів, Львівська область, Україна 17 грн/км'),(557,14,6,'Діма','2021-07-06 11:05:52','відміна Львів, Львівська область, Україна - Луцьк, Волинська область, Україна 0 грн/км'),(558,14,6,'Діма','2021-07-06 11:05:54','відміна Луцьк, Волинська область, Україна - Київ, Україна 20 грн/км'),(559,14,6,'Діма','2021-07-06 11:06:02','відміна Київ, Україна - Одесса, Одеська область, Україна 21 грн/км'),(560,14,1,'Діма','2021-07-06 11:06:19','Київська область - Рівне, Рівненська область, Україна - Львівська область 19 грн/км'),(561,14,1,'Діма','2021-07-06 11:06:31','Львівська область - Волинська область 0 грн/км'),(562,14,1,'Діма','2021-07-06 11:06:51','Волинська область - Київська область 20 грн/км'),(563,14,1,'Діма','2021-07-06 12:32:37','Київська область - Одеська область 20 грн/км'),(564,14,5,'Діма','2021-07-06 12:33:17','Миколаївська область - Одесса, Одеська область, Україна - Київська обл. 11 грн/км'),(565,15,1,'Влад','2021-07-06 14:01:57','Київська обл. - Дніпропетровська область 21 грн/км'),(566,15,4,'Влад','2021-07-06 14:04:01','Хмельницька область - Колонщина, Київська область, Україна - Кривой Рог, Дніпропетровська область, Україна - Дніпропетровська область 14 грн/км'),(567,15,4,'Влад','2021-07-06 14:18:54','Одеська область - Львівська область 17 грн/км'),(568,15,4,'Влад','2021-07-06 14:33:02','Одеська область - Львів, Львівська область, Україна - Закарпатська область 16 грн/км'),(569,14,7,'Діма','2021-07-06 17:17:44','ТРОПІК доданий в систему'),(570,13,5,'Антон','2021-07-07 08:25:07','Львівська область - Херсонська область 0 грн/км'),(571,13,5,'Антон','2021-07-07 08:25:22','Львівська область - Рівненська область 24 грн/км'),(572,13,4,'Антон','2021-07-07 11:14:55','Київська область - Львівська область 0 грн/км'),(573,13,4,'Антон','2021-07-07 11:22:16','Київська область - Одеська область 0 грн/км'),(574,14,1,'Діма','2021-07-07 11:32:48','Одеська область - Київська область 15 грн/км'),(575,14,3,'Діма','2021-07-07 11:32:55','очікування'),(576,14,6,'Діма','2021-07-07 11:32:59','відміна Білгород-Дністровський, Одеська область, Україна - Білгород-Дністровський, Одеська область, Україна 0 грн/км'),(577,14,1,'Діма','2021-07-07 11:33:12','Одеська область - Київська область 13 грн/км'),(578,14,1,'Діма','2021-07-07 11:34:32','Київська обл. - Київська область 0 грн/км'),(579,14,3,'Діма','2021-07-07 11:34:42','очікування'),(580,14,6,'Діма','2021-07-07 11:35:05','відміна Київ, Україна - Київ, Україна 0 грн/км'),(581,14,1,'Діма','2021-07-07 11:35:51','Київська область - Луцьк, Волинська область, Україна - Ковель, Волинська область, Україна - Львівська область 25 грн/км'),(582,14,3,'Діма','2021-07-08 10:18:06','очікування'),(583,14,6,'Діма','2021-07-08 10:18:11','відміна Киев, Україна - Киев, Україна 0 грн/км'),(584,14,1,'Діма','2021-07-08 10:19:05','Київська область - Одеська область 20 грн/км'),(585,14,1,'Діма','2021-07-08 10:19:39','Київська область - Одеська область 20 грн/км'),(586,14,3,'Діма','2021-07-08 10:19:48','очікування'),(587,15,4,'Влад','2021-07-08 10:57:53','Дніпропетровська область - Київська область 15 грн/км'),(588,15,4,'Влад','2021-07-08 11:17:10','Львівська область - Маяки, Одеська область, Україна - Київська область 6 грн/км'),(589,15,3,'Влад','2021-07-08 11:45:15','очікування'),(590,15,6,'Влад','2021-07-08 11:45:38','відміна Одесса, Одеська область, Україна - Одесса, Одеська область, Україна 0 грн/км'),(591,15,4,'Влад','2021-07-08 11:48:27','Одеська область - Львівська область 0 грн/км'),(592,15,4,'Влад','2021-07-08 11:49:05','Львівська область - Київська обл. 15 грн/км'),(593,15,4,'Влад','2021-07-08 11:58:29','Київська обл. - Борисполь, Київська область, Україна - Одеська область 22 грн/км'),(594,15,4,'Влад','2021-07-08 12:09:37','Київська область - Одеська область 22 грн/км'),(595,15,4,'Влад','2021-07-08 12:11:32','Львівська область - Малехов, Львівська область, Україна - Вінницька область 19 грн/км'),(596,15,4,'Влад','2021-07-08 12:15:26','Дніпропетровська область - Водяне, Дніпропетровська область, Україна - Київська обл. 26 грн/км'),(597,15,4,'Влад','2021-07-08 12:23:38','Київська обл. - Тарасовка, Київська область, Україна - Днепр, Дніпропетровська область, Україна - Запорізька область 23 грн/км'),(598,15,4,'Влад','2021-07-08 12:25:15','Київська обл. - Требухов, Київська область, Україна - Хмельницька область 19 грн/км'),(599,15,1,'Влад','2021-07-08 12:37:21','Одеська область - Молодіжне, Одеська область, Україна - Київська обл. 13 грн/км'),(600,15,1,'Влад','2021-07-08 12:38:15','Одеська область - Чорноморськ, Одеська область, Україна - Київська обл. 13 грн/км'),(601,15,1,'Влад','2021-07-08 12:38:44','Київська область - Вінницька область 28 грн/км'),(602,15,1,'Влад','2021-07-08 12:41:55','Дніпропетровська область - Одеська область 20 грн/км'),(603,14,1,'Діма','2021-07-09 11:20:27','Одеська область - Київська область 15 грн/км'),(604,16,3,'Саша','2021-07-12 09:16:42','очікування'),(605,16,3,'Саша','2021-07-12 09:18:39','очікування'),(606,16,6,'Саша','2021-07-12 09:18:47','відміна Киев, Україна - Киев, Україна 0 грн/км'),(607,16,1,'Саша','2021-07-12 11:21:05','Київська область - Одеська область 21 грн/км'),(608,16,1,'Саша','2021-07-12 11:24:06','Київська область - Хмельницька область 21 грн/км'),(609,16,1,'Саша','2021-07-12 11:24:42','Київська область - Одеська область 21 грн/км'),(610,14,3,'Діма','2021-07-12 11:33:37','очікування'),(611,14,3,'Діма','2021-07-12 11:33:42','очікування'),(612,14,3,'Діма','2021-07-12 11:33:48','очікування'),(613,14,4,'Діма','2021-07-12 14:26:37','Одеська область - Київська область 22 грн/км'),(614,14,4,'Діма','2021-07-12 14:27:24','Львівська область - Дніпропетровська область 15 грн/км'),(615,14,3,'Діма','2021-07-12 14:29:31','очікування'),(616,14,6,'Діма','2021-07-12 14:29:53','відміна Дніпро, Дніпропетровська область, Україна - Дніпро, Дніпропетровська область, Україна 0 грн/км'),(617,14,4,'Діма','2021-07-12 14:30:25','Дніпропетровська область - Водяне, Запорізька область, Україна - Київська обл. 20 грн/км'),(618,14,4,'Діма','2021-07-12 14:31:02','Київська область - Одеська область 21 грн/км'),(619,14,5,'Діма','2021-07-12 14:31:40','Одеська область - Дніпропетровська область 19 грн/км'),(620,14,4,'Діма','2021-07-12 14:33:36','Одеська область - Дніпропетровська область 19 грн/км'),(621,16,1,'Саша','2021-07-12 14:54:47','Київська область - Сумська область 22 грн/км'),(622,14,6,'Діма','2021-07-12 16:45:10','відміна Одесса, Одеська область, Україна - Днепр, Дніпропетровська область, Україна 19 грн/км'),(623,14,5,'Діма','2021-07-12 16:45:41','Одеська область - Дніпропетровська область 19 грн/км'),(624,14,4,'Діма','2021-07-12 16:45:49','Одеська область - Дніпропетровська область 19 грн/км'),(625,16,3,'Саша','2021-07-12 17:16:12','очікування'),(626,16,6,'Саша','2021-07-12 17:16:16','відміна Требухов, Київська область, Україна - Требухов, Київська область, Україна 0 грн/км'),(627,16,1,'Саша','2021-07-12 17:16:28','Київська обл. - Миколаївська область 18 грн/км'),(628,16,6,'Саша','2021-07-12 17:16:35','відміна Требухов, Київська область, Україна - Требухов, Київська область, Україна 0 грн/км'),(629,16,1,'Саша','2021-07-12 17:16:49','Київська обл. - Київська область 0 грн/км'),(630,16,6,'Саша','2021-07-12 17:16:55','відміна Требухов, Київська область, Україна - Миколаїв, Миколаївська область, Україна 18 грн/км'),(631,16,3,'Саша','2021-07-12 17:17:18','очікування'),(632,16,6,'Саша','2021-07-12 17:17:22','відміна улица Академика Бутлерова, Київ, Україна - улица Академика Бутлерова, Київ, Україна 0 грн/км'),(633,16,1,'Саша','2021-07-12 17:17:41','Київська область - Беспятное, Київська область, Україна - Миколаївська область 18 грн/км'),(634,16,1,'Саша','2021-07-12 17:18:09','Одеська область - Харківська область 20 грн/км'),(635,16,1,'Саша','2021-07-12 17:18:30','Київська область - Одеська область 21 грн/км'),(636,16,1,'Саша','2021-07-12 17:19:40','Сумська область - Київська обл. 14 грн/км'),(637,16,1,'Саша','2021-07-12 17:20:04','Дніпропетровська область - Красиловка, Київська область, Україна - Київська обл. 16 грн/км'),(638,16,1,'Саша','2021-07-12 17:20:59','Хмельницька область - Красилів, Хмельницька область, Україна - Херсонська область 17 грн/км'),(639,16,6,'Саша','2021-07-12 17:24:40','відміна вулиця Академіка Бутлерова, 8, Київ, 02000 - Хмельницький, Хмельницька область, Україна 21 грн/км'),(640,16,1,'Саша','2021-07-12 17:25:09','Київська область - Хмельницька область 26 грн/км'),(641,14,4,'Діма','2021-07-12 17:27:54','Дніпропетровська область - Водяне, Запорізька область, Україна - Київська обл. 20 грн/км'),(642,14,6,'Діма','2021-07-12 17:28:02','відміна Дніпро, Дніпропетровська область, Україна - Бровары, Київська область, Україна 20 грн/км'),(643,16,5,'Саша','2021-07-12 17:29:47','Київська обл. - вулиця Богатирська, 3, Київ, Україна - Львівська область 20 грн/км'),(644,16,1,'Саша','2021-07-12 17:30:01','Київська обл. - вулиця Богатирська, 3, Київ, Україна - Львівська область 20 грн/км'),(645,16,1,'Саша','2021-07-12 17:30:25','Львівська область - Харківська область 15 грн/км'),(646,15,5,'Влад','2021-07-12 21:31:51','Київська обл. - Волинська область 20 грн/км'),(647,15,1,'Влад','2021-07-12 21:32:35','Київська обл. - Волинська область 20 грн/км'),(648,15,1,'Влад','2021-07-12 21:35:00','Київська обл. - Київська область 0 грн/км'),(649,15,1,'Влад','2021-07-12 21:44:21','Вінницька область - Барановка, Житомирська область, Україна - Запорізька область 14 грн/км'),(650,15,1,'Влад','2021-07-12 22:01:19','Запорізька область - Ивано-Франковск, Івано-Франківська область, Україна - Закарпатська область 18 грн/км'),(651,15,1,'Влад','2021-07-12 22:02:58','Київська область - Киев, Україна - Одеська область 23 грн/км'),(652,15,1,'Влад','2021-07-12 22:08:26','Закарпатська область - Копилів, Київська область, Україна - Київська область 13 грн/км'),(653,15,1,'Влад','2021-07-12 22:10:56','Одеська область - Днепр, Дніпропетровська область, Україна - Бровары, Київська область, Україна - Київська область 17 грн/км'),(654,15,1,'Влад','2021-07-12 22:12:29','Миколаївська область - Львівська область 0 грн/км'),(655,15,1,'Влад','2021-07-12 22:12:54','Львівська область - Кіровоградська область 19 грн/км'),(656,15,1,'Влад','2021-07-12 22:14:36','Київська обл. - Белогородка, Київська область, Україна - Харківська область 21 грн/км'),(657,15,1,'Влад','2021-07-12 22:18:51','Одеська область - Софиевская Борщаговка, Київська область, Україна - Бровары, Київська область, Україна - Львівська область 15 грн/км'),(658,16,1,'Саша','2021-07-13 09:05:05','Київська обл. - Київська область 0 грн/км'),(659,16,1,'Саша','2021-07-13 09:05:05','Київська обл. - Київська область 0 грн/км'),(660,16,3,'Саша','2021-07-13 09:05:24','очікування'),(661,16,6,'Саша','2021-07-13 09:05:34','відміна вулиця Академіка Бутлерова, 8, Київ, Україна - вулиця Академіка Бутлерова, 8, Київ, Україна 0 грн/км'),(662,16,1,'Саша','2021-07-13 09:06:10','Київська область - Софиевская Борщаговка, Київська область, Україна - Умань, Черкаська область, Україна - Одеська область 19 грн/км'),(663,16,1,'Саша','2021-07-13 09:07:24','Одеська область - Дніпропетровська область 19 грн/км'),(664,16,1,'Саша','2021-07-13 09:09:43','Одеська область - Київська область 15 грн/км'),(665,14,3,'Діма','2021-07-13 09:16:03','очікування'),(666,16,1,'Саша','2021-07-13 09:19:21','Одеська область - Чорноморськ, Одеська область, Україна - Велика Олександрівка, Київська область, Україна - Київська обл. 15 грн/км'),(667,16,1,'Саша','2021-07-13 09:19:36','Київська обл. - Київська область 0 грн/км'),(668,16,3,'Саша','2021-07-13 09:20:07','очікування'),(669,16,6,'Саша','2021-07-13 09:20:16','відміна вулиця Академіка Бутлерова, 8, Київ, Україна - вулиця Академіка Бутлерова, 8, Київ, Україна 0 грн/км'),(670,16,3,'Саша','2021-07-13 09:20:27','очікування'),(671,16,6,'Саша','2021-07-13 09:20:33','відміна вулиця Академіка Бутлерова, 8, Київ, Україна - вулиця Академіка Бутлерова, 8, Київ, Україна 0 грн/км'),(672,16,1,'Саша','2021-07-13 09:56:42','Київська область - Житомир, Житомирська область, Україна - Вінниця, Вінницька область, Україна - Херсонська область 21 грн/км'),(673,16,1,'Саша','2021-07-13 09:57:41','Одеська область - Молодежное, Одеська область, Україна - Київська обл. 13 грн/км'),(674,16,1,'Саша','2021-07-13 09:57:53','Київська обл. - Київська область 0 грн/км'),(675,16,1,'Саша','2021-07-13 10:04:22','Київська область - Святошинський район, Київ, Україна - улица Пироговский шлях, Київ, Україна - Полтавська область 17 грн/км'),(676,16,1,'Саша','2021-07-13 10:04:42','Полтавська область - Одеська область 22 грн/км'),(677,16,1,'Саша','2021-07-13 10:20:02','Вінницька область - Іллінці, Вінницька область, Україна - Закарпатська область 15 грн/км'),(678,16,1,'Саша','2021-07-13 10:22:38','Закарпатська область - Поляна, Закарпатська область, Україна - Черкаська область 13 грн/км'),(679,16,1,'Саша','2021-07-13 10:29:00','Черкаська область - Степанці, Черкаська область, Україна - Дніпропетровська область 18 грн/км'),(680,15,1,'Влад','2021-07-13 10:41:56','Київська область - Борисполь, Київська область, Україна - Носковцы, Вінницька область, Україна - Київська обл. 22 грн/км'),(681,16,1,'Саша','2021-07-13 10:55:53','Дніпропетровська область - Вольногорск, Дніпропетровська область, Україна - Запорізька область 19 грн/км'),(682,15,1,'Влад','2021-07-13 11:27:21','Волинська область - Київська область 20 грн/км'),(683,16,3,'Саша','2021-07-13 12:07:50','очікування'),(684,16,6,'Саша','2021-07-13 12:07:55','відміна Геническ, Херсонська область, Україна - Геническ, Херсонська область, Україна 0 грн/км'),(685,16,3,'Саша','2021-07-13 13:35:42','очікування'),(686,16,6,'Саша','2021-07-13 13:35:46','відміна Копилів, Київська область, Україна - Копилів, Київська область, Україна 0 грн/км'),(687,16,3,'Саша','2021-07-13 13:36:01','очікування'),(688,16,6,'Саша','2021-07-13 13:36:05','відміна Копилів, Київська область, Україна - Копилів, Київська область, Україна 0 грн/км'),(689,16,3,'Саша','2021-07-13 13:36:16','очікування'),(690,16,6,'Саша','2021-07-13 13:36:19','відміна Копилів, Київська область, Україна - Копилів, Київська область, Україна 0 грн/км'),(691,16,1,'Саша','2021-07-13 13:37:20','Київська обл. - Новоолександрівка, Дніпропетровська область, Україна - Красилівка, Київська область, Україна - Київська обл. 17 грн/км'),(692,17,3,'Лёша','2021-07-13 14:41:13','очікування'),(693,17,1,'Лёша','2021-07-13 14:42:03','Кіровоградська область - Київська область 0 грн/км'),(694,17,1,'Лёша','2021-07-13 14:47:38','Київська область - Вишневое, Київська область, Україна - Херсонська область 19 грн/км'),(695,16,3,'Саша','2021-07-13 14:48:34','очікування'),(696,17,1,'Лёша','2021-07-13 14:48:34','Київська обл. - Колонщина, Київська область, Україна - Одеська область 18 грн/км'),(697,16,3,'Саша','2021-07-13 14:48:48','очікування'),(698,17,3,'Лёша','2021-07-13 14:49:01','очікування'),(699,17,3,'Лёша','2021-07-13 14:49:11','очікування'),(700,16,3,'Саша','2021-07-13 14:49:18','очікування'),(701,17,3,'Лёша','2021-07-13 14:49:37','очікування'),(702,17,1,'Лёша','2021-07-13 14:50:25','Київська обл. - Кривой Рог, Дніпропетровська область, Україна - Днепр, Дніпропетровська область, Україна - Запорізька область 20 грн/км'),(703,17,1,'Лёша','2021-07-13 14:51:03','Хмельницька область - Миколаївська область 0 грн/км'),(704,17,1,'Лёша','2021-07-13 14:51:54','Запорізька область - Київська обл. 0 грн/км'),(705,17,1,'Лёша','2021-07-13 14:53:32','Київська обл. - Днепр, Дніпропетровська область, Україна - Запорожье, Запорізька область, Україна - Донецька область 24 грн/км'),(706,17,1,'Лёша','2021-07-13 14:54:26','Київська обл. - Хмельницька область 0 грн/км'),(707,17,3,'Лёша','2021-07-13 14:54:46','очікування'),(708,17,1,'Лёша','2021-07-13 14:55:12','Львівська область - Київська область 0 грн/км'),(709,17,3,'Лёша','2021-07-13 14:55:18','очікування'),(710,17,1,'Лёша','2021-07-13 14:57:16','Херсонська область - Дніпропетровська область 0 грн/км'),(711,17,3,'Лёша','2021-07-13 14:57:24','очікування'),(712,17,1,'Лёша','2021-07-13 14:58:04','Київська область - Колонщина, Київська область, Україна - Львівська область 17 грн/км'),(713,17,1,'Лёша','2021-07-13 14:58:39','Київська область - Житомир, Житомирська область, Україна - Одеська область 27 грн/км'),(714,17,1,'Лёша','2021-07-13 14:59:14','Київська область - Харківська область 0 грн/км'),(715,16,1,'Саша','2021-07-13 15:28:09','Одеська область - Бурлачья Балка, Одеська область, Україна - Харківська область 17 грн/км'),(716,15,1,'Влад','2021-07-13 15:39:00','Київська область - Колонщина, Київська область, Україна - Кривой Рог, Дніпропетровська область, Україна - Дніпропетровська область 20 грн/км'),(717,15,1,'Влад','2021-07-13 15:43:36','Київська область - Одеська область 0 грн/км'),(718,15,3,'Влад','2021-07-13 15:47:21','очікування'),(719,15,3,'Влад','2021-07-13 15:47:28','очікування'),(720,15,3,'Влад','2021-07-13 15:47:36','очікування'),(721,15,3,'Влад','2021-07-13 15:47:44','очікування'),(722,15,3,'Влад','2021-07-13 15:47:56','очікування'),(723,16,1,'Саша','2021-07-13 16:13:23','Миколаївська область - Київська обл. 17 грн/км'),(724,16,1,'Саша','2021-07-13 16:50:13','Дніпропетровська область - Одеська область 21 грн/км'),(725,16,1,'Саша','2021-07-13 17:02:21','Київська область - Квітневе, Київська область, Україна - Столичное шоссе, Київ, Україна - Одеська область 20 грн/км'),(726,16,1,'Саша','2021-07-13 17:17:19','Київська обл. - Київська область 816 грн/км'),(727,16,6,'Саша','2021-07-13 17:17:29','відміна Вишневое, Київська область, Україна - улица Алябьева, Київ, Україна 816 грн/км'),(728,16,1,'Саша','2021-07-13 17:18:36','Київська обл. - улица Алябьева, Київ, Україна - Закарпатська область 21 грн/км'),(729,16,6,'Саша','2021-07-13 17:45:58','відміна Миколаїв, Миколаївська область, Україна - Копилів, Київська область, Україна 17 грн/км'),(730,16,1,'Саша','2021-07-13 17:48:00','Миколаївська область - Котляреве, Миколаївська область, Україна - Харків, Харківська область, Україна - Сумська область 15 грн/км'),(731,16,1,'Саша','2021-07-14 09:32:42','Херсонська область - Каховка, Херсонська область, Україна - Миколаїв, Миколаївська область, Україна - Київська обл. 14 грн/км'),(732,16,1,'Саша','2021-07-14 09:55:50','Запорізька область - Білогородка, Київська область, Україна - Київська обл. 16 грн/км'),(733,16,6,'Саша','2021-07-14 10:00:53','відміна Львів, Львівська область, Україна - Харків, Харківська область, Україна 15 грн/км'),(734,16,1,'Саша','2021-07-14 10:07:11','Львівська область - Харківська область 15 грн/км'),(735,16,1,'Саша','2021-07-14 10:07:31','Харківська область - Харківська область 0 грн/км'),(736,16,6,'Саша','2021-07-14 10:30:03','відміна Хортиця, Запорізька область, Україна - Квітневе, Київська область, Україна 16 грн/км'),(737,14,3,'Діма','2021-07-14 10:44:34','очікування'),(738,14,3,'Діма','2021-07-14 10:45:45','очікування'),(739,15,1,'Влад','2021-07-14 11:04:55','Київська область - Івано-Франківська область 26 грн/км'),(740,17,3,'Лёша','2021-07-14 11:06:40','очікування'),(741,15,6,'Влад','2021-07-14 11:06:40','відміна Нерубайское, Одеська область, Україна - Нерубайское, Одеська область, Україна 0 грн/км'),(742,17,6,'Лёша','2021-07-14 11:06:54','відміна Днепр, Дніпропетровська область, Україна - Днепр, Дніпропетровська область, Україна 0 грн/км'),(743,17,3,'Лёша','2021-07-14 11:07:05','очікування'),(744,15,1,'Влад','2021-07-14 11:07:54','Одеська область - Великодолинское, Одеська область, Україна - Київська обл. 14 грн/км'),(745,17,1,'Лёша','2021-07-14 11:08:11','Херсонська область - Київська обл. 18 грн/км'),(746,17,1,'Лёша','2021-07-14 11:09:42','Дніпропетровська область - Покров, Дніпропетровська область, Україна - Київська обл. 16 грн/км'),(747,17,1,'Лёша','2021-07-14 11:11:22','Київська область - Київська область 0 грн/км'),(748,17,3,'Лёша','2021-07-14 11:11:49','очікування'),(749,17,1,'Лёша','2021-07-14 11:12:34','Львівська область - Одеська область 19 грн/км'),(750,17,1,'Лёша','2021-07-14 11:13:30','Одеська область - Сумська область 18 грн/км'),(751,17,1,'Лёша','2021-07-14 11:15:41','Харківська область - Днепр, Дніпропетровська область, Україна - Київська область 16 грн/км'),(752,17,1,'Лёша','2021-07-14 11:15:59','Харківська область - Днепр, Дніпропетровська область, Україна - Київська область 52 грн/км'),(753,17,3,'Лёша','2021-07-14 11:16:05','очікування'),(754,17,1,'Лёша','2021-07-14 11:18:45','Донецька область - Хортиця, Запорізька область, Україна - Белогородка, Київська область, Україна - Київська обл. 35 грн/км'),(755,17,3,'Лёша','2021-07-14 11:18:57','очікування'),(756,17,3,'Лёша','2021-07-14 11:19:03','очікування'),(757,16,1,'Саша','2021-07-14 11:58:39','Харківська область - Тростянец, Сумська область, Україна - Сумы, Сумська область, Україна - Київська область 12 грн/км'),(758,16,1,'Саша','2021-07-14 11:59:04','Запорізька область - Одеська область 22 грн/км'),(759,16,1,'Саша','2021-07-14 14:53:45','Одеська область - Київська обл. 13 грн/км'),(760,16,1,'Саша','2021-07-14 14:54:00','Одеська область - Київська область 14 грн/км'),(761,16,1,'Саша','2021-07-14 14:54:10','Одеська область - Київська область 15 грн/км'),(762,16,6,'Саша','2021-07-14 14:54:19','відміна Одесса, Одеська область, Україна - Столичное шоссе, Київ, Україна 15 грн/км'),(763,16,1,'Саша','2021-07-14 14:54:49','Одеська область - Бурлачья Балка, Одеська область, Україна - Київська область 14 грн/км'),(764,16,1,'Саша','2021-07-14 15:57:53','Херсонська область - Покров, Дніпропетровська область, Україна - Харківська область 18 грн/км'),(765,13,3,'Антон','2021-07-14 16:04:54','очікування'),(766,15,1,'Влад','2021-07-14 16:17:24','Одеська область - Красиловка, Київська область, Україна - Перемога, Київська область, Україна - Київська область 13 грн/км'),(767,15,1,'Влад','2021-07-14 16:18:07','Львівська область - Київська обл. 16 грн/км'),(768,15,1,'Влад','2021-07-14 16:18:41','Київська обл. - Київська область 0 грн/км'),(769,15,1,'Влад','2021-07-14 16:20:29','Харківська область - Полтавська область 25 грн/км'),(770,15,6,'Влад','2021-07-14 16:20:41','відміна Харьков, Харківська область, Україна - Полтава, Полтавська область, Україна 25 грн/км'),(771,13,3,'Антон','2021-07-14 16:23:08','очікування'),(772,13,3,'Антон','2021-07-14 16:23:08','очікування'),(773,13,3,'Антон','2021-07-14 16:23:20','очікування'),(774,13,3,'Антон','2021-07-14 16:25:30','очікування'),(775,13,3,'Антон','2021-07-14 16:25:47','очікування'),(776,15,1,'Влад','2021-07-14 16:32:45','Дніпропетровська область - Львівська область 17 грн/км'),(777,15,1,'Влад','2021-07-14 16:36:11','Київська обл. - Чайки, Київська область, Україна - Миколаївська область 23 грн/км'),(778,15,6,'Влад','2021-07-14 16:36:37','відміна Белогородка, Київська область, Україна - Николаев, Миколаївська область, Україна 23 грн/км'),(779,15,1,'Влад','2021-07-14 16:37:03','Київська обл. - Київська область 0 грн/км'),(780,15,1,'Влад','2021-07-14 16:38:01','Київська область - Чайки, Київська область, Україна - Миколаївська область 22 грн/км'),(781,16,3,'Саша','2021-07-14 16:40:16','очікування'),(782,16,6,'Саша','2021-07-14 16:40:21','відміна Одесса, Одеська область, Україна - Одесса, Одеська область, Україна 0 грн/км'),(783,16,1,'Саша','2021-07-14 16:40:50','Одеська область - вулиця Желябова, 2, Одеса, Одеська область, Україна - Великодолинское, Одеська область, Україна - Київська обл. 14 грн/км'),(784,16,6,'Саша','2021-07-14 16:41:15','відміна Бурлачья Балка, Одеська область, Україна - Столичное шоссе, Київ, Україна 14 грн/км'),(785,16,3,'Саша','2021-07-14 16:41:22','очікування'),(786,15,3,'Влад','2021-07-14 16:42:04','очікування'),(787,15,6,'Влад','2021-07-14 16:42:15','відміна Красиловка, Київська область, Україна - Красиловка, Київська область, Україна 0 грн/км'),(788,15,1,'Влад','2021-07-14 16:42:46','Київська обл. - Носковцы, Вінницька область, Україна - Копилів, Київська область, Україна - Київська обл. 22 грн/км'),(789,15,6,'Влад','2021-07-14 16:47:10','відміна Харьков, Харківська область, Україна - Харьков, Харківська область, Україна 0 грн/км'),(790,15,1,'Влад','2021-07-14 16:47:34','Харківська область - Полтавська область 25 грн/км'),(791,15,1,'Влад','2021-07-14 16:51:48','Полтавська область - Київська обл. 11 грн/км'),(792,16,3,'Саша','2021-07-14 16:55:48','очікування'),(793,16,3,'Саша','2021-07-14 16:55:53','очікування'),(794,16,1,'Саша','2021-07-14 17:00:06','Харківська область - Днепр, Дніпропетровська область, Україна - Одеська область 19 грн/км'),(795,15,6,'Влад','2021-07-14 17:14:15','відміна Кропивни&#769;цкий, Кіровоградська область, Україна - Кропивни&#769;цкий, Кіровоградська область, Україна 0 грн/км'),(796,14,7,'Діма','2021-07-14 17:14:30','Вектор Каховка доданий в систему'),(797,15,1,'Влад','2021-07-14 17:16:34','Кіровоградська область - Александрия, Кіровоградська область, Україна - Київська обл. 14 грн/км'),(798,14,5,'Діма','2021-07-14 17:39:51','Київська область - Закарпатська область 19 грн/км'),(799,16,3,'Саша','2021-07-15 08:59:38','очікування'),(800,16,6,'Саша','2021-07-15 08:59:48','відміна Харків, Харківська область, Україна - Харків, Харківська область, Україна 0 грн/км'),(801,16,1,'Саша','2021-07-15 09:00:11','Харківська область - Київська область 12 грн/км'),(802,16,3,'Саша','2021-07-15 09:00:29','очікування'),(803,16,6,'Саша','2021-07-15 09:17:17','відміна Копилів, Київська область, Україна - Копилів, Київська область, Україна 0 грн/км'),(804,16,3,'Саша','2021-07-15 09:17:35','очікування'),(805,16,6,'Саша','2021-07-15 09:17:42','відміна Копилів, Київська область, Україна - Копилів, Київська область, Україна 0 грн/км'),(806,16,1,'Саша','2021-07-15 09:26:35','Київська обл. - Красиловка, Київська область, Україна - Новоолександрівка, Дніпропетровська область, Україна - Київська обл. 16 грн/км'),(807,16,1,'Саша','2021-07-15 09:28:02','Київська область - Київська область 0 грн/км'),(808,16,1,'Саша','2021-07-15 09:50:44','Київська область - Мартусовка, Київська область, Україна - Одеська область 20 грн/км'),(809,14,5,'Діма','2021-07-15 10:27:48','Київська область - Закарпатська область 19 грн/км'),(810,14,1,'Діма','2021-07-15 10:27:53','Київська область - Закарпатська область 19 грн/км'),(811,16,6,'Саша','2021-07-15 10:33:07','відміна Харків, Харківська область, Україна - Бурлачья Балка, Одеська область, Україна 19 грн/км'),(812,16,1,'Саша','2021-07-15 10:37:57','Сумська область - Сумська область 0 грн/км'),(813,16,1,'Саша','2021-07-15 10:38:30','Сумська область - Київська обл. 17 грн/км'),(814,16,1,'Саша','2021-07-15 10:57:51','Харківська область - Київська обл. 13 грн/км'),(815,13,3,'Антон','2021-07-15 11:58:22','очікування'),(816,13,3,'Антон','2021-07-15 11:58:30','очікування'),(817,13,3,'Антон','2021-07-15 11:58:37','очікування'),(818,13,3,'Антон','2021-07-15 11:58:47','очікування'),(819,13,3,'Антон','2021-07-15 11:58:53','очікування'),(820,13,3,'Антон','2021-07-15 11:59:02','очікування'),(821,13,3,'Антон','2021-07-15 11:59:08','очікування'),(822,13,3,'Антон','2021-07-15 11:59:46','очікування'),(823,13,3,'Антон','2021-07-15 11:59:51','очікування'),(824,13,3,'Антон','2021-07-15 11:59:56','очікування'),(825,13,3,'Антон','2021-07-15 12:00:03','очікування'),(826,13,3,'Антон','2021-07-15 12:00:07','очікування'),(827,15,1,'Влад','2021-07-15 12:28:37','Івано-Франківська область - Дніпропетровська область 16 грн/км'),(828,15,6,'Влад','2021-07-15 12:28:53','відміна Ивано-Франковск, Івано-Франківська область, Україна - Днипро, Дніпропетровська область, Україна 16 грн/км'),(829,15,1,'Влад','2021-07-15 12:29:54','Закарпатська область - Дніпропетровська область 13 грн/км'),(830,17,6,'Лёша','2021-07-15 12:48:08','відміна Киев, Україна - Киев, Україна 0 грн/км'),(831,17,1,'Лёша','2021-07-15 12:48:56','Київська область - Одеська область 24 грн/км'),(832,17,3,'Лёша','2021-07-15 12:49:30','очікування'),(833,17,1,'Лёша','2021-07-15 12:52:54','Київська обл. - Київська обл. 0 грн/км'),(834,17,3,'Лёша','2021-07-15 12:54:17','очікування'),(835,15,3,'Влад','2021-07-15 12:54:20','очікування'),(836,17,1,'Лёша','2021-07-15 12:55:09','Одеська область - Київська область 15 грн/км'),(837,17,1,'Лёша','2021-07-15 12:56:16','Запорізька область - Київська обл. 16 грн/км'),(838,17,3,'Лёша','2021-07-15 12:57:15','очікування'),(839,17,3,'Лёша','2021-07-15 12:57:24','очікування'),(840,17,1,'Лёша','2021-07-15 12:58:13','Київська область - Київська область 0 грн/км'),(841,17,1,'Лёша','2021-07-15 12:59:29','Миколаївська область - Тернопільська область 22 грн/км'),(842,17,1,'Лёша','2021-07-15 13:00:54','Хмельницька область - Київська область 21 грн/км'),(843,17,3,'Лёша','2021-07-15 13:01:49','очікування'),(844,16,3,'Саша','2021-07-15 14:37:52','очікування'),(845,16,1,'Саша','2021-07-15 14:49:38','Одеська область - Квітневе, Київська область, Україна - Київська обл. 16 грн/км'),(846,13,3,'Антон','2021-07-15 17:13:07','очікування'),(847,13,3,'Антон','2021-07-15 17:13:28','очікування'),(848,13,3,'Антон','2021-07-15 17:13:32','очікування'),(849,13,3,'Антон','2021-07-15 17:13:38','очікування'),(850,16,1,'Саша','2021-07-15 17:14:02','Одеська область - Великодолинское, Одеська область, Україна - Запорізька область 20 грн/км'),(851,14,3,'Діма','2021-07-15 17:14:17','очікування'),(852,16,6,'Саша','2021-07-15 17:14:23','відміна Геническ, Херсонська область, Україна - Харків, Харківська область, Україна 18 грн/км'),(853,13,3,'Антон','2021-07-15 17:14:44','очікування'),(854,16,1,'Саша','2021-07-15 17:52:10','Херсонська область - Миколаївська область 0 грн/км'),(855,16,1,'Саша','2021-07-15 17:52:45','Миколаївська область - Мішково-Погорілове, Миколаївська область, Україна - Софиевская Борщаговка, Київська область, Україна - Київська область 22 грн/км'),(856,16,1,'Саша','2021-07-16 09:01:04','Київська обл. - Тарасовка, Київська область, Україна - Кривой Рог, Дніпропетровська область, Україна - Запорізька область 20 грн/км'),(857,16,1,'Саша','2021-07-16 09:30:08','Київська обл. - улица Академика Белецкого, Київ, Україна - Полтавська область 20 грн/км'),(858,16,6,'Саша','2021-07-16 09:45:17','відміна Одесса, Одеська область, Україна - Мартусовка, Київська область, Україна 13 грн/км'),(859,16,1,'Саша','2021-07-16 09:47:49','Одеська область - Запорізька область 22 грн/км'),(860,16,1,'Саша','2021-07-16 09:48:08','Запорізька область - Запорізька область 0 грн/км'),(861,16,1,'Саша','2021-07-16 10:49:08','Закарпатська область - Моршин, Львівська область, Україна - Красиловка, Київська область, Україна - Київська обл. 12 грн/км'),(862,16,1,'Саша','2021-07-16 10:49:45','Київська область - Київська область 0 грн/км'),(863,15,1,'Влад','2021-07-16 10:59:47','Івано-Франківська область - Красилов, Хмельницька область, Україна - Одеська область 15 грн/км'),(864,16,1,'Саша','2021-07-16 11:12:10','Київська область - Київська область 0 грн/км'),(865,16,1,'Саша','2021-07-16 12:29:57','Київська обл. - Колонщина, Київська область, Україна - Кривой Рог, Дніпропетровська область, Україна - Дніпропетровська область 20 грн/км'),(866,14,3,'Діма','2021-07-16 12:47:00','очікування'),(867,14,6,'Діма','2021-07-16 12:47:04','відміна Мукачево, Закарпатська область, Україна - Мукачево, Закарпатська область, Україна 0 грн/км'),(868,14,5,'Діма','2021-07-16 12:47:28','Київська область - Київська обл. 300 грн/км'),(869,14,3,'Діма','2021-07-16 12:49:42','очікування'),(870,14,6,'Діма','2021-07-16 12:49:46','відміна Київ, Україна - Київ, Україна 0 грн/км'),(871,14,5,'Діма','2021-07-16 12:49:57','Київська область - Одеська область 22 грн/км'),(872,14,1,'Діма','2021-07-16 12:55:56','Київська область - Одеська область 22 грн/км'),(873,14,3,'Діма','2021-07-16 12:56:08','очікування'),(874,14,3,'Діма','2021-07-16 12:56:10','очікування'),(875,14,3,'Діма','2021-07-16 12:56:12','очікування'),(876,16,3,'Саша','2021-07-16 14:41:21','очікування'),(877,16,1,'Саша','2021-07-16 14:43:27','Дніпропетровська область - Тернопіль, Тернопільська область, Україна - Івано-Франківська область 19 грн/км'),(878,15,6,'Влад','2021-07-16 14:53:22','відміна Копилів, Київська область, Україна - Копилів, Київська область, Україна 0 грн/км'),(879,15,1,'Влад','2021-07-16 15:05:58','Київська обл. - Київська область 0 грн/км'),(880,15,1,'Влад','2021-07-16 15:07:06','Київська область - Бровары, Київська область, Україна - Полтавська область 0 грн/км'),(881,15,6,'Влад','2021-07-16 15:07:15','відміна улица Академика Бутлерова, Київ, Україна - Полтава, Полтавська область, Україна 0 грн/км'),(882,15,1,'Влад','2021-07-16 15:08:14','Київська область - Бровары, Київська область, Україна - Полтавська область 17 грн/км'),(883,17,1,'Лёша','2021-07-16 17:04:09','Одеська область - Київська обл. 14 грн/км'),(884,17,3,'Лёша','2021-07-16 17:04:17','очікування'),(885,17,3,'Лёша','2021-07-16 17:04:23','очікування'),(886,17,1,'Лёша','2021-07-16 17:04:59','Київська область - Львівська область 21 грн/км'),(887,17,3,'Лёша','2021-07-16 17:05:44','очікування'),(888,17,1,'Лёша','2021-07-16 17:06:49','Одеська область - Київська обл. 18 грн/км'),(889,15,1,'Влад','2021-07-16 17:07:23','Київська обл. - Київська область 0 грн/км'),(890,17,1,'Лёша','2021-07-16 17:07:58','Сумська область - Буринь, Сумська область, Україна - Рівненська область 18 грн/км'),(891,17,1,'Лёша','2021-07-16 17:08:20','Київська область - Одеська область 21 грн/км'),(892,17,1,'Лёша','2021-07-16 17:08:55','Тернопільська область - Хмельницька область 0 грн/км'),(893,17,1,'Лёша','2021-07-16 17:09:22','Київська обл. - Одеська область 20 грн/км'),(894,17,3,'Лёша','2021-07-16 17:09:52','очікування'),(895,16,3,'Саша','2021-07-17 19:34:41','очікування'),(896,16,1,'Саша','2021-07-19 09:06:40','Запорізька область - Білогородка, Київська область, Україна - Чернігівська область 22 грн/км'),(897,16,1,'Саша','2021-07-19 09:07:22','Київська область - Капитановка, Київська область, Україна - Староконстантинов, Хмельницька область, Україна - Хмельницька область 26 грн/км'),(898,16,1,'Саша','2021-07-19 09:08:01','Запорізька область - Вільногірськ, Дніпропетровська область, Україна - Хмельницька область 17 грн/км'),(899,16,1,'Саша','2021-07-19 09:08:48','Запорізька область - Вільногірськ, Дніпропетровська область, Україна - Київська область 15 грн/км'),(900,16,1,'Саша','2021-07-19 09:09:49','Київська обл. - вулиця Академіка Бутлерова, 8, Київ, Україна - вулиця Бориспільська, 9Ж, Київ, Україна - Одеська область 19 грн/км'),(901,16,3,'Саша','2021-07-19 09:10:48','очікування'),(902,16,1,'Саша','2021-07-19 09:12:44','Київська область - Дніпропетровська область 20 грн/км'),(903,16,1,'Саша','2021-07-19 09:13:59','Дніпропетровська область - Копилів, Київська область, Україна - Київська область 17 грн/км'),(904,16,6,'Саша','2021-07-19 09:16:59','відміна Чайки, Київська область, Україна - Чайки, Київська область, Україна 0 грн/км'),(905,16,1,'Саша','2021-07-19 09:36:48','Чернігівська область - Київська область 34 грн/км'),(906,16,1,'Саша','2021-07-19 09:38:23','Київська обл. - Бровары, Київська область, Україна - Одеська область 21 грн/км'),(907,16,1,'Саша','2021-07-19 10:20:23','Київська область - Столичное шоссе, Київ, Україна - Луцьк, Волинська область, Україна - Львівська область 29 грн/км'),(908,15,1,'Влад','2021-07-19 10:28:55','Львівська область - Одеська область 18 грн/км'),(909,16,1,'Саша','2021-07-19 10:36:10','Київська обл. - Оболонь, Київ, Україна - Волинська область 17 грн/км'),(910,15,1,'Влад','2021-07-19 11:06:17','Дніпропетровська область - Вольногорск, Дніпропетровська область, Україна - Київська область 18 грн/км'),(911,15,1,'Влад','2021-07-19 11:07:27','Полтавська область - Мартусовка, Київська область, Україна - Київська область 22 грн/км'),(912,15,1,'Влад','2021-07-19 11:10:13','Полтавська область - Майбородовка, Полтавська область, Україна - Київська область 16 грн/км'),(913,14,3,'Діма','2021-07-19 11:11:13','очікування'),(914,16,1,'Саша','2021-07-19 11:12:12','Київська область - Требухов, Київська область, Україна - Одесса, Одеська область, Україна - Херсонська область 18 грн/км'),(915,15,1,'Влад','2021-07-19 11:12:42','Київська область - Колонщина, Київська область, Україна - Одеська область 19 грн/км'),(916,13,3,'Антон','2021-07-19 11:35:24','очікування'),(917,13,6,'Антон','2021-07-19 11:36:07','відміна Мукачево, Закарпатська область, Україна - Мукачево, Закарпатська область, Україна 0 грн/км'),(918,13,5,'Антон','2021-07-19 12:19:58','Закарпатська область - Київська область 12 грн/км'),(919,17,1,'Лёша','2021-07-19 16:35:13','Київська обл. - Київська область 0 грн/км'),(920,17,3,'Лёша','2021-07-19 16:35:29','очікування'),(921,17,1,'Лёша','2021-07-19 16:36:12','Київська область - Дніпропетровська область 21 грн/км'),(922,17,1,'Лёша','2021-07-19 16:37:03','Київська обл. - Київська область 0 грн/км'),(923,17,1,'Лёша','2021-07-19 16:37:56','Київська обл. - Івано-Франківська область 21 грн/км'),(924,17,1,'Лёша','2021-07-19 16:38:33','Львівська область - Дніпропетровська область 17 грн/км'),(925,17,1,'Лёша','2021-07-19 16:39:02','Дніпропетровська область - Київська область 16 грн/км'),(926,17,3,'Лёша','2021-07-19 16:40:35','очікування'),(927,17,1,'Лёша','2021-07-19 16:42:05','Київська область - Требухов, Київська область, Україна - Черкассы, Черкаська область, Україна - Київська область 17 грн/км'),(928,17,1,'Лёша','2021-07-19 16:44:09','Київська область - Дніпропетровська область 21 грн/км'),(929,17,1,'Лёша','2021-07-19 16:45:03','Київська обл. - Днепр, Дніпропетровська область, Україна - Дніпропетровська область 20 грн/км'),(930,17,1,'Лёша','2021-07-19 16:45:47','Дніпропетровська область - Київська область 18 грн/км'),(931,17,1,'Лёша','2021-07-19 16:46:38','Київська обл. - Одеська область 21 грн/км'),(932,17,1,'Лёша','2021-07-19 16:47:50','Рівненська область - Смолигів, Волинська область, Україна - Одеська область 17 грн/км'),(933,17,1,'Лёша','2021-07-19 16:48:20','Одеська область - Київська область 16 грн/км'),(934,17,1,'Лёша','2021-07-19 16:49:28','Одеська область - Київська область 15 грн/км'),(935,17,1,'Лёша','2021-07-19 16:50:53','Хмельницька область - Дніпропетровська область 26 грн/км'),(936,17,1,'Лёша','2021-07-19 16:52:25','Одеська область - Днепр, Дніпропетровська область, Україна - Харківська область 23 грн/км'),(937,17,1,'Лёша','2021-07-19 16:53:03','Харківська область - Київська область 15 грн/км'),(938,17,1,'Лёша','2021-07-19 16:53:46','Київська область - Днепр, Дніпропетровська область, Україна - Запорожье, Запорізька область, Україна - Донецька область 25 грн/км'),(939,16,1,'Саша','2021-07-20 08:57:13','Одеська область - Дніпропетровська область 19 грн/км'),(940,16,1,'Саша','2021-07-20 08:59:49','Запорізька область - Вільногірськ, Дніпропетровська область, Україна - Київська область 15 грн/км'),(941,16,1,'Саша','2021-07-20 09:16:30','Хмельницька область - Красилів, Хмельницька область, Україна - Дніпропетровська область 24 грн/км'),(942,16,1,'Саша','2021-07-20 09:18:26','Київська область - Требухов, Київська область, Україна - Харьков, Харківська область, Україна - Дніпропетровська область 19 грн/км'),(943,16,6,'Саша','2021-07-20 09:29:17','відміна вулиця Академіка Бутлерова, 8, Київ, Україна - Олешки, Херсонська область, Україна 18 грн/км'),(944,16,1,'Саша','2021-07-20 09:30:07','Київська область - Колонщина, Київська область, Україна - Одеська область 19 грн/км'),(945,16,1,'Саша','2021-07-20 09:30:27','Київська область - Колонщина, Київська область, Україна - Кривой Рог, Дніпропетровська область, Україна - Дніпропетровська область 20 грн/км'),(946,16,1,'Саша','2021-07-20 09:49:27','Київська обл. - Оболонь, Київ, Україна - Одеська область 21 грн/км'),(947,16,1,'Саша','2021-07-20 10:49:45','Київська область - Требухов, Київська область, Україна - Одесса, Одеська область, Україна - Херсонська область 19 грн/км'),(948,16,1,'Саша','2021-07-20 10:50:12','Одеська область - Київська область 14 грн/км'),(949,16,1,'Саша','2021-07-20 14:11:54','Дніпропетровська область - Київська область 19 грн/км'),(950,16,6,'Саша','2021-07-20 14:12:30','відміна Кривой Рог, Дніпропетровська область, Україна - Семиполки, Київська область, Україна 19 грн/км'),(951,13,4,'Антон','2021-07-20 15:05:52','Київська обл. - Київська область 0 грн/км'),(952,13,3,'Антон','2021-07-20 15:06:02','очікування'),(953,13,3,'Антон','2021-07-20 15:06:09','очікування'),(954,13,3,'Антон','2021-07-20 15:06:15','очікування'),(955,13,3,'Антон','2021-07-20 15:06:21','очікування'),(956,13,3,'Антон','2021-07-20 15:06:49','очікування'),(957,13,3,'Антон','2021-07-20 15:06:54','очікування'),(958,13,3,'Антон','2021-07-20 15:07:00','очікування'),(959,13,3,'Антон','2021-07-20 15:07:05','очікування'),(960,13,3,'Антон','2021-07-20 15:07:10','очікування'),(961,15,1,'Влад','2021-07-20 15:39:13','Одеська область - Київська область 20 грн/км'),(962,15,1,'Влад','2021-07-20 15:39:59','Одеська область - Умань, Черкаська область, Україна - Вінницька область 18 грн/км'),(963,15,6,'Влад','2021-07-20 15:41:39','відміна Днепр, Дніпропетровська область, Україна - Киев, Україна 18 грн/км'),(964,15,1,'Влад','2021-07-20 15:42:18','Дніпропетровська область - Хмельницька область 19 грн/км'),(965,15,1,'Влад','2021-07-20 16:07:12','Миколаївська область - Київська область 20 грн/км'),(966,15,1,'Влад','2021-07-20 16:14:20','Одеська область - Киев, Україна - Львівська область 15 грн/км'),(967,15,3,'Влад','2021-07-20 16:26:38','очікування'),(968,15,3,'Влад','2021-07-20 16:26:49','очікування'),(969,15,3,'Влад','2021-07-20 16:26:55','очікування'),(970,15,3,'Влад','2021-07-20 16:27:10','очікування'),(971,17,1,'Лёша','2021-07-20 16:29:40','Дніпропетровська область - Харківська область 27 грн/км'),(972,17,6,'Лёша','2021-07-20 16:31:34','відміна Вишневое, Київська область, Україна - улица Академика Бутлерова, Київ, Україна 0 грн/км'),(973,17,1,'Лёша','2021-07-20 16:32:34','Київська обл. - Дніпропетровська область 21 грн/км'),(974,17,3,'Лёша','2021-07-20 16:32:52','очікування'),(975,17,3,'Лёша','2021-07-20 16:33:46','очікування'),(976,17,1,'Лёша','2021-07-20 16:35:15','Івано-Франківська область - Моршин, Львівська область, Україна - Київська область 12 грн/км'),(977,17,1,'Лёша','2021-07-20 16:35:50','Київська область - Колонщина, Київська область, Україна - Одеська область 20 грн/км'),(978,17,1,'Лёша','2021-07-20 16:36:29','Дніпропетровська область - Васильковка, Дніпропетровська область, Україна - Київська область 12 грн/км'),(979,17,1,'Лёша','2021-07-20 16:40:09','Одеська область - Київська область 16 грн/км'),(980,17,3,'Лёша','2021-07-20 16:40:25','очікування'),(981,17,3,'Лёша','2021-07-20 16:41:54','очікування'),(982,17,1,'Лёша','2021-07-20 16:43:23','Київська область - Кривой Рог, Дніпропетровська область, Україна - Днепр, Дніпропетровська область, Україна - Запорізька область 21 грн/км'),(983,17,1,'Лёша','2021-07-20 16:44:47','Донецька область - Запорожье, Запорізька область, Україна - Київська область 14 грн/км'),(984,16,3,'Саша','2021-07-20 17:44:58','очікування'),(985,16,1,'Саша','2021-07-20 17:45:44','Хмельницька область - Кривой Рог, Дніпропетровська область, Україна - Дніпропетровська область 25 грн/км'),(986,16,3,'Саша','2021-07-20 17:46:04','очікування'),(987,16,3,'Саша','2021-07-20 17:46:09','очікування'),(988,16,1,'Саша','2021-07-21 09:04:14','Дніпропетровська область - Новоолександрівка, Дніпропетровська область, Україна - Київська область 18 грн/км'),(989,16,1,'Саша','2021-07-21 09:04:41','Дніпропетровська область - Вольногорск, Дніпропетровська область, Україна - Київська область 18 грн/км'),(990,16,3,'Саша','2021-07-21 09:05:08','очікування'),(991,16,1,'Саша','2021-07-21 09:11:39','Івано-Франківська область - Калуш, Івано-Франківська область, Україна - Полтава, Полтавська область, Україна - Сумська область 15 грн/км'),(992,16,1,'Саша','2021-07-21 09:12:22','Львівська область - Городок, Львівська область, Україна - Київська область 13 грн/км'),(993,16,1,'Саша','2021-07-21 09:25:50','Одеська область - Бурлачья Балка, Одеська область, Україна - Харківська область 17 грн/км'),(994,16,6,'Саша','2021-07-21 09:26:01','відміна Копилів, Київська область, Україна - Днепр, Дніпропетровська область, Україна 20 грн/км'),(995,16,1,'Саша','2021-07-21 09:26:43','Київська область - Колонщина, Київська область, Україна - Вінницька область 24 грн/км'),(996,16,6,'Саша','2021-07-21 09:27:14','відміна Красилів, Хмельницька область, Україна - Кривой Рог, Дніпропетровська область, Україна 25 грн/км'),(997,16,1,'Саша','2021-07-21 10:08:28','Вінницька область - Тульчин, Вінницька область, Україна - Київська область 18 грн/км'),(998,16,1,'Саша','2021-07-21 10:09:40','Хмельницька область - Миколаївська область 17 грн/км'),(999,16,1,'Саша','2021-07-21 11:29:33','Дніпропетровська область - Київська область 20 грн/км'),(1000,16,1,'Саша','2021-07-21 12:18:13','Волинська область - Маневичі, Волинська область, Україна - Вінницька область 32 грн/км'),(1001,15,1,'Влад','2021-07-21 15:05:45','Хмельницька область - Херсонська область 17 грн/км'),(1002,15,1,'Влад','2021-07-21 15:23:14','Київська область - Миколаївська область 20 грн/км'),(1003,16,1,'Саша','2021-07-21 16:39:21','Дніпропетровська область - Одеська область 30 грн/км'),(1004,16,1,'Саша','2021-07-21 16:41:42','Київська область - Київська область 0 грн/км'),(1005,16,6,'Саша','2021-07-21 17:27:38','відміна Днепр, Дніпропетровська область, Україна - Красиловка, Київська область, Україна 18 грн/км'),(1006,16,3,'Саша','2021-07-21 17:27:48','очікування'),(1007,16,6,'Саша','2021-07-21 17:27:54','відміна Днепр, Дніпропетровська область, Україна - Днепр, Дніпропетровська область, Україна 0 грн/км'),(1008,16,1,'Саша','2021-07-21 17:28:16','Дніпропетровська область - Требухов, Київська область, Україна - Львівська область 17 грн/км'),(1009,15,4,'Влад','2021-07-21 17:53:34','Дніпропетровська область - Запорожье, Запорізька область, Україна - Київська область 18 грн/км'),(1010,16,3,'Саша','2021-07-22 08:49:40','очікування'),(1011,16,3,'Саша','2021-07-22 08:49:56','очікування'),(1012,16,1,'Саша','2021-07-22 08:50:24','Вінницька область - Волинська область 0 грн/км'),(1013,16,1,'Саша','2021-07-22 09:05:59','Одеська область - Київська область 16 грн/км'),(1014,16,1,'Саша','2021-07-22 09:06:33','Київська область - Тернопільська область 20 грн/км'),(1015,16,1,'Саша','2021-07-22 09:07:28','Київська область - Колонщина, Київська область, Україна - Кривой Рог, Дніпропетровська область, Україна - Дніпропетровська область 20 грн/км'),(1016,16,1,'Саша','2021-07-22 09:34:20','Київська обл. - Київська область 0 грн/км'),(1017,16,1,'Саша','2021-07-22 09:36:32','Миколаївська область - Київська область 17 грн/км'),(1018,16,3,'Саша','2021-07-22 09:53:36','очікування'),(1019,16,1,'Саша','2021-07-22 10:06:44','Харківська область - Київська область 12 грн/км'),(1020,16,1,'Саша','2021-07-22 10:10:23','Київська область - Требухов, Київська область, Україна - Харьков, Харківська область, Україна - Дніпропетровська область 19 грн/км'),(1021,16,1,'Саша','2021-07-22 10:11:01','Київська область - Требухов, Київська область, Україна - Харківська область 24 грн/км'),(1022,13,4,'Антон','2021-07-22 10:25:22','Одеська область - Київська область 18 грн/км'),(1023,16,1,'Саша','2021-07-22 12:01:08','Херсонська область - Великі Копані, Херсонська область, Україна - Київська область 20 грн/км'),(1024,16,1,'Саша','2021-07-22 12:01:27','Київська область - Оболонь, Київ, Україна - Дніпропетровська область 27 грн/км'),(1025,16,1,'Саша','2021-07-22 12:02:11','Київська область - Беспятное, Київська область, Україна - Миколаївська область 18 грн/км'),(1026,16,1,'Саша','2021-07-22 15:54:16','Дніпропетровська область - Новоолександрівка, Дніпропетровська область, Україна - Красиловка, Київська область, Україна - Київська область 17 грн/км'),(1027,16,3,'Саша','2021-07-22 15:57:35','очікування'),(1028,16,1,'Саша','2021-07-22 15:58:17','Львівська область - Малехів, Львівська область, Україна - Київська область 13 грн/км'),(1029,16,1,'Саша','2021-07-22 16:53:33','Миколаївська область - Київська область 17 грн/км'),(1030,14,1,'Діма','2021-07-22 17:23:01','Закарпатська область - Київська область 14 грн/км'),(1031,14,1,'Діма','2021-07-22 17:23:20','Київська область - Одеська область 21 грн/км'),(1032,14,3,'Діма','2021-07-22 17:23:31','очікування'),(1033,14,3,'Діма','2021-07-22 17:23:45','очікування'),(1034,14,6,'Діма','2021-07-22 17:23:48','відміна Київ, Україна - Київ, Україна 0 грн/км'),(1035,14,1,'Діма','2021-07-22 17:24:00','Київська область - Одеська область 21 грн/км'),(1036,14,1,'Діма','2021-07-22 17:24:13','Одеська область - Київська область 17 грн/км'),(1037,14,1,'Діма','2021-07-22 17:24:44','Одеська область - Київська область 15 грн/км'),(1038,15,1,'Влад','2021-07-22 17:29:57','Харківська область - Київська область 13 грн/км'),(1039,15,1,'Влад','2021-07-22 17:44:40','Одеська область - Киев, Україна - Київська область 15 грн/км'),(1040,15,1,'Влад','2021-07-22 17:46:04','Вінницька область - Ильинцы, Вінницька область, Україна - Київська область 19 грн/км'),(1041,15,1,'Влад','2021-07-22 17:53:19','Херсонська область - Київська область 17 грн/км'),(1042,15,1,'Влад','2021-07-22 17:57:51','Київська область - Одеська область 21 грн/км'),(1043,15,1,'Влад','2021-07-22 17:59:21','Львівська область - Копилів, Київська область, Україна - Київська область 15 грн/км'),(1044,15,1,'Влад','2021-07-22 18:11:19','Київська область - Дніпропетровська область 29 грн/км'),(1045,16,6,'Саша','2021-07-22 18:57:05','відміна Днепр, Дніпропетровська область, Україна - Копилів, Київська область, Україна 17 грн/км'),(1046,16,6,'Саша','2021-07-22 18:57:24','відміна Копилів, Київська область, Україна - Днепр, Дніпропетровська область, Україна 20 грн/км'),(1047,17,1,'Лёша','2021-07-22 19:03:40','Київська область - Київська область 0 грн/км'),(1048,17,3,'Лёша','2021-07-22 19:03:48','очікування'),(1049,17,3,'Лёша','2021-07-22 19:05:03','очікування'),(1050,17,1,'Лёша','2021-07-22 19:07:34','Київська область - Полтавська область 17 грн/км'),(1051,17,1,'Лёша','2021-07-22 19:08:36','Полтавська область - Київська область 23 грн/км'),(1052,17,1,'Лёша','2021-07-22 19:12:13','Київська область - Киев, Україна - Житомир, Житомирська область, Україна - Вінницька область 22 грн/км'),(1053,17,1,'Лёша','2021-07-22 19:14:03','Вінницька область - Немирів, Вінницька область, Україна - Борисполь, Київська область, Україна - Київська область 20 грн/км'),(1054,17,6,'Лёша','2021-07-22 19:14:14','відміна Киев, Україна - Киев, Україна 0 грн/км'),(1055,17,6,'Лёша','2021-07-22 19:14:17','відміна Киев, Україна - Киев, Україна 0 грн/км'),(1056,17,6,'Лёша','2021-07-22 19:14:21','відміна Киев, Україна - Киев, Україна 0 грн/км'),(1057,17,1,'Лёша','2021-07-22 19:15:48','Київська область - Колонщина, Київська область, Україна - Супруновка, Полтавська область, Україна - Харківська область 19 грн/км'),(1058,17,3,'Лёша','2021-07-22 19:16:12','очікування'),(1059,17,1,'Лёша','2021-07-22 19:17:00','Запорізька область - Днепр, Дніпропетровська область, Україна - Київська область 16 грн/км'),(1060,17,1,'Лёша','2021-07-22 19:17:39','Київська область - Колонщина, Київська область, Україна - Одеська область 20 грн/км'),(1061,17,1,'Лёша','2021-07-22 19:19:01','Харківська область - Полтава, Полтавська область, Україна - Київська область 16 грн/км'),(1062,16,1,'Саша','2021-07-23 09:07:56','Київська область - Одеська область 20 грн/км'),(1063,16,1,'Саша','2021-07-23 09:08:19','Одеська область - Молодежное, Одеська область, Україна - Київська область 13 грн/км'),(1064,16,3,'Саша','2021-07-23 09:11:48','очікування'),(1065,16,1,'Саша','2021-07-23 09:22:24','Волинська область - Вінницька область 39 грн/км'),(1066,16,1,'Саша','2021-07-23 09:23:05','Київська область - Слобожанское, Дніпропетровська область, Україна - Дніпропетровська область 18 грн/км'),(1067,16,1,'Саша','2021-07-23 09:34:21','Київська область - Колонщина, Київська область, Україна - Кривой Рог, Дніпропетровська область, Україна - Дніпропетровська область 19 грн/км'),(1068,16,1,'Саша','2021-07-23 09:36:09','Харківська область - Київська область 13 грн/км'),(1069,16,6,'Саша','2021-07-23 09:36:25','відміна вулиця Богатирська, 3, Київ, Україна - Днипро, Дніпропетровська область, Україна 19 грн/км'),(1070,16,3,'Саша','2021-07-23 09:40:50','очікування'),(1071,16,1,'Саша','2021-07-23 09:44:35','Тернопільська область - Хмельницький, Хмельницька область, Україна - Дніпропетровська область 14 грн/км'),(1072,16,3,'Саша','2021-07-23 09:44:51','очікування'),(1073,16,1,'Саша','2021-07-23 09:53:12','Дніпропетровська область - Київська область 18 грн/км'),(1074,16,1,'Саша','2021-07-23 10:02:39','Київська область - вулиця Богатирська, 3, Київ, Україна - вулиця Академіка Бутлерова, 8, Київ, Україна - Закарпатська область 20 грн/км'),(1075,16,1,'Саша','2021-07-23 10:03:49','Дніпропетровська область - Київська область 16 грн/км'),(1076,16,1,'Саша','2021-07-23 10:31:23','Київська область - Кіровоградська область 22 грн/км'),(1077,16,1,'Саша','2021-07-23 10:53:17','Київська область - Украинка, Київська область, Україна - Дніпропетровська область 24 грн/км'),(1078,17,3,'Лёша','2021-07-23 11:20:30','очікування'),(1079,17,1,'Лёша','2021-07-23 11:21:47','Київська область - Київська область 0 грн/км'),(1080,17,1,'Лёша','2021-07-23 11:22:22','Одеська область - Молодежное, Одеська область, Україна - Київська область 13 грн/км'),(1081,15,3,'Влад','2021-07-23 12:49:19','очікування'),(1082,15,1,'Влад','2021-07-23 12:50:14','Київська область - Колонщина, Київська область, Україна - Одеська область 19 грн/км'),(1083,15,6,'Влад','2021-07-23 12:52:21','відміна Киев, Україна - Днепр, Дніпропетровська область, Україна 29 грн/км'),(1084,15,1,'Влад','2021-07-23 13:00:08','Київська область - Одеська область 28 грн/км'),(1085,15,1,'Влад','2021-07-23 14:51:44','Київська область - Колонщина, Київська область, Україна - Полтава, Полтавська область, Україна - Дніпропетровська область 17 грн/км'),(1086,15,1,'Влад','2021-07-23 14:56:08','Київська область - Львівська область 23 грн/км'),(1087,15,1,'Влад','2021-07-23 15:42:02','Київська область - Львівська область 17 грн/км'),(1088,15,1,'Влад','2021-07-23 15:43:25','Одеська область - Белогородка, Київська область, Україна - Чернігівська область 17 грн/км'),(1089,15,1,'Влад','2021-07-23 15:45:41','Київська область - Супруновка, Полтавська область, Україна - Дніпропетровська область 21 грн/км'),(1090,15,3,'Влад','2021-07-23 15:50:59','очікування'),(1091,14,3,'Діма','2021-07-23 17:36:06','очікування'),(1092,15,3,'Влад','2021-07-23 17:37:23','очікування'),(1093,15,3,'Влад','2021-07-23 17:38:36','очікування'),(1094,15,3,'Влад','2021-07-23 17:39:27','очікування'),(1095,15,3,'Влад','2021-07-23 17:39:37','очікування'),(1096,15,3,'Влад','2021-07-23 17:39:42','очікування'),(1097,17,3,'Лёша','2021-07-26 09:16:16','очікування'),(1098,17,3,'Лёша','2021-07-26 09:16:30','очікування'),(1099,17,1,'Лёша','2021-07-26 09:17:05','Київська область - Київська область 0 грн/км'),(1100,17,3,'Лёша','2021-07-26 09:17:48','очікування'),(1101,17,3,'Лёша','2021-07-26 09:17:56','очікування'),(1102,17,3,'Лёша','2021-07-26 09:18:04','очікування'),(1103,17,1,'Лёша','2021-07-26 09:18:43','Київська область - Київська область 0 грн/км'),(1104,17,6,'Лёша','2021-07-26 09:18:57','відміна Копилів, Київська область, Україна - улица Академика Бутлерова, Київ, Україна 0 грн/км'),(1105,17,1,'Лёша','2021-07-26 09:20:18','Київська область - Колонщина, Київська область, Україна - Одеська область 19 грн/км'),(1106,17,1,'Лёша','2021-07-26 09:21:30','Київська область - Київська область 0 грн/км'),(1107,17,1,'Лёша','2021-07-26 09:22:27','Київська область - Колонщина, Київська область, Україна - Днепр, Дніпропетровська область, Україна - Харківська область 17 грн/км'),(1108,17,1,'Лёша','2021-07-26 09:24:10','Київська область - Київська область 0 грн/км'),(1109,17,1,'Лёша','2021-07-26 09:24:52','Київська область - Колонщина, Київська область, Україна - Ровно, Рівненська область, Україна - Львівська область 19 грн/км'),(1110,17,3,'Лёша','2021-07-26 09:25:18','очікування'),(1111,17,1,'Лёша','2021-07-26 09:26:06','Київська область - Колонщина, Київська область, Україна - Кривой Рог, Дніпропетровська область, Україна - Дніпропетровська область 19 грн/км'),(1112,17,1,'Лёша','2021-07-26 09:26:48','Київська область - Київська область 0 грн/км'),(1113,17,3,'Лёша','2021-07-26 09:26:58','очікування'),(1114,17,3,'Лёша','2021-07-26 09:27:04','очікування'),(1115,17,1,'Лёша','2021-07-26 09:28:10','Одеська область - Київська область 15 грн/км'),(1116,17,1,'Лёша','2021-07-26 09:38:00','Харківська область - Полтава, Полтавська область, Україна - Мартусовка, Київська область, Україна - Київська область 16 грн/км'),(1117,17,1,'Лёша','2021-07-26 10:00:29','Львівська область - Одеська область 20 грн/км'),(1118,17,1,'Лёша','2021-07-26 10:01:59','Дніпропетровська область - Вольногорск, Дніпропетровська область, Україна - Одеська область 20 грн/км'),(1119,14,6,'Діма','2021-07-26 10:24:07','відміна Одесса, Одеська область, Україна - Київ, Україна 17 грн/км'),(1120,14,3,'Діма','2021-07-26 10:24:25','очікування'),(1121,14,3,'Діма','2021-07-26 10:24:25','очікування'),(1122,14,6,'Діма','2021-07-26 10:24:32','відміна Одесса, Одеська область, Україна - Одесса, Одеська область, Україна 0 грн/км'),(1123,14,6,'Діма','2021-07-26 10:24:37','відміна Одесса, Одеська область, Україна - Одесса, Одеська область, Україна 0 грн/км'),(1124,14,1,'Діма','2021-07-26 10:24:56','Одеська область - Київська область 18 грн/км'),(1125,14,5,'Діма','2021-07-26 10:25:15','Київська область - Одеська область 4 грн/км'),(1126,14,1,'Діма','2021-07-26 10:25:27','Київська область - Одеська область 4 грн/км'),(1127,14,1,'Діма','2021-07-26 10:26:00','Одеська область - Київська область 16 грн/км'),(1128,14,3,'Діма','2021-07-26 10:26:04','очікування'),(1129,16,1,'Саша','2021-07-26 13:29:04','Кіровоградська область - Олександрія, Кіровоградська область, Україна - Київська область 15 грн/км'),(1130,16,1,'Саша','2021-07-26 13:29:35','Дніпропетровська область - Покров, Дніпропетровська область, Україна - Харківська область 21 грн/км'),(1131,16,1,'Саша','2021-07-26 13:29:49','Харківська область - Київська область 12 грн/км'),(1132,16,1,'Саша','2021-07-26 13:30:12','Київська область - Колонщина, Київська область, Україна - Кривой Рог, Дніпропетровська область, Україна - Дніпропетровська область 18 грн/км'),(1133,16,1,'Саша','2021-07-26 13:37:27','Київська область - вул.Миколи Хвильового, 15, Київ, Україна - Дніпропетровська область 22 грн/км'),(1134,16,1,'Саша','2021-07-26 13:37:47','Дніпропетровська область - Красиловка, Київська область, Україна - Київська область 17 грн/км'),(1135,16,3,'Саша','2021-07-26 13:37:53','очікування'),(1136,16,1,'Саша','2021-07-26 13:38:35','Дніпропетровська область - Хортиця, Запорізька область, Україна - Сумська область 19 грн/км'),(1137,16,6,'Саша','2021-07-26 13:38:58','відміна Требухов, Київська область, Україна - Одесса, Одеська область, Україна 20 грн/км'),(1138,16,1,'Саша','2021-07-26 13:39:19','Сумська область - Тростянец, Сумська область, Україна - Київська область 18 грн/км'),(1139,16,1,'Саша','2021-07-26 13:39:46','Київська область - Софиевская Борщаговка, Київська область, Україна - Днепр, Дніпропетровська область, Україна - Запорізька область 22 грн/км'),(1140,16,1,'Саша','2021-07-26 13:40:02','Запорізька область - Хортиця, Запорізька область, Україна - Полтавська область 25 грн/км'),(1141,16,1,'Саша','2021-07-26 13:40:24','Київська область - Колонщина, Київська область, Україна - Донецька область 24 грн/км'),(1142,16,1,'Саша','2021-07-26 13:41:51','Сумська область - Полтава, Полтавська область, Україна - Київська область 15 грн/км'),(1143,16,1,'Саша','2021-07-26 13:42:15','Київська область - Перемога, Київська область, Україна - Запорізька область 19 грн/км'),(1144,16,1,'Саша','2021-07-26 13:42:39','Запорізька область - Хортица, Запорізька область, Україна - Київська область 19 грн/км'),(1145,16,1,'Саша','2021-07-26 13:43:44','Київська область - Львівська область 25 грн/км'),(1146,16,1,'Саша','2021-07-26 13:43:58','Львівська область - Малехів, Львівська область, Україна - Київська область 14 грн/км'),(1147,16,6,'Саша','2021-07-26 13:44:16','відміна Квітневе, Київська область, Україна - Львів, Львівська область, Україна 25 грн/км'),(1148,16,6,'Саша','2021-07-26 13:44:20','відміна Львів, Львівська область, Україна - Борисполь, Київська область, Україна 14 грн/км'),(1149,16,1,'Саша','2021-07-26 13:44:39','Київська область - Львівська область 26 грн/км'),(1150,16,1,'Саша','2021-07-26 13:45:03','Львівська область - Малехів, Львівська область, Україна - Київська область 14 грн/км'),(1151,16,3,'Саша','2021-07-26 13:49:23','очікування'),(1152,16,1,'Саша','2021-07-26 14:06:30','Київська область - Харківська область 24 грн/км'),(1153,15,1,'Влад','2021-07-26 14:20:05','Київська область - Колонщина, Київська область, Україна - Одеська область 18 грн/км'),(1154,15,1,'Влад','2021-07-26 14:27:36','Одеська область - Київська область 15 грн/км'),(1155,15,1,'Влад','2021-07-26 15:27:02','Одеська область - Днепр, Дніпропетровська область, Україна - Харківська область 20 грн/км'),(1156,15,1,'Влад','2021-07-26 15:27:43','Київська область - Дніпропетровська область 29 грн/км'),(1157,15,3,'Влад','2021-07-26 15:27:54','очікування'),(1158,15,1,'Влад','2021-07-26 15:43:05','Одеська область - Одесса, Одеська область, Україна - Київська область 16 грн/км'),(1159,15,1,'Влад','2021-07-26 15:46:05','Дніпропетровська область - Одеська область 23 грн/км'),(1160,15,1,'Влад','2021-07-26 15:47:46','Львівська область - Київська область 14 грн/км'),(1161,16,1,'Саша','2021-07-26 15:50:53','Полтавська область - Одеська область 23 грн/км'),(1162,16,6,'Саша','2021-07-26 15:51:40','відміна Квітневе, Київська область, Україна - Днепр, Дніпропетровська область, Україна 18 грн/км'),(1163,16,1,'Саша','2021-07-26 15:51:57','Київська область - Колонщина, Київська область, Україна - Днепр, Дніпропетровська область, Україна - Дніпропетровська область 17 грн/км'),(1164,15,1,'Влад','2021-07-26 16:29:14','Львівська область - Первомайск, Миколаївська область, Україна - Одеська область 17 грн/км'),(1165,15,1,'Влад','2021-07-26 16:30:43','Київська область - Колонщина, Київська область, Україна - Одеська область 18 грн/км'),(1166,15,1,'Влад','2021-07-26 16:32:10','Дніпропетровська область - Днепр, Дніпропетровська область, Україна - Київська область 17 грн/км'),(1167,15,1,'Влад','2021-07-26 16:53:26','Миколаївська область - Київська область 17 грн/км'),(1168,16,6,'Саша','2021-07-27 09:07:20','відміна Квітневе, Київська область, Україна - Кривой Рог, Дніпропетровська область, Україна 17 грн/км'),(1169,16,1,'Саша','2021-07-27 09:33:47','Дніпропетровська область - Вольногорск, Дніпропетровська область, Україна - Запорізька область 22 грн/км'),(1170,16,3,'Саша','2021-07-27 09:33:53','очікування'),(1171,16,1,'Саша','2021-07-27 09:34:49','Харківська область - Київська область 12 грн/км'),(1172,16,3,'Саша','2021-07-27 09:40:14','очікування'),(1173,16,1,'Саша','2021-07-27 10:17:32','Київська область - Колонщина, Київська область, Україна - Одеська область 20 грн/км'),(1174,16,1,'Саша','2021-07-27 10:38:54','Київська область - Київська область 0 грн/км'),(1175,16,1,'Саша','2021-07-27 10:39:06','Київська область - Київська область 0 грн/км'),(1176,16,1,'Саша','2021-07-27 10:46:03','Київська область - вулиця Академіка Бутлерова, 8, Київ, Україна - Дударков, Київська область, Україна - Харківська область 22 грн/км'),(1177,16,1,'Саша','2021-07-27 10:46:28','Київська область - Столичне шосе, 100, Київ, Україна - Одеська область 19 грн/км'),(1178,16,1,'Саша','2021-07-27 11:21:18','Київська область - Бровары, Київська область, Україна - Снятин, Івано-Франківська область, Україна - Київська область 17 грн/км'),(1179,15,1,'Влад','2021-07-27 12:00:44','Харківська область - Копилів, Київська область, Україна - Київська область 11 грн/км'),(1180,15,1,'Влад','2021-07-27 12:01:07','Дніпропетровська область - Київська область 20 грн/км'),(1181,15,1,'Влад','2021-07-27 12:01:49','Київська область - Тарасовка, Київська область, Україна - Харківська область 21 грн/км'),(1182,15,1,'Влад','2021-07-27 12:18:22','Одеська область - Львівська область 20 грн/км'),(1183,15,3,'Влад','2021-07-27 12:22:42','очікування'),(1184,16,6,'Саша','2021-07-27 12:25:37','відміна Белогородка, Київська область, Україна - Студеники, Київська область, Україна 17 грн/км'),(1185,16,1,'Саша','2021-07-27 12:26:34','Київська область - Бровары, Київська область, Україна - Снятин, Івано-Франківська область, Україна - Київська область 18 грн/км'),(1186,16,1,'Саша','2021-07-27 12:27:12','Київська область - вулиця Михайла Донця, 29, Київ, Україна - Полтавська область 21 грн/км'),(1187,16,1,'Саша','2021-07-27 12:49:19','Одеська область - Київська область 16 грн/км'),(1188,16,3,'Саша','2021-07-27 12:49:29','очікування'),(1189,16,1,'Саша','2021-07-27 13:56:46','Вінницька область - Волинська область 0 грн/км'),(1190,16,1,'Саша','2021-07-27 13:57:48','Волинська область - Смолигів, Волинська область, Україна - Винница, Вінницька область, Україна - Кіровоградська область 19 грн/км'),(1191,16,6,'Саша','2021-07-27 14:30:36','відміна Суми, Сумська область, Україна - Киев, Україна 18 грн/км'),(1192,16,3,'Саша','2021-07-27 14:30:40','очікування'),(1193,16,1,'Саша','2021-07-27 14:35:29','Київська область - Столичное шоссе, Київ, Україна - Одеська область 20 грн/км'),(1194,16,1,'Саша','2021-07-27 14:39:04','Запорізька область - Покров, Дніпропетровська область, Україна - Закарпатська область 18 грн/км'),(1195,16,1,'Саша','2021-07-27 14:39:32','Сумська область - Тростянец, Сумська область, Україна - Київська область 16 грн/км'),(1196,15,1,'Влад','2021-07-27 15:37:27','Київська область - Днепр, Дніпропетровська область, Україна - Дніпропетровська область 20 грн/км'),(1197,15,1,'Влад','2021-07-27 15:40:08','Одеська область - Киев, Україна - Львівська область 16 грн/км'),(1198,17,3,'Лёша','2021-07-27 16:53:30','очікування'),(1199,16,1,'Саша','2021-07-27 17:32:09','Полтавська область - Майбородовка, Полтавська область, Україна - Львівська область 17 грн/км'),(1200,16,3,'Саша','2021-07-27 17:32:23','очікування'),(1201,17,1,'Лёша','2021-07-27 17:52:03','Київська область - Колонщина, Київська область, Україна - Кривой Рог, Дніпропетровська область, Україна - Дніпропетровська область 19 грн/км'),(1202,17,1,'Лёша','2021-07-27 17:52:43','Київська область - Дніпропетровська область 20 грн/км'),(1203,17,1,'Лёша','2021-07-27 17:53:27','Київська область - Колонщина, Київська область, Україна - Кривой Рог, Дніпропетровська область, Україна - Запорізька область 19 грн/км'),(1204,17,3,'Лёша','2021-07-27 17:53:50','очікування'),(1205,17,3,'Лёша','2021-07-27 17:55:11','очікування'),(1206,17,3,'Лёша','2021-07-27 17:55:17','очікування'),(1207,16,1,'Саша','2021-07-28 09:10:04','Харківська область - Київська область 12 грн/км'),(1208,16,1,'Саша','2021-07-28 09:10:12','Одеська область - Київська область 15 грн/км'),(1209,16,1,'Саша','2021-07-28 09:18:34','Закарпатська область - Поляна, Закарпатська область, Україна - Хмельницька область 13 грн/км'),(1210,16,3,'Саша','2021-07-28 09:38:25','очікування'),(1211,16,3,'Саша','2021-07-28 09:38:42','очікування'),(1212,16,1,'Саша','2021-07-28 10:06:32','Донецька область - Вольногорск, Дніпропетровська область, Україна - Київська область 12 грн/км'),(1213,16,3,'Саша','2021-07-28 10:09:28','очікування'),(1214,15,3,'Влад','2021-07-28 10:09:45','очікування'),(1215,15,3,'Влад','2021-07-28 11:14:03','очікування'),(1216,15,3,'Влад','2021-07-28 11:14:07','очікування'),(1217,15,3,'Влад','2021-07-28 11:14:47','очікування'),(1218,15,6,'Влад','2021-07-28 11:15:03','відміна Одесса, Одеська область, Україна - Львов, Львівська область, Україна 20 грн/км'),(1219,15,1,'Влад','2021-07-28 11:15:38','Одеська область - Копилів, Київська область, Україна - Київська область 13 грн/км'),(1220,15,3,'Влад','2021-07-28 11:23:26','очікування'),(1221,16,1,'Саша','2021-07-28 13:14:48','Київська область - Мартусовка, Київська область, Україна - Харківська область 22 грн/км'),(1222,15,3,'Влад','2021-07-28 14:55:49','очікування'),(1223,15,6,'Влад','2021-07-28 15:10:23','відміна Чернигов, Чернігівська область, Україна - Чернигов, Чернігівська область, Україна 0 грн/км'),(1224,15,1,'Влад','2021-07-28 15:11:15','Чернігівська область - Черкаська область 24 грн/км'),(1225,15,1,'Влад','2021-07-28 15:11:39','Черкаська область - Чернівецька область 22 грн/км'),(1226,16,6,'Саша','2021-07-28 16:55:49','відміна улица Академика Булаховского, Київ, Україна - улица Академика Булаховского, Київ, Україна 0 грн/км'),(1227,16,1,'Саша','2021-07-28 16:56:05','Київська область - Требухов, Київська область, Україна - Дніпропетровська область 19 грн/км'),(1228,16,1,'Саша','2021-07-28 16:56:46','Київська область - Беспятное, Київська область, Україна - Миколаївська область 18 грн/км'),(1229,16,1,'Саша','2021-07-28 16:57:02','Одеська область - Великодолинское, Одеська область, Україна - Львівська область 16 грн/км'),(1230,15,1,'Влад','2021-07-28 17:03:35','Дніпропетровська область - Покров, Дніпропетровська область, Україна - Львівська область 17 грн/км'),(1231,15,6,'Влад','2021-07-28 17:03:57','відміна Харьков, Харківська область, Україна - Харьков, Харківська область, Україна 0 грн/км'),(1232,15,1,'Влад','2021-07-28 17:04:09','Харківська область - Чернівецька область 17 грн/км'),(1233,15,3,'Влад','2021-07-28 17:32:08','очікування'),(1234,15,3,'Влад','2021-07-28 17:32:12','очікування'),(1235,17,3,'Лёша','2021-07-28 17:33:01','очікування'),(1236,17,3,'Лёша','2021-07-28 17:33:12','очікування'),(1237,17,6,'Лёша','2021-07-28 17:33:47','відміна Днепр, Дніпропетровська область, Україна - Одесса, Одеська область, Україна 20 грн/км'),(1238,17,1,'Лёша','2021-07-28 17:34:28','Дніпропетровська область - Вольногорск, Дніпропетровська область, Україна - Одеська область 17 грн/км'),(1239,17,1,'Лёша','2021-07-28 17:35:05','Одеська область - Одеська область 0 грн/км'),(1240,17,3,'Лёша','2021-07-28 17:35:16','очікування'),(1241,17,1,'Лёша','2021-07-28 17:36:07','Запорізька область - Львівська область 18 грн/км'),(1242,17,3,'Лёша','2021-07-28 17:36:16','очікування'),(1243,17,1,'Лёша','2021-07-28 17:38:09','Дніпропетровська область - Харківська область 31 грн/км'),(1244,16,3,'Саша','2021-07-29 09:13:45','очікування'),(1245,16,3,'Саша','2021-07-29 09:13:56','очікування'),(1246,16,3,'Саша','2021-07-29 09:14:03','очікування'),(1247,16,3,'Саша','2021-07-29 09:17:49','очікування'),(1248,16,1,'Саша','2021-07-29 09:25:58','Київська область - Яготин, Київська область, Україна - Київська область 14 грн/км'),(1249,16,1,'Саша','2021-07-29 09:26:55','Одеська область - Харків, Харківська область, Україна - Дніпропетровська область 16 грн/км'),(1250,16,3,'Саша','2021-07-29 09:27:12','очікування'),(1251,16,1,'Саша','2021-07-29 09:28:04','Львівська область - Малехів, Львівська область, Україна - Киев, Україна - Київська область 15 грн/км'),(1252,16,1,'Саша','2021-07-29 09:30:44','Київська область - Колонщина, Київська область, Україна - Кривой Рог, Дніпропетровська область, Україна - Дніпропетровська область 20 грн/км'),(1253,16,3,'Саша','2021-07-29 09:52:40','очікування'),(1254,16,6,'Саша','2021-07-29 09:52:43','відміна Харьков, Харківська область, Україна - Харьков, Харківська область, Україна 0 грн/км'),(1255,16,1,'Саша','2021-07-29 09:52:56','Харківська область - Чугуев, Харківська область, Україна - Київська область 13 грн/км'),(1256,17,3,'Лёша','2021-07-29 10:26:36','очікування'),(1257,17,3,'Лёша','2021-07-29 10:27:03','очікування'),(1258,17,1,'Лёша','2021-07-29 11:26:27','Одеська область - Київська область 15 грн/км'),(1259,17,1,'Лёша','2021-07-29 11:27:09','Одеська область - Копилів, Київська область, Україна - Київська область 13 грн/км'),(1260,17,3,'Лёша','2021-07-29 11:27:22','очікування'),(1261,16,3,'Саша','2021-07-29 12:07:00','очікування'),(1262,16,1,'Саша','2021-07-29 12:07:19','Кіровоградська область - Александрия, Кіровоградська область, Україна - Київська область 18 грн/км'),(1263,16,3,'Саша','2021-07-29 13:20:30','очікування'),(1264,16,3,'Саша','2021-07-29 13:20:43','очікування'),(1265,15,1,'Влад','2021-07-29 15:37:21','Київська область - Запорізька область 24 грн/км'),(1266,15,3,'Влад','2021-07-29 15:37:30','очікування'),(1267,15,1,'Влад','2021-07-29 15:38:04','Київська область - Баштановка, Одеська область, Україна - Київська область 16 грн/км'),(1268,15,3,'Влад','2021-07-29 15:44:39','очікування'),(1269,15,3,'Влад','2021-07-29 15:58:21','очікування'),(1270,15,1,'Влад','2021-07-29 16:02:32','Київська область - Днепр, Дніпропетровська область, Україна - Харківська область 25 грн/км'),(1271,15,3,'Влад','2021-07-29 16:03:01','очікування'),(1272,15,3,'Влад','2021-07-29 16:03:40','очікування'),(1273,15,1,'Влад','2021-07-29 16:04:11','Львівська область - Одеська область 17 грн/км'),(1274,15,1,'Влад','2021-07-29 16:04:36','Одеська область - Шабо, Одеська область, Україна - Київська область 16 грн/км'),(1275,16,1,'Саша','2021-07-29 16:54:06','Хмельницька область - Новоград-Волынский, Житомирська область, Україна - Запорізька область 19 грн/км'),(1276,16,1,'Саша','2021-07-30 10:01:39','Миколаївська область - Київська область 17 грн/км'),(1277,16,1,'Саша','2021-07-30 10:02:21','Київська область - Кіровоградська область 28 грн/км'),(1278,16,3,'Саша','2021-07-30 10:02:32','очікування'),(1279,16,6,'Саша','2021-07-30 10:10:59','відміна Львів, Львівська область, Україна - Красиловка, Київська область, Україна 15 грн/км'),(1280,16,1,'Саша','2021-07-30 10:38:13','Львівська область - Малехів, Львівська область, Україна - Смолигів, Волинська область, Україна - Одеська область 19 грн/км'),(1281,16,3,'Саша','2021-07-30 10:38:18','очікування'),(1282,16,1,'Саша','2021-07-30 10:39:07','Київська область - Колонщина, Київська область, Україна - Кривой Рог, Дніпропетровська область, Україна - Дніпропетровська область 19 грн/км'),(1283,16,1,'Саша','2021-07-30 10:39:26','Київська область - Колонщина, Київська область, Україна - Одеська область 20 грн/км'),(1284,16,1,'Саша','2021-07-30 10:41:19','Львівська область - Київська область 14 грн/км'),(1285,16,1,'Саша','2021-07-30 10:55:47','Закарпатська область - Моршин, Львівська область, Україна - Київська область 12 грн/км'),(1286,16,1,'Саша','2021-07-30 11:13:20','Київська область - Одеська область 25 грн/км'),(1287,16,3,'Саша','2021-07-30 11:13:26','очікування'),(1288,16,1,'Саша','2021-07-30 11:13:44','Дніпропетровська область - Вольногорск, Дніпропетровська область, Україна - Київська область 18 грн/км'),(1289,16,1,'Саша','2021-07-30 13:07:58','Дніпропетровська область - Покров, Дніпропетровська область, Україна - Київська область 14 грн/км'),(1290,16,1,'Саша','2021-07-30 13:24:24','Дніпропетровська область - Вольногорск, Дніпропетровська область, Україна - Київська область 18 грн/км'),(1291,16,1,'Саша','2021-07-30 13:36:08','Кіровоградська область - Майбородовка, Полтавська область, Україна - Київська область 20 грн/км'),(1292,15,3,'Влад','2021-07-30 14:54:35','очікування'),(1293,15,1,'Влад','2021-07-30 16:58:22','Київська область - Київська область 186 грн/км'),(1294,15,6,'Влад','2021-07-30 16:58:55','відміна Красиловка, Київська область, Україна - Киев, Україна 186 грн/км'),(1295,15,1,'Влад','2021-07-30 17:17:56','Черкаська область - Дніпропетровська область 0 грн/км'),(1296,15,1,'Влад','2021-07-30 17:18:24','Дніпропетровська область - Одеська область 27 грн/км'),(1297,15,6,'Влад','2021-07-30 17:18:38','відміна Запорожье, Запорізька область, Україна - Запорожье, Запорізька область, Україна 0 грн/км'),(1298,15,1,'Влад','2021-07-30 17:19:01','Запорізька область - Київська область 20 грн/км'),(1299,15,6,'Влад','2021-07-30 17:20:05','відміна Красиловка, Київська область, Україна - Красиловка, Київська область, Україна 0 грн/км'),(1300,16,3,'Саша','2021-07-30 17:54:26','очікування'),(1301,16,3,'Саша','2021-07-30 17:54:33','очікування'),(1302,16,4,'Саша','2021-07-30 17:54:55','Львівська область - Киев, Україна - Київська область 15 грн/км'),(1303,15,1,'Влад','2021-07-30 17:55:16','Київська область - Колонщина, Київська область, Україна - Одеська область 18 грн/км'),(1304,16,3,'Саша','2021-07-30 17:55:23','очікування'),(1305,15,1,'Влад','2021-07-30 17:55:32','Одеська область - Київська область 15 грн/км'),(1306,16,3,'Саша','2021-07-30 17:55:33','очікування'),(1307,15,1,'Влад','2021-07-30 17:57:15','Київська область - Київська область 0 грн/км'),(1308,15,1,'Влад','2021-07-30 17:59:49','Харківська область - Київська область 15 грн/км'),(1309,15,6,'Влад','2021-07-30 18:00:00','відміна Харьков, Харківська область, Україна - Копилів, Київська область, Україна 15 грн/км'),(1310,15,1,'Влад','2021-07-30 18:00:25','Харківська область - Київська область 13 грн/км'),(1311,15,1,'Влад','2021-07-30 18:01:38','Дніпропетровська область - Одеська область 23 грн/км'),(1312,15,1,'Влад','2021-07-30 18:02:24','Чернівецька область - Київська область 14 грн/км'),(1313,15,1,'Влад','2021-07-30 18:05:36','Київська область - Одеська область 21 грн/км'),(1314,15,3,'Влад','2021-07-30 18:05:44','очікування'),(1315,14,3,'Діма','2021-07-30 18:05:59','очікування'),(1316,15,1,'Влад','2021-07-30 18:06:08','Чернівецька область - Київська область 12 грн/км'),(1317,15,3,'Влад','2021-07-30 18:06:43','очікування'),(1318,15,3,'Влад','2021-07-30 18:06:59','очікування'),(1319,15,3,'Влад','2021-07-30 18:07:20','очікування'),(1320,17,3,'Лёша','2021-08-02 11:28:18','очікування'),(1321,17,1,'Лёша','2021-08-02 11:29:16','Київська область - Колонщина, Київська область, Україна - Днепр, Дніпропетровська область, Україна - Донецька область 22 грн/км'),(1322,17,3,'Лёша','2021-08-02 11:29:28','очікування'),(1323,17,1,'Лёша','2021-08-02 11:29:59','Київська область - Київська область 0 грн/км'),(1324,17,3,'Лёша','2021-08-02 11:30:07','очікування'),(1325,16,1,'Саша','2021-08-02 14:31:57','Запорізька область - Харківська область 27 грн/км'),(1326,16,1,'Саша','2021-08-02 16:44:03','Одеська область - Київська область 15 грн/км'),(1327,16,1,'Саша','2021-08-02 16:44:17','Київська область - Колонщина, Київська область, Україна - Донецька область 24 грн/км'),(1328,16,3,'Саша','2021-08-02 16:44:28','очікування'),(1329,16,1,'Саша','2021-08-02 16:44:52','Одеська область - Великодолинское, Одеська область, Україна - Київська область 14 грн/км'),(1330,16,1,'Саша','2021-08-02 16:45:16','Одеська область - Николаев, Миколаївська область, Україна - Чернігівська область 17 грн/км'),(1331,16,1,'Саша','2021-08-02 16:45:34','Київська область - Колонщина, Київська область, Україна - Кривой Рог, Дніпропетровська область, Україна - Дніпропетровська область 18 грн/км'),(1332,16,1,'Саша','2021-08-02 16:46:44','Київська область - Харків, Харківська область, Україна - Дніпропетровська область 20 грн/км'),(1333,16,1,'Саша','2021-08-02 16:47:00','Дніпропетровська область - Сумська область 24 грн/км'),(1334,16,1,'Саша','2021-08-02 16:47:16','Київська область - Харківська область 23 грн/км'),(1335,16,1,'Саша','2021-08-02 16:59:50','Київська область - Столичное шоссе, Київ, Україна - Одеська область 19 грн/км'),(1336,16,3,'Саша','2021-08-02 17:08:54','очікування'),(1337,16,3,'Саша','2021-08-02 17:08:59','очікування'),(1338,16,3,'Саша','2021-08-02 17:09:06','очікування'),(1339,16,1,'Саша','2021-08-02 17:10:02','Дніпропетровська область - Миколаївська область 25 грн/км'),(1340,15,1,'Влад','2021-08-02 17:51:18','Одеська область - Київська область 15 грн/км'),(1341,15,1,'Влад','2021-08-02 17:52:00','Київська область - Київська область 0 грн/км'),(1342,15,3,'Влад','2021-08-02 17:52:54','очікування'),(1343,15,1,'Влад','2021-08-02 17:55:29','Київська область - Кривой Рог, Дніпропетровська область, Україна - Днепр, Дніпропетровська область, Україна - Одеська область 21 грн/км'),(1344,15,3,'Влад','2021-08-02 17:55:38','очікування'),(1345,15,1,'Влад','2021-08-02 17:58:56','Київська область - Колонщина, Київська область, Україна - Одеська область 21 грн/км'),(1346,15,6,'Влад','2021-08-02 17:59:08','відміна Копилів, Київська область, Україна - Одесса, Одеська область, Україна 21 грн/км'),(1347,15,1,'Влад','2021-08-02 17:59:31','Київська область - Колонщина, Київська область, Україна - Одеська область 21 грн/км'),(1348,15,1,'Влад','2021-08-02 17:59:50','Одеська область - Київська область 15 грн/км'),(1349,15,1,'Влад','2021-08-02 18:01:04','Одеська область - Львівська область 16 грн/км'),(1350,15,3,'Влад','2021-08-02 18:01:30','очікування'),(1351,15,3,'Влад','2021-08-02 18:02:01','очікування'),(1352,15,1,'Влад','2021-08-02 18:02:41','Харківська область - Днепр, Дніпропетровська область, Україна - Київська область 17 грн/км'),(1353,15,3,'Влад','2021-08-02 18:03:55','очікування'),(1354,15,1,'Влад','2021-08-02 18:04:25','Київська область - Колонщина, Київська область, Україна - Київська область 123 грн/км'),(1355,15,1,'Влад','2021-08-02 18:05:09','Львівська область - Київська область 16 грн/км'),(1356,15,3,'Влад','2021-08-02 18:05:16','очікування'),(1357,15,1,'Влад','2021-08-02 18:05:52','Одеська область - Дніпропетровська область 18 грн/км'),(1358,15,6,'Влад','2021-08-02 18:06:09','відміна Киев, Україна - Киев, Україна 123 грн/км'),(1359,15,1,'Влад','2021-08-02 18:06:28','Київська область - Колонщина, Київська область, Україна - Одеська область 20 грн/км'),(1360,15,1,'Влад','2021-08-02 18:06:44','Дніпропетровська область - Київська область 17 грн/км'),(1361,15,1,'Влад','2021-08-02 18:07:17','Київська область - Київська область 0 грн/км'),(1362,15,1,'Влад','2021-08-02 18:07:44','Київська область - Белая Церковь, Київська область, Україна - Вольногорск, Дніпропетровська область, Україна - Київська область 20 грн/км'),(1363,17,3,'Лёша','2021-08-03 09:08:39','очікування'),(1364,17,3,'Лёша','2021-08-03 09:08:52','очікування'),(1365,17,3,'Лёша','2021-08-03 09:09:08','очікування'),(1366,17,3,'Лёша','2021-08-03 09:09:15','очікування'),(1367,17,3,'Лёша','2021-08-03 09:09:24','очікування'),(1368,16,1,'Саша','2021-08-03 10:59:42','Харківська область - Київська область 12 грн/км'),(1369,16,3,'Саша','2021-08-03 10:59:46','очікування'),(1370,16,1,'Саша','2021-08-03 11:00:07','Київська область - Черкассы, Черкаська область, Україна - Требухов, Київська область, Україна - Дніпропетровська область 19 грн/км'),(1371,16,1,'Саша','2021-08-03 11:00:21','Одеська область - Дніпропетровська область 19 грн/км'),(1372,16,3,'Саша','2021-08-03 11:00:32','очікування'),(1373,16,1,'Саша','2021-08-03 11:06:29','Київська область - Колонщина, Київська область, Україна - Кривой Рог, Дніпропетровська область, Україна - Дніпропетровська область 19 грн/км'),(1374,16,1,'Саша','2021-08-03 11:06:47','Дніпропетровська область - Покров, Дніпропетровська область, Україна - Одеська область 20 грн/км'),(1375,16,1,'Саша','2021-08-03 11:07:03','Одеська область - Запорізька область 21 грн/км'),(1376,16,1,'Саша','2021-08-03 11:07:17','Запорізька область - Кривой Рог, Дніпропетровська область, Україна - Миколаївська область 25 грн/км'),(1377,16,3,'Саша','2021-08-03 11:07:23','очікування'),(1378,16,1,'Саша','2021-08-03 11:07:36','Сумська область - Тростянец, Сумська область, Україна - Київська область 16 грн/км'),(1379,16,3,'Саша','2021-08-03 11:10:12','очікування'),(1380,16,1,'Саша','2021-08-03 11:10:59','Миколаївська область - Копилів, Київська область, Україна - Київська область 16 грн/км'),(1381,16,1,'Саша','2021-08-03 11:11:22','Київська область - Київська область 0 грн/км'),(1382,16,3,'Саша','2021-08-03 11:16:17','очікування'),(1383,16,1,'Саша','2021-08-03 11:27:17','Київська область - Харківська область 21 грн/км'),(1384,16,1,'Саша','2021-08-03 11:44:01','Дніпропетровська область - Васильевка, Дніпропетровська область, Україна - Київська область 16 грн/км'),(1385,16,1,'Саша','2021-08-03 11:49:25','Харківська область - Тростянец, Сумська область, Україна - Київська область 14 грн/км'),(1386,16,1,'Саша','2021-08-03 13:03:42','Миколаївська область - Київська область 18 грн/км'),(1387,15,3,'Влад','2021-08-03 14:26:09','очікування'),(1388,15,3,'Влад','2021-08-03 14:29:35','очікування'),(1389,15,1,'Влад','2021-08-03 14:42:16','Київська область - Тарасовка, Київська область, Україна - Днепр, Дніпропетровська область, Україна - Запорізька область 23 грн/км'),(1390,15,1,'Влад','2021-08-03 15:05:48','Одеська область - Київська область 22 грн/км'),(1391,15,3,'Влад','2021-08-03 15:34:38','очікування'),(1392,15,1,'Влад','2021-08-03 15:34:57','Львівська область - Київська область 16 грн/км'),(1393,15,3,'Влад','2021-08-03 15:35:11','очікування'),(1394,15,3,'Влад','2021-08-03 15:46:51','очікування'),(1395,15,1,'Влад','2021-08-03 15:47:51','Одеська область - Запорізька область 21 грн/км'),(1396,15,1,'Влад','2021-08-03 15:48:07','Київська область - Одеська область 20 грн/км'),(1397,15,3,'Влад','2021-08-03 15:48:20','очікування'),(1398,15,3,'Влад','2021-08-03 15:48:36','очікування'),(1399,15,3,'Влад','2021-08-03 15:49:15','очікування'),(1400,16,1,'Саша','2021-08-03 16:30:01','Чернігівська область - Дніпропетровська область 20 грн/км'),(1401,15,6,'Влад','2021-08-03 16:59:25','відміна Киев, Україна - Киев, Україна 0 грн/км'),(1402,14,3,'Діма','2021-08-03 17:06:47','очікування'),(1403,16,3,'Саша','2021-08-03 17:20:32','очікування'),(1404,16,1,'Саша','2021-08-03 17:59:32','Дніпропетровська область - Новоолександрівка, Дніпропетровська область, Україна - Красиловка, Київська область, Україна - Київська область 17 грн/км'),(1405,16,6,'Саша','2021-08-03 17:59:42','відміна Киев, Україна - Днепр, Дніпропетровська область, Україна 19 грн/км'),(1406,16,1,'Саша','2021-08-03 18:00:05','Київська область - Черкассы, Черкаська область, Україна - Требухов, Київська область, Україна - Львівська область 18 грн/км'),(1407,16,1,'Саша','2021-08-04 10:19:13','Київська область - Дніпропетровська область 20 грн/км'),(1408,16,1,'Саша','2021-08-04 10:19:27','Харківська область - Полтавська область 22 грн/км'),(1409,16,3,'Саша','2021-08-04 10:19:40','очікування'),(1410,16,3,'Саша','2021-08-04 10:20:12','очікування'),(1411,16,3,'Саша','2021-08-04 10:20:18','очікування'),(1412,16,3,'Саша','2021-08-04 10:20:37','очікування'),(1413,16,3,'Саша','2021-08-04 10:20:42','очікування'),(1414,16,6,'Саша','2021-08-04 10:20:45','відміна Нові Петрівці, Київська область, Україна - Нові Петрівці, Київська область, Україна 0 грн/км'),(1415,16,3,'Саша','2021-08-04 10:21:28','очікування'),(1416,16,1,'Саша','2021-08-04 10:22:27','Дніпропетровська область - Київська область 17 грн/км'),(1417,16,1,'Саша','2021-08-04 10:54:08','Полтавська область - Запорожье, Запорізька область, Україна - Одеська область 19 грн/км'),(1418,16,1,'Саша','2021-08-04 10:56:18','Київська область - Щасливе, Київська область, Україна - Одеська область 20 грн/км'),(1419,16,1,'Саша','2021-08-04 11:15:52','Київська область - улица Академика Булаховского, Київ, Україна - Глобино, Полтавська область, Україна - Рівненська область 23 грн/км'),(1420,16,3,'Саша','2021-08-04 11:26:51','очікування'),(1421,16,1,'Саша','2021-08-04 11:29:49','Київська область - Одеська область 21 грн/км'),(1422,16,1,'Саша','2021-08-04 11:32:58','Київська область - Беспятное, Київська область, Україна - Миколаївська область 18 грн/км'),(1423,16,1,'Саша','2021-08-04 11:34:51','Київська область - Колонщина, Київська область, Україна - Кривой Рог, Дніпропетровська область, Україна - Дніпропетровська область 19 грн/км'),(1424,17,6,'Лёша','2021-08-04 11:56:30','відміна Мариуполь, Донецька область, Україна - Мариуполь, Донецька область, Україна 0 грн/км'),(1425,17,1,'Лёша','2021-08-04 11:56:49','Донецька область - Запорізька область 0 грн/км'),(1426,17,3,'Лёша','2021-08-04 11:56:59','очікування'),(1427,17,1,'Лёша','2021-08-04 11:57:35','Запорізька область - Тернопіль, Тернопільська область, Україна - Львівська область 16 грн/км'),(1428,17,6,'Лёша','2021-08-04 11:58:04','відміна Запорожье, Запорізька область, Україна - Львів, Львівська область, Україна 16 грн/км'),(1429,17,1,'Лёша','2021-08-04 11:58:53','Запорізька область - Тернопіль, Тернопільська область, Україна - Львівська область 16 грн/км'),(1430,17,6,'Лёша','2021-08-04 11:59:08','відміна Киев, Україна - Киев, Україна 0 грн/км'),(1431,17,1,'Лёша','2021-08-04 11:59:42','Київська область - Львівська область 17 грн/км'),(1432,17,1,'Лёша','2021-08-04 12:00:27','Львівська область - Київська область 16 грн/км'),(1433,17,3,'Лёша','2021-08-04 12:02:26','очікування'),(1434,17,3,'Лёша','2021-08-04 12:04:25','очікування'),(1435,16,1,'Саша','2021-08-04 14:32:59','Одеська область - Харківська область 18 грн/км'),(1436,15,3,'Влад','2021-08-04 16:42:44','очікування'),(1437,15,3,'Влад','2021-08-04 16:43:09','очікування'),(1438,15,3,'Влад','2021-08-04 16:44:46','очікування'),(1439,15,3,'Влад','2021-08-04 16:45:09','очікування'),(1440,15,3,'Влад','2021-08-04 16:45:44','очікування'),(1441,15,1,'Влад','2021-08-04 16:46:34','Донецька область - Запорожье, Запорізька область, Україна - Київська область 15 грн/км'),(1442,15,3,'Влад','2021-08-04 16:58:38','очікування'),(1443,15,3,'Влад','2021-08-04 16:58:54','очікування'),(1444,15,1,'Влад','2021-08-04 17:01:19','Одеська область - Київська область 17 грн/км'),(1445,15,3,'Влад','2021-08-04 17:01:45','очікування'),(1446,15,3,'Влад','2021-08-04 17:03:48','очікування'),(1447,16,6,'Саша','2021-08-04 17:46:01','відміна Львів, Львівська область, Україна - Львів, Львівська область, Україна 0 грн/км'),(1448,15,1,'Влад','2021-08-04 18:01:05','Київська область - Одеська область 21 грн/км'),(1449,15,3,'Влад','2021-08-04 18:01:15','очікування'),(1450,15,3,'Влад','2021-08-04 18:01:20','очікування'),(1451,16,1,'Саша','2021-08-05 09:05:44','Миколаївська область - Київська область 18 грн/км'),(1452,16,6,'Саша','2021-08-05 09:07:43','відміна Днепр, Дніпропетровська область, Україна - Красиловка, Київська область, Україна 17 грн/км'),(1453,16,1,'Саша','2021-08-05 09:15:01','Дніпропетровська область - Київська область 17 грн/км'),(1454,16,3,'Саша','2021-08-05 09:20:06','очікування'),(1455,16,3,'Саша','2021-08-05 09:21:13','очікування'),(1456,16,6,'Саша','2021-08-05 10:11:22','відміна Киев, Україна - Львів, Львівська область, Україна 18 грн/км'),(1457,16,1,'Саша','2021-08-05 10:44:01','Київська область - Черкассы, Черкаська область, Україна - Требухов, Київська область, Україна - Дніпропетровська область 19 грн/км'),(1458,16,1,'Саша','2021-08-05 10:45:13','Дніпропетровська область - Одеська область 22 грн/км'),(1459,16,3,'Саша','2021-08-05 10:45:18','очікування'),(1460,17,1,'Лёша','2021-08-05 11:11:34','Київська область - Одеська область 21 грн/км'),(1461,16,1,'Саша','2021-08-05 11:12:24','Київська область - улица Академика Булаховского, Київ, Україна - Богодухов, Харківська область, Україна - Харківська область 20 грн/км'),(1462,16,1,'Саша','2021-08-05 11:14:15','Київська область - Дударков, Київська область, Україна - Харківська область 23 грн/км'),(1463,17,1,'Лёша','2021-08-05 11:14:41','Львівська область - Васищево, Харківська область, Україна - Харківська область 16 грн/км'),(1464,17,6,'Лёша','2021-08-05 11:15:33','відміна Львів, Львівська область, Україна - Харьков, Харківська область, Україна 16 грн/км'),(1465,17,3,'Лёша','2021-08-05 11:15:53','очікування'),(1466,17,6,'Лёша','2021-08-05 11:17:04','відміна Львів, Львівська область, Україна - Киев, Україна 16 грн/км'),(1467,17,1,'Лёша','2021-08-05 11:17:40','Львівська область - Васищево, Харківська область, Україна - Харківська область 16 грн/км'),(1468,17,3,'Лёша','2021-08-05 11:17:49','очікування'),(1469,17,1,'Лёша','2021-08-05 11:18:24','Київська область - Колонщина, Київська область, Україна - Львівська область 19 грн/км'),(1470,17,3,'Лёша','2021-08-05 11:18:32','очікування'),(1471,16,1,'Саша','2021-08-05 11:54:33','Київська область - Белогородка, Київська область, Україна - Дніпропетровська область 17 грн/км'),(1472,16,1,'Саша','2021-08-05 12:08:38','Київська область - Софиевская Борщаговка, Київська область, Україна - Полтавська область 19 грн/км'),(1473,15,3,'Влад','2021-08-05 16:26:19','очікування'),(1474,15,3,'Влад','2021-08-05 16:26:50','очікування'),(1475,15,1,'Влад','2021-08-05 16:27:34','Запорізька область - Київська область 20 грн/км'),(1476,15,1,'Влад','2021-08-05 16:28:36','Київська область - Колонщина, Київська область, Україна - Днепр, Дніпропетровська область, Україна - Запорізька область 19 грн/км'),(1477,15,3,'Влад','2021-08-05 16:29:10','очікування'),(1478,15,3,'Влад','2021-08-05 16:29:39','очікування'),(1479,15,3,'Влад','2021-08-05 16:30:31','очікування'),(1480,16,6,'Саша','2021-08-05 16:53:15','відміна Чайки, Київська область, Україна - Днипро, Дніпропетровська область, Україна 17 грн/км'),(1481,16,3,'Саша','2021-08-05 17:12:14','очікування'),(1482,16,1,'Саша','2021-08-05 17:12:24','Київська область - Київська область 0 грн/км'),(1483,16,6,'Саша','2021-08-05 17:14:02','відміна Николаев, Миколаївська область, Україна - Квітневе, Київська область, Україна 18 грн/км'),(1484,15,1,'Влад','2021-08-05 17:24:57','Одеська область - Херсон, Херсонська область, Україна - Київська область 15 грн/км'),(1485,15,1,'Влад','2021-08-05 17:28:48','Запорізька область - Миколаївська область 24 грн/км'),(1486,15,3,'Влад','2021-08-05 17:29:26','очікування'),(1487,15,1,'Влад','2021-08-05 17:29:54','Київська область - Одеська область 23 грн/км'),(1488,15,1,'Влад','2021-08-05 17:30:27','Київська область - Івано-Франківська область 28 грн/км'),(1489,16,1,'Саша','2021-08-06 09:56:43','Київська область - Харківська область 20 грн/км'),(1490,16,1,'Саша','2021-08-06 09:57:04','Київська область - Колонщина, Київська область, Україна - Кривой Рог, Дніпропетровська область, Україна - Дніпропетровська область 19 грн/км'),(1491,16,6,'Саша','2021-08-06 09:57:13','відміна вулиця Академіка Бутлерова, 8, Київ, Україна - Днепр, Дніпропетровська область, Україна 19 грн/км'),(1492,16,1,'Саша','2021-08-06 09:57:38','Київська область - Колонщина, Київська область, Україна - Кривой Рог, Дніпропетровська область, Україна - Дніпропетровська область 18 грн/км'),(1493,16,1,'Саша','2021-08-06 09:57:55','Київська область - Колонщина, Київська область, Україна - Одеська область 19 грн/км'),(1494,16,6,'Саша','2021-08-06 09:58:06','відміна Киев, Україна - Харків, Харківська область, Україна 20 грн/км'),(1495,16,1,'Саша','2021-08-06 09:58:18','Миколаївська область - Харківська область 18 грн/км'),(1496,16,3,'Саша','2021-08-06 09:59:49','очікування'),(1497,16,1,'Саша','2021-08-06 10:00:04','Полтавська область - Полтавська область 16 грн/км'),(1498,16,3,'Саша','2021-08-06 10:00:17','очікування'),(1499,16,3,'Саша','2021-08-06 10:02:19','очікування'),(1500,16,1,'Саша','2021-08-06 10:03:21','Дніпропетровська область - Київська область 15 грн/км'),(1501,16,1,'Саша','2021-08-06 10:10:20','Одеська область - Великодолинское, Одеська область, Україна - Київська область 15 грн/км'),(1502,16,1,'Саша','2021-08-06 10:11:06','Одеська область - Київська область 16 грн/км'),(1503,16,1,'Саша','2021-08-06 10:49:40','Харківська область - Київська область 15 грн/км'),(1504,16,1,'Саша','2021-08-06 10:57:12','Харківська область - Київська область 12 грн/км'),(1505,16,1,'Саша','2021-08-06 11:16:38','Харківська область - Київська область 12 грн/км'),(1506,16,3,'Саша','2021-08-06 11:29:40','очікування'),(1507,16,1,'Саша','2021-08-06 11:41:54','Одеська область - Київська область 15 грн/км'),(1508,16,1,'Саша','2021-08-06 11:43:03','Одеська область - Київська область 15 грн/км'),(1509,16,1,'Саша','2021-08-06 11:43:14','Київська область - Львівська область 25 грн/км'),(1510,16,6,'Саша','2021-08-06 11:43:23','відміна Одесса, Одеська область, Україна - Киев, Україна 16 грн/км'),(1511,16,3,'Саша','2021-08-06 11:43:26','очікування'),(1512,16,6,'Саша','2021-08-06 15:28:41','відміна Одесса, Одеська область, Україна - Киев, Україна 15 грн/км'),(1513,15,3,'Влад','2021-08-06 16:24:42','очікування'),(1514,15,1,'Влад','2021-08-06 16:46:14','Київська область - Перемога, Київська область, Україна - Київська область 262 грн/км'),(1515,15,6,'Влад','2021-08-06 16:46:28','відміна Киев, Україна - Квитневое, Київська область, Україна 262 грн/км'),(1516,15,3,'Влад','2021-08-06 16:47:54','очікування'),(1517,15,3,'Влад','2021-08-06 16:48:19','очікування'),(1518,15,1,'Влад','2021-08-06 16:49:02','Запорізька область - Івано-Франківська область 20 грн/км'),(1519,15,3,'Влад','2021-08-06 16:49:35','очікування'),(1520,15,3,'Влад','2021-08-06 16:51:56','очікування'),(1521,15,3,'Влад','2021-08-06 17:03:21','очікування'),(1522,15,3,'Влад','2021-08-06 17:04:46','очікування'),(1523,15,1,'Влад','2021-08-06 17:08:54','Миколаївська область - Київська область 19 грн/км'),(1524,15,1,'Влад','2021-08-06 17:09:15','Одеська область - Київська область 15 грн/км'),(1525,15,1,'Влад','2021-08-06 17:09:36','Одеська область - Київська область 17 грн/км'),(1526,15,3,'Влад','2021-08-06 17:10:32','очікування'),(1527,15,1,'Влад','2021-08-06 17:12:14','Київська область - Кривой Рог, Дніпропетровська область, Україна - Дніпропетровська область 22 грн/км'),(1528,15,6,'Влад','2021-08-06 17:16:11','відміна улица Академика Бутлерова, Київ, Україна - Одесса, Одеська область, Україна 21 грн/км'),(1529,15,4,'Влад','2021-08-06 17:16:29','Київська область - Львівська область 19 грн/км'),(1530,15,4,'Влад','2021-08-06 17:18:19','Львівська область - Одесса, Одеська область, Україна - Одеська область 19 грн/км'),(1531,16,1,'Саша','2021-08-06 17:26:52','Рівненська область - Смолигів, Волинська область, Україна - Одеська область 17 грн/км'),(1532,15,3,'Влад','2021-08-06 17:28:02','очікування'),(1533,15,3,'Влад','2021-08-06 17:29:42','очікування'),(1534,15,3,'Влад','2021-08-06 17:30:44','очікування'),(1535,15,3,'Влад','2021-08-06 17:31:11','очікування'),(1536,15,3,'Влад','2021-08-06 17:31:32','очікування'),(1537,16,1,'Саша','2021-08-06 17:35:33','Дніпропетровська область - Днипро, Дніпропетровська область, Україна - Київська область 17 грн/км'),(1538,16,1,'Саша','2021-08-06 17:59:02','Одеська область - Київська область 20 грн/км'),(1539,16,1,'Саша','2021-08-06 17:59:21','Одеська область - Київська область 15 грн/км'),(1540,16,1,'Саша','2021-08-06 17:59:54','Київська область - Колонщина, Київська область, Україна - Одеська область 19 грн/км'),(1541,16,1,'Саша','2021-08-06 18:00:04','Одеська область - Київська область 15 грн/км'),(1542,16,3,'Саша','2021-08-06 18:00:21','очікування'),(1543,16,1,'Саша','2021-08-06 18:01:22','Полтавська область - Майбородовка, Полтавська область, Україна - Одеська область 25 грн/км'),(1544,16,1,'Саша','2021-08-09 15:57:30','Одеська область - Київська область 14 грн/км'),(1545,16,1,'Саша','2021-08-09 15:58:35','Київська область - Колонщина, Київська область, Україна - Одеська область 19 грн/км'),(1546,16,1,'Саша','2021-08-09 15:58:47','Київська область - Київська область 0 грн/км'),(1547,16,3,'Саша','2021-08-09 15:59:18','очікування'),(1548,16,1,'Саша','2021-08-09 15:59:55','Львівська область - Київська область 15 грн/км'),(1549,16,1,'Саша','2021-08-09 16:06:03','Київська область - Колонщина, Київська область, Україна - Кривой Рог, Дніпропетровська область, Україна - Дніпропетровська область 19 грн/км'),(1550,16,6,'Саша','2021-08-09 16:07:40','відміна Квітневе, Київська область, Україна - Днепр, Дніпропетровська область, Україна 18 грн/км'),(1551,16,1,'Саша','2021-08-09 16:08:14','Київська область - Колонщина, Київська область, Україна - Днепр, Дніпропетровська область, Україна - Дніпропетровська область 17 грн/км'),(1552,16,1,'Саша','2021-08-09 16:09:17','Дніпропетровська область - Вольногорск, Дніпропетровська область, Україна - Запорізька область 20 грн/км'),(1553,16,1,'Саша','2021-08-09 16:10:59','Київська область - Київська область 0 грн/км'),(1554,16,1,'Саша','2021-08-09 16:11:20','Харківська область - Київська область 13 грн/км'),(1555,16,1,'Саша','2021-08-09 16:11:40','Київська область - Чайки, Київська область, Україна - Черкаська область 19 грн/км'),(1556,16,1,'Саша','2021-08-09 16:12:20','Черкаська область - Степанці, Черкаська область, Україна - Одеська область 19 грн/км'),(1557,16,1,'Саша','2021-08-09 16:12:38','Київська область - Колонщина, Київська область, Україна - Донецька область 22 грн/км'),(1558,16,3,'Саша','2021-08-09 16:12:46','очікування'),(1559,16,3,'Саша','2021-08-09 16:12:51','очікування'),(1560,16,1,'Саша','2021-08-09 16:13:07','Київська область - Колонщина, Київська область, Україна - Кривой Рог, Дніпропетровська область, Україна - Дніпропетровська область 20 грн/км'),(1561,16,3,'Саша','2021-08-09 16:13:13','очікування'),(1562,16,1,'Саша','2021-08-09 16:25:47','Київська область - Колонщина, Київська область, Україна - Одеська область 20 грн/км'),(1563,16,1,'Саша','2021-08-09 16:27:27','Київська область - Тарасовка, Київська область, Україна - Кривой Рог, Дніпропетровська область, Україна - Запорізька область 21 грн/км'),(1564,16,1,'Саша','2021-08-09 16:44:04','Київська область - Одеська область 22 грн/км'),(1565,16,3,'Саша','2021-08-09 16:48:26','очікування'),(1566,16,3,'Саша','2021-08-09 16:48:30','очікування'),(1567,16,3,'Саша','2021-08-09 16:48:33','очікування'),(1568,16,1,'Саша','2021-08-09 16:49:09','Одеська область - Великодолинское, Одеська область, Україна - Запорізька область 20 грн/км'),(1569,16,1,'Саша','2021-08-09 16:49:54','Київська область - Дніпропетровська область 20 грн/км'),(1570,16,3,'Саша','2021-08-09 16:50:15','очікування'),(1571,16,1,'Саша','2021-08-09 16:51:40','Запорізька область - Сумська область 20 грн/км'),(1572,16,3,'Саша','2021-08-09 16:52:13','очікування'),(1573,16,3,'Саша','2021-08-09 16:53:07','очікування'),(1574,16,3,'Саша','2021-08-09 16:53:23','очікування'),(1575,16,6,'Саша','2021-08-09 16:53:36','відміна Квітневе, Київська область, Україна - Квітневе, Київська область, Україна 0 грн/км'),(1576,16,6,'Саша','2021-08-09 16:53:40','відміна Квітневе, Київська область, Україна - Квітневе, Київська область, Україна 0 грн/км'),(1577,16,3,'Саша','2021-08-09 16:53:43','очікування'),(1578,16,1,'Саша','2021-08-09 17:03:39','Київська область - Беспятное, Київська область, Україна - Миколаївська область 19 грн/км'),(1579,16,6,'Саша','2021-08-09 17:16:45','відміна улица Академика Бутлерова, Київ, Україна - Одесса, Одеська область, Україна 22 грн/км'),(1580,16,1,'Саша','2021-08-09 17:17:01','Київська область - Требухов, Київська область, Україна - Харківська область 23 грн/км'),(1581,15,1,'Влад','2021-08-09 17:48:42','Івано-Франківська область - Моршин, Львівська область, Україна - Київська область 12 грн/км'),(1582,15,3,'Влад','2021-08-09 17:48:56','очікування'),(1583,15,1,'Влад','2021-08-09 17:49:27','Київська область - Бровары, Київська область, Україна - Львівська область 19 грн/км'),(1584,15,3,'Влад','2021-08-09 17:49:34','очікування'),(1585,15,1,'Влад','2021-08-09 17:50:09','Київська область - Киев, Україна - Житомир, Житомирська область, Україна - Львівська область 23 грн/км'),(1586,15,1,'Влад','2021-08-09 17:50:50','Київська область - Львівська область 20 грн/км'),(1587,15,3,'Влад','2021-08-09 17:50:56','очікування'),(1588,15,1,'Влад','2021-08-09 17:51:52','Львівська область - Струтин, Львівська область, Україна - Київська область 15 грн/км'),(1589,15,3,'Влад','2021-08-09 17:52:38','очікування'),(1590,15,1,'Влад','2021-08-09 17:53:07','Дніпропетровська область - Київська область 20 грн/км'),(1591,15,1,'Влад','2021-08-09 17:54:10','Київська область - Херсон, Херсонська область, Україна - Київська область 20 грн/км'),(1592,15,3,'Влад','2021-08-09 17:54:21','очікування'),(1593,15,3,'Влад','2021-08-09 17:54:31','очікування'),(1594,15,1,'Влад','2021-08-09 17:55:15','Київська область - Кропивни&#769;цкий, Кіровоградська область, Україна - Кривой Рог, Дніпропетровська область, Україна - Херсонська область 25 грн/км'),(1595,15,3,'Влад','2021-08-09 17:55:44','очікування'),(1596,15,1,'Влад','2021-08-09 17:56:17','Київська область - Колонщина, Київська область, Україна - Донецька область 23 грн/км'),(1597,15,3,'Влад','2021-08-09 17:56:49','очікування'),(1598,15,1,'Влад','2021-08-09 17:57:20','Київська область - Колонщина, Київська область, Україна - Одесса, Одеська область, Україна - Миколаївська область 19 грн/км'),(1599,15,1,'Влад','2021-08-09 17:57:52','Київська область - Львівська область 20 грн/км'),(1600,15,3,'Влад','2021-08-09 17:57:57','очікування'),(1601,15,1,'Влад','2021-08-09 17:58:17','Львівська область - Київська область 15 грн/км'),(1602,15,3,'Влад','2021-08-09 17:58:33','очікування'),(1603,16,1,'Саша','2021-08-10 09:04:56','Харківська область - Київська область 15 грн/км'),(1604,16,3,'Саша','2021-08-10 09:05:41','очікування'),(1605,16,3,'Саша','2021-08-10 11:00:27','очікування'),(1606,16,3,'Саша','2021-08-10 11:00:33','очікування'),(1607,16,1,'Саша','2021-08-10 11:01:50','Дніпропетровська область - Умань, Черкаська область, Україна - Львівська область 18 грн/км'),(1608,16,3,'Саша','2021-08-10 11:02:00','очікування'),(1609,16,3,'Саша','2021-08-10 11:02:05','очікування'),(1610,16,3,'Саша','2021-08-10 11:03:52','очікування'),(1611,17,6,'Лёша','2021-08-10 11:24:44','відміна улица Академика Бутлерова, Київ, Україна - Львів, Львівська область, Україна 19 грн/км'),(1612,17,1,'Лёша','2021-08-10 11:26:22','Київська область - Борисполь, Київська область, Україна - Львівська область 16 грн/км'),(1613,17,1,'Лёша','2021-08-10 11:26:52','Львівська область - Київська область 17 грн/км'),(1614,17,1,'Лёша','2021-08-10 11:27:16','Київська область - Київська область 0 грн/км'),(1615,17,3,'Лёша','2021-08-10 11:27:26','очікування'),(1616,17,3,'Лёша','2021-08-10 11:27:33','очікування'),(1617,17,3,'Лёша','2021-08-10 11:27:38','очікування'),(1618,17,1,'Лёша','2021-08-10 11:31:25','Одеська область - Бурлачья Балка, Одеська область, Україна - Квитневое, Київська область, Україна - Київська область 14 грн/км'),(1619,17,1,'Лёша','2021-08-10 11:32:04','Київська область - Колонщина, Київська область, Україна - Львівська область 20 грн/км'),(1620,17,1,'Лёша','2021-08-10 11:41:51','Харківська область - Київська область 0 грн/км'),(1621,17,3,'Лёша','2021-08-10 11:41:58','очікування'),(1622,17,3,'Лёша','2021-08-10 11:42:20','очікування'),(1623,17,1,'Лёша','2021-08-10 11:45:42','Львівська область - Київська область 15 грн/км'),(1624,17,1,'Лёша','2021-08-10 11:47:56','Київська область - Колонщина, Київська область, Україна - Львівська область 18 грн/км'),(1625,17,6,'Лёша','2021-08-10 11:48:05','відміна Дударков, Київська область, Україна - Львів, Львівська область, Україна 18 грн/км'),(1626,17,1,'Лёша','2021-08-10 11:48:29','Київська область - Колонщина, Київська область, Україна - Львівська область 18 грн/км'),(1627,17,3,'Лёша','2021-08-10 11:48:42','очікування'),(1628,17,3,'Лёша','2021-08-10 11:55:57','очікування'),(1629,17,6,'Лёша','2021-08-10 11:56:55','відміна Киев, Україна - Львів, Львівська область, Україна 20 грн/км'),(1630,17,1,'Лёша','2021-08-10 11:57:21','Київська область - Колонщина, Київська область, Україна - Одеська область 20 грн/км'),(1631,16,6,'Саша','2021-08-10 14:16:59','відміна Киев, Україна - Днепр, Дніпропетровська область, Україна 20 грн/км'),(1632,16,1,'Саша','2021-08-10 14:17:12','Київська область - Винница, Вінницька область, Україна - Львівська область 21 грн/км'),(1633,16,1,'Саша','2021-08-10 15:03:43','Одеська область - Київська область 17 грн/км'),(1634,16,6,'Саша','2021-08-10 15:07:47','відміна Мариуполь, Донецька область, Україна - Мариуполь, Донецька область, Україна 0 грн/км'),(1635,16,1,'Саша','2021-08-10 15:08:13','Донецька область - Полтавська область 12 грн/км'),(1636,16,1,'Саша','2021-08-10 15:08:29','Миколаївська область - Київська область 19 грн/км'),(1637,16,1,'Саша','2021-08-10 15:09:11','Дніпропетровська область - Київська область 17 грн/км'),(1638,16,6,'Саша','2021-08-10 15:12:18','відміна Днепр, Дніпропетровська область, Україна - Киев, Україна 17 грн/км'),(1639,15,1,'Влад','2021-08-10 17:50:58','Київська область - Кропивни&#769;цкий, Кіровоградська область, Україна - Кривой Рог, Дніпропетровська область, Україна - Херсонська область 24 грн/км'),(1640,15,6,'Влад','2021-08-10 17:51:07','відміна Киев, Україна - Херсон, Херсонська область, Україна 24 грн/км'),(1641,15,3,'Влад','2021-08-10 17:51:28','очікування'),(1642,15,3,'Влад','2021-08-10 17:51:43','очікування'),(1643,15,3,'Влад','2021-08-10 17:52:11','очікування'),(1644,15,3,'Влад','2021-08-10 17:52:37','очікування'),(1645,15,1,'Влад','2021-08-10 17:53:02','Івано-Франківська область - Моршин, Львівська область, Україна - Київська область 11 грн/км'),(1646,15,3,'Влад','2021-08-10 17:53:19','очікування'),(1647,15,3,'Влад','2021-08-10 17:53:42','очікування'),(1648,15,3,'Влад','2021-08-10 17:53:50','очікування'),(1649,15,3,'Влад','2021-08-10 17:53:58','очікування'),(1650,15,1,'Влад','2021-08-10 17:54:45','Київська область - Вінницька область 21 грн/км'),(1651,16,1,'Саша','2021-08-11 10:12:05','Київська область - вул.Миколи Хвильового, 15, Київ, Україна - Кіровоградська область 26 грн/км'),(1652,16,3,'Саша','2021-08-11 10:13:42','очікування'),(1653,16,1,'Саша','2021-08-11 10:14:02','Запорізька область - Вольногорск, Дніпропетровська область, Україна - Барановка, Житомирська область, Україна - Запорізька область 18 грн/км'),(1654,16,1,'Саша','2021-08-11 10:14:44','Сумська область - Київська область 14 грн/км'),(1655,16,1,'Саша','2021-08-11 10:15:28','Одеська область - Київська область 15 грн/км'),(1656,16,3,'Саша','2021-08-11 10:17:05','очікування'),(1657,16,1,'Саша','2021-08-11 10:17:21','Полтавська область - Одеська область 21 грн/км'),(1658,16,3,'Саша','2021-08-11 10:17:47','очікування'),(1659,16,1,'Саша','2021-08-11 10:18:09','Дніпропетровська область - Харьков, Харківська область, Україна - Кривой Рог, Дніпропетровська область, Україна - Одеська область 18 грн/км'),(1660,17,3,'Лёша','2021-08-11 10:25:19','очікування'),(1661,16,1,'Саша','2021-08-11 10:30:38','Запорізька область - Київська область 17 грн/км'),(1662,16,1,'Саша','2021-08-11 10:43:10','Київська область - Полтавська область 27 грн/км'),(1663,16,3,'Саша','2021-08-11 10:44:16','очікування'),(1664,16,1,'Саша','2021-08-11 10:58:51','Київська область - Полтавська область 21 грн/км'),(1665,16,1,'Саша','2021-08-11 11:11:50','Київська область - Одеська область 23 грн/км'),(1666,16,3,'Саша','2021-08-11 11:12:10','очікування'),(1667,16,3,'Саша','2021-08-11 11:12:35','очікування'),(1668,16,1,'Саша','2021-08-11 11:12:51','Кіровоградська область - Миколаїв, Миколаївська область, Україна - Чернігівська область 14 грн/км'),(1669,16,1,'Саша','2021-08-11 11:29:29','Київська область - Одеська область 18 грн/км'),(1670,16,1,'Саша','2021-08-11 11:30:06','Київська область - Чайки, Київська область, Україна - Черкаська область 24 грн/км'),(1671,16,3,'Саша','2021-08-11 11:32:38','очікування'),(1672,16,3,'Саша','2021-08-11 14:11:09','очікування'),(1673,16,1,'Саша','2021-08-11 15:47:51','Полтавська область - Львівська область 17 грн/км'),(1674,16,1,'Саша','2021-08-11 15:48:46','Полтавська область - Полтава, Полтавська область, Україна - Одеська область 23 грн/км'),(1675,16,1,'Саша','2021-08-11 15:52:46','Львівська область - Кіровоградська область 22 грн/км'),(1676,16,1,'Саша','2021-08-11 16:24:28','Київська область - Софиевская Борщаговка, Київська область, Україна - Харківська область 21 грн/км'),(1677,16,3,'Саша','2021-08-11 16:25:46','очікування'),(1678,15,1,'Влад','2021-08-11 16:29:59','Київська область - Хмельницький, Хмельницька область, Україна - Тернопільська область 23 грн/км'),(1679,15,3,'Влад','2021-08-11 16:30:10','очікування'),(1680,16,1,'Саша','2021-08-11 16:36:47','Київська область - Беспятное, Київська область, Україна - Миколаївська область 19 грн/км'),(1681,15,1,'Влад','2021-08-11 16:46:36','Київська область - Київська область 0 грн/км'),(1682,15,3,'Влад','2021-08-11 16:46:52','очікування'),(1683,15,1,'Влад','2021-08-11 16:47:33','Миколаївська область - Мішково-Погорілове, Миколаївська область, Україна - Київська область 18 грн/км'),(1684,15,1,'Влад','2021-08-11 16:56:59','Донецька область - Хортиця, Запорізька область, Україна - Белогородка, Київська область, Україна - Київська область 14 грн/км'),(1685,16,3,'Саша','2021-08-11 17:02:07','очікування'),(1686,16,1,'Саша','2021-08-11 17:02:23','Київська область - Велика Димерка, Київська область, Україна - Черкаська область 31 грн/км'),(1687,15,3,'Влад','2021-08-11 17:16:12','очікування'),(1688,15,3,'Влад','2021-08-11 17:16:31','очікування'),(1689,15,1,'Влад','2021-08-11 17:19:23','Київська область - Песковка, Київська область, Україна - Київська область 22 грн/км'),(1690,15,3,'Влад','2021-08-11 17:19:58','очікування'),(1691,15,1,'Влад','2021-08-11 17:22:47','Київська область - Київська область 0 грн/км'),(1692,15,1,'Влад','2021-08-11 17:23:12','Львівська область - Дніпропетровська область 17 грн/км'),(1693,15,1,'Влад','2021-08-11 17:29:49','Вінницька область - Тульчин, Вінницька область, Україна - Донецька область 21 грн/км'),(1694,15,1,'Влад','2021-08-11 17:30:25','Львівська область - Київська область 14 грн/км'),(1695,16,3,'Саша','2021-08-11 17:30:38','очікування'),(1696,16,3,'Саша','2021-08-11 17:30:54','очікування'),(1697,16,1,'Саша','2021-08-11 17:31:11','Київська область - Колонщина, Київська область, Україна - Кривой Рог, Дніпропетровська область, Україна - Дніпропетровська область 20 грн/км'),(1698,16,6,'Саша','2021-08-11 17:32:21','відміна Квітневе, Київська область, Україна - Полтава, Полтавська область, Україна 21 грн/км'),(1699,16,6,'Саша','2021-08-11 17:32:25','відміна Полтава, Полтавська область, Україна - Львів, Львівська область, Україна 17 грн/км'),(1700,16,3,'Саша','2021-08-11 17:32:30','очікування'),(1701,16,1,'Саша','2021-08-11 17:32:41','Київська область - Дніпропетровська область 0 грн/км'),(1702,16,6,'Саша','2021-08-11 17:33:02','відміна Красиловка, Київська область, Україна - Харків, Харківська область, Україна 21 грн/км'),(1703,16,1,'Саша','2021-08-11 17:33:19','Київська область - Софиевская Борщаговка, Київська область, Україна - Полтавська область 17 грн/км'),(1704,16,3,'Саша','2021-08-11 17:33:26','очікування'),(1705,16,6,'Саша','2021-08-12 09:38:05','відміна Бутенки, Полтавська область, Україна - Одесса, Одеська область, Україна 23 грн/км'),(1706,16,1,'Саша','2021-08-12 10:00:25','Львівська область - Вінницька область 23 грн/км'),(1707,16,1,'Саша','2021-08-12 10:05:08','Полтавська область - Одеська область 25 грн/км'),(1708,16,1,'Саша','2021-08-12 10:10:21','Полтавська область - Полтава, Полтавська область, Україна - Львівська область 16 грн/км'),(1709,15,3,'Влад','2021-08-12 15:15:42','очікування'),(1710,15,1,'Влад','2021-08-12 15:25:44','Київська область - Дударков, Київська область, Україна - Львівська область 17 грн/км'),(1711,15,1,'Влад','2021-08-12 15:27:56','Київська область - Черкассы, Черкаська область, Україна - Львівська область 19 грн/км'),(1712,15,1,'Влад','2021-08-12 15:30:43','Київська область - Київська область 0 грн/км'),(1713,15,3,'Влад','2021-08-12 15:33:10','очікування'),(1714,15,1,'Влад','2021-08-12 15:47:14','Херсонська область - Київська область 25 грн/км'),(1715,15,3,'Влад','2021-08-12 15:47:47','очікування'),(1716,15,3,'Влад','2021-08-12 15:47:48','очікування'),(1717,15,1,'Влад','2021-08-12 15:48:40','Київська область - Київська область 0 грн/км'),(1718,15,3,'Влад','2021-08-12 15:48:56','очікування'),(1719,15,1,'Влад','2021-08-12 15:49:36','Київська область - Колонщина, Київська область, Україна - Одеська область 20 грн/км'),(1720,15,3,'Влад','2021-08-12 15:50:57','очікування'),(1721,15,3,'Влад','2021-08-12 15:56:20','очікування'),(1722,15,3,'Влад','2021-08-12 15:57:41','очікування'),(1723,15,3,'Влад','2021-08-12 15:59:41','очікування'),(1724,15,3,'Влад','2021-08-12 15:59:50','очікування'),(1725,15,3,'Влад','2021-08-12 15:59:58','очікування'),(1726,15,4,'Влад','2021-08-12 16:05:43','Одеська область - Киев, Україна - Київська область 14 грн/км'),(1727,15,3,'Влад','2021-08-12 16:06:01','очікування'),(1728,16,1,'Саша','2021-08-12 16:06:44','Одеська область - Київська область 15 грн/км'),(1729,15,3,'Влад','2021-08-12 16:07:30','очікування'),(1730,15,4,'Влад','2021-08-12 16:08:22','Львівська область - Одеська область 21 грн/км'),(1731,15,3,'Влад','2021-08-12 16:08:56','очікування'),(1732,16,1,'Саша','2021-08-12 16:58:27','Черкаська область - Степанці, Черкаська область, Україна - Дніпропетровська область 23 грн/км'),(1733,16,3,'Саша','2021-08-12 17:06:52','очікування'),(1734,13,6,'Антон','2021-08-12 19:10:46','відміна Тернополь, Тернопільська область, Україна - Тернополь, Тернопільська область, Україна 0 грн/км'),(1735,13,6,'Антон','2021-08-12 19:10:53','відміна Киев, Україна - Львів, Львівська область, Україна 17 грн/км'),(1736,16,1,'Саша','2021-08-13 10:10:00','Черкаська область - Киев - Львів - Львівська область 20 грн/км'),(1737,16,6,'Саша','2021-08-13 10:10:35','відміна Киев, Україна - Одесса, Одеська область, Україна 18 грн/км'),(1738,16,3,'Саша','2021-08-13 10:11:08','очікування'),(1739,16,1,'Саша','2021-08-13 10:11:37','Одеська область - Великі Копані - Київська область 18 грн/км'),(1740,16,1,'Саша','2021-08-13 10:11:58','Одеська область - Одесса - Київська область 13 грн/км'),(1741,16,1,'Саша','2021-08-13 10:12:49','Київська область - Требухов - Одесса - Херсонська область 17 грн/км'),(1742,16,6,'Саша','2021-08-13 10:13:25','відміна Днипро, Дніпропетровська область, Україна - Днипро, Дніпропетровська область, Україна 0 грн/км'),(1743,16,1,'Саша','2021-08-13 10:14:52','Дніпропетровська область - Вольногорск - Запорізька область 20 грн/км'),(1744,16,1,'Саша','2021-08-13 10:19:27','Дніпропетровська область - Новоолександрівка - Красиловка - Київська область 16 грн/км'),(1745,16,1,'Саша','2021-08-13 10:24:20','Кіровоградська область - Вольногорск - Запорізька область 16 грн/км'),(1746,16,1,'Саша','2021-08-13 10:33:22','Миколаївська область - Великие Копани - Київська область 18 грн/км'),(1747,16,3,'Саша','2021-08-13 10:36:18','очікування'),(1748,15,3,'Влад','2021-08-13 10:37:12','очікування'),(1749,15,6,'Влад','2021-08-13 10:37:19','відміна Тернополь, Тернопільська область, Україна - Тернополь, Тернопільська область, Україна 0 грн/км'),(1750,15,3,'Влад','2021-08-13 10:41:05','очікування'),(1751,16,1,'Саша','2021-08-13 12:02:19','Дніпропетровська область - Днепр - Харківська область 24 грн/км'),(1752,16,3,'Саша','2021-08-13 12:02:27','очікування'),(1753,16,1,'Саша','2021-08-13 13:15:16','Вінницька область - Ладижин - Миколаївська область 16 грн/км'),(1754,16,1,'Саша','2021-08-13 13:15:33','Чернігівська область - Київська область 15 грн/км'),(1755,16,1,'Саша','2021-08-13 13:17:12','Одеська область - Миколаїв - Київська область 19 грн/км'),(1756,15,1,'Влад','2021-08-13 16:38:46','Тернопільська область - Красилів - Київська область 14 грн/км'),(1757,15,1,'Влад','2021-08-13 16:41:22','Донецька область - Покров - Львівська область 14 грн/км'),(1758,15,3,'Влад','2021-08-13 16:41:31','очікування'),(1759,15,1,'Влад','2021-08-13 16:42:18','Дніпропетровська область - Черновцы - Закарпатська область 19 грн/км'),(1760,15,3,'Влад','2021-08-13 16:42:27','очікування'),(1761,15,1,'Влад','2021-08-13 16:42:39','Одеська область - Київська область 15 грн/км'),(1762,15,3,'Влад','2021-08-13 16:45:10','очікування'),(1763,15,3,'Влад','2021-08-13 16:45:39','очікування'),(1764,15,3,'Влад','2021-08-13 17:01:46','очікування'),(1765,15,3,'Влад','2021-08-13 17:02:01','очікування'),(1766,15,1,'Влад','2021-08-13 17:02:26','Київська область - Дніпропетровська область 21 грн/км'),(1767,15,3,'Влад','2021-08-13 17:02:43','очікування'),(1768,15,3,'Влад','2021-08-13 17:03:14','очікування'),(1769,15,3,'Влад','2021-08-13 17:04:24','очікування'),(1770,15,3,'Влад','2021-08-13 17:05:32','очікування'),(1771,15,3,'Влад','2021-08-13 17:05:39','очікування'),(1772,15,6,'Влад','2021-08-13 17:05:59','відміна Киев, Україна - Киев, Україна 0 грн/км'),(1773,15,4,'Влад','2021-08-13 17:06:13','Київська область - Одеська область 22 грн/км'),(1774,15,6,'Влад','2021-08-13 17:06:28','відміна улица Академика Бутлерова, Київ, Україна - улица Академика Бутлерова, Київ, Україна 0 грн/км'),(1775,15,4,'Влад','2021-08-13 17:07:05','Київська область - Колонщина - Кривой Рог - Дніпропетровська область 19 грн/км'),(1776,15,6,'Влад','2021-08-13 17:07:14','відміна улица Академика Бутлерова, Київ, Україна - Днепр, Дніпропетровська область, Україна 19 грн/км'),(1777,15,4,'Влад','2021-08-13 17:07:41','Київська область - Колонщина - Кривой Рог - Дніпропетровська область 20 грн/км'),(1778,15,4,'Влад','2021-08-13 17:08:19','Дніпропетровська область - Слобожанское - Вінницька область 18 грн/км'),(1779,16,3,'Саша','2021-08-13 17:41:52','очікування'),(1780,15,1,'Влад','2021-08-14 22:14:00','Київська область - Киев - Кременчуг - Полтавська область 18 грн/км'),(1781,15,3,'Влад','2021-08-14 22:14:19','очікування'),(1782,15,1,'Влад','2021-08-14 22:14:46','Львівська область - Малехів - Дніпропетровська область 17 грн/км'),(1783,15,6,'Влад','2021-08-14 22:15:03','відміна Киев, Україна - Днепр, Дніпропетровська область, Україна 21 грн/км'),(1784,15,1,'Влад','2021-08-14 22:15:34','Київська область - Борисполь - Львівська область 17 грн/км'),(1785,15,3,'Влад','2021-08-14 22:16:20','очікування'),(1786,15,3,'Влад','2021-08-14 22:17:08','очікування'),(1787,15,1,'Влад','2021-08-14 22:17:37','Київська область - Ужгород - Закарпатська область 22 грн/км'),(1788,15,6,'Влад','2021-08-14 22:17:54','відміна Киев, Україна - Хуст, Закарпатська область, Україна 22 грн/км'),(1789,15,1,'Влад','2021-08-14 22:18:16','Київська область - Хуст - Закарпатська область 22 грн/км'),(1790,15,3,'Влад','2021-08-14 22:18:24','очікування'),(1791,15,3,'Влад','2021-08-14 22:18:32','очікування'),(1792,15,3,'Влад','2021-08-14 22:20:13','очікування'),(1793,16,1,'Саша','2021-08-16 12:03:58','Запорізька область - Полтавська область 25 грн/км'),(1794,16,1,'Саша','2021-08-16 12:06:27','Львівська область - Мостиська - Одеська область 15 грн/км'),(1795,16,1,'Саша','2021-08-16 12:07:01','Київська область - Бровары - Дніпропетровська область 20 грн/км'),(1796,16,1,'Саша','2021-08-16 12:07:17','Дніпропетровська область - Красиловка - Київська область 13 грн/км'),(1797,16,1,'Саша','2021-08-16 12:07:36','Миколаївська область - Київська область 19 грн/км'),(1798,16,1,'Саша','2021-08-16 12:08:40','Запорізька область - Білогородка - Чернігівська область 22 грн/км'),(1799,16,1,'Саша','2021-08-16 12:09:08','Львівська область - Малехів - Київська область 12 грн/км'),(1800,16,1,'Саша','2021-08-16 12:10:54','Київська область - Колонщина - Кривой Рог - Дніпропетровська область 21 грн/км'),(1801,16,1,'Саша','2021-08-16 12:12:55','Дніпропетровська область - Київська область 17 грн/км'),(1802,16,1,'Саша','2021-08-16 12:13:16','Київська область - Капитановка - Донецька область 22 грн/км'),(1803,16,1,'Саша','2021-08-16 12:14:39','Херсонська область - Великие Копани - Київська область 21 грн/км'),(1804,16,6,'Саша','2021-08-16 12:14:49','відміна Елизаветовка, Дніпропетровська область, Україна - Васищево, Харківська область, Україна 24 грн/км'),(1805,16,1,'Саша','2021-08-16 12:42:49','Запорізька область - вулиця Академіка Бутлерова - Закарпатська область 17 грн/км'),(1806,16,3,'Саша','2021-08-16 12:44:26','очікування'),(1807,16,3,'Саша','2021-08-16 12:44:31','очікування'),(1808,16,3,'Саша','2021-08-16 12:44:45','очікування'),(1809,16,1,'Саша','2021-08-16 12:45:02','Київська область - Колонщина - Одеська область 22 грн/км'),(1810,16,1,'Саша','2021-08-16 12:48:13','Київська область - Київська область 0 грн/км'),(1811,16,1,'Саша','2021-08-16 12:49:11','Дніпропетровська область - Перемога - Житомирська область 20 грн/км'),(1812,16,1,'Саша','2021-08-16 12:49:31','Житомирська область - Колонщина - Одеська область 18 грн/км'),(1813,16,1,'Саша','2021-08-16 12:49:42','Одеська область - Київська область 16 грн/км'),(1814,16,1,'Саша','2021-08-16 12:50:02','Київська область - Київська область 0 грн/км'),(1815,16,1,'Саша','2021-08-16 12:52:16','Київська область - вулиця Академіка Бутлерова - Колонщина - Донецька область 22 грн/км'),(1816,16,1,'Саша','2021-08-16 12:52:30','Одеська область - Запорізька область 20 грн/км'),(1817,16,1,'Саша','2021-08-16 12:52:42','Київська область - Київська область 0 грн/км'),(1818,16,6,'Саша','2021-08-16 12:53:24','відміна Одесса, Одеська область, Україна - Копилів, Київська область, Україна 19 грн/км'),(1819,16,1,'Саша','2021-08-16 12:54:20','Одеська область - Миколаїв - Чернігівська область 18 грн/км'),(1820,16,1,'Саша','2021-08-16 13:29:01','Київська область - Білогородка - Дніпропетровська область 20 грн/км'),(1821,16,1,'Саша','2021-08-16 13:29:25','Дніпропетровська область - Вільногірськ - Одеська область 19 грн/км'),(1822,16,3,'Саша','2021-08-16 13:30:44','очікування'),(1823,15,1,'Влад','2021-08-16 14:41:41','Львівська область - Киев - Київська область 16 грн/км'),(1824,16,1,'Саша','2021-08-16 14:50:31','Одеська область - Львівська область 19 грн/км'),(1825,16,1,'Саша','2021-08-16 15:02:26','Одеська область - Одесса - Київська область 26 грн/км'),(1826,15,1,'Влад','2021-08-16 15:20:11','Дніпропетровська область - Гостомель - Київська область 14 грн/км'),(1827,15,1,'Влад','2021-08-16 15:23:28','Львівська область - Софиевская Борщаговка - Київська область 14 грн/км'),(1828,15,1,'Влад','2021-08-16 15:25:27','Київська область - Кривой Рог - Дніпропетровська область 22 грн/км'),(1829,15,1,'Влад','2021-08-16 15:26:09','Київська область - Київська область 0 грн/км'),(1830,15,3,'Влад','2021-08-16 15:26:22','очікування'),(1831,15,1,'Влад','2021-08-16 15:27:54','Київська область - Колонщина - Львівська область 19 грн/км'),(1832,15,3,'Влад','2021-08-16 15:28:01','очікування'),(1833,15,3,'Влад','2021-08-16 15:28:32','очікування'),(1834,15,3,'Влад','2021-08-16 15:28:57','очікування'),(1835,15,1,'Влад','2021-08-16 15:29:36','Київська область - Київська область 0 грн/км'),(1836,15,1,'Влад','2021-08-16 15:30:23','Київська область - Колонщина - Одеська область 20 грн/км'),(1837,17,3,'Лёша','2021-08-16 17:07:17','очікування'),(1838,17,1,'Лёша','2021-08-16 17:10:31','Вінницька область - Коломия - Івано-Франківська область 31 грн/км'),(1839,17,1,'Лёша','2021-08-16 17:11:35','Одеська область - Львівська область 18 грн/км'),(1840,17,6,'Лёша','2021-08-16 17:12:33','відміна Одесса, Одеська область, Україна - Одесса, Одеська область, Україна 0 грн/км'),(1841,17,1,'Лёша','2021-08-16 17:13:02','Львівська область - Київська область 16 грн/км'),(1842,17,1,'Лёша','2021-08-16 17:15:17','Одеська область - Запорізька область 20 грн/км'),(1843,17,1,'Лёша','2021-08-16 17:33:50','Запорізька область - Львівська область 17 грн/км'),(1844,17,3,'Лёша','2021-08-16 17:34:44','очікування'),(1845,17,1,'Лёша','2021-08-16 17:35:24','Львівська область - Київська область 16 грн/км'),(1846,17,3,'Лёша','2021-08-16 17:36:07','очікування'),(1847,17,3,'Лёша','2021-08-16 17:36:16','очікування'),(1848,17,3,'Лёша','2021-08-16 17:36:20','очікування'),(1849,16,1,'Саша','2021-08-16 17:37:29','Київська область - Колонщина - Кривой Рог - Дніпропетровська область 21 грн/км'),(1850,16,1,'Саша','2021-08-16 17:37:47','Київська область - Беспятное - Миколаївська область 19 грн/км'),(1851,14,6,'Діма','2021-08-16 18:02:56','відміна Киев, Україна - Киев, Україна 0 грн/км'),(1852,14,3,'Діма','2021-08-16 18:03:30','очікування'),(1853,16,1,'Саша','2021-08-17 09:51:38','Київська область - Колонщина - Харківська область 20 грн/км'),(1854,16,3,'Саша','2021-08-17 09:51:44','очікування'),(1855,16,3,'Саша','2021-08-17 09:52:24','очікування'),(1856,16,1,'Саша','2021-08-17 09:53:10','Полтавська область - Майбородовка - Київська область 15 грн/км'),(1857,16,1,'Саша','2021-08-17 09:58:19','Київська область - Дніпропетровська область 21 грн/км'),(1858,16,1,'Саша','2021-08-17 10:00:59','Запорізька область - Івано-Франківська область 19 грн/км'),(1859,16,1,'Саша','2021-08-17 10:09:49','Київська область - Одеська область 21 грн/км'),(1860,16,1,'Саша','2021-08-17 10:39:02','Чернігівська область - Одеська область 19 грн/км'),(1861,17,1,'Лёша','2021-08-17 12:18:02','Київська область - Київська область 0 грн/км'),(1862,17,1,'Лёша','2021-08-17 12:22:09','Київська область - Борисполь - Львівська область 17 грн/км'),(1863,15,3,'Влад','2021-08-17 15:20:36','очікування'),(1864,15,1,'Влад','2021-08-17 15:21:02','Київська область - Київська область 0 грн/км'),(1865,15,1,'Влад','2021-08-17 15:22:08','Київська область - Кривой Рог - Днепр - Запорізька область 22 грн/км'),(1866,15,3,'Влад','2021-08-17 15:22:25','очікування'),(1867,15,3,'Влад','2021-08-17 15:22:33','очікування'),(1868,15,3,'Влад','2021-08-17 15:22:40','очікування'),(1869,17,3,'Лёша','2021-08-17 16:31:30','очікування'),(1870,17,1,'Лёша','2021-08-17 16:32:07','Дніпропетровська область - Київська область 19 грн/км'),(1871,17,3,'Лёша','2021-08-17 16:32:15','очікування'),(1872,17,3,'Лёша','2021-08-17 16:33:42','очікування'),(1873,17,6,'Лёша','2021-08-17 16:33:50','відміна Днепр, Дніпропетровська область, Україна - Красиловка, Київська область, Україна 19 грн/км'),(1874,17,1,'Лёша','2021-08-17 16:34:22','Дніпропетровська область - Київська область 21 грн/км'),(1875,17,1,'Лёша','2021-08-17 16:34:57','Київська область - Київська область 0 грн/км'),(1876,17,1,'Лёша','2021-08-17 16:36:00','Київська область - Київська область 0 грн/км'),(1877,17,6,'Лёша','2021-08-17 16:36:09','відміна Киев, Україна - улица Академика Бутлерова, Київ, Україна 0 грн/км'),(1878,17,1,'Лёша','2021-08-17 16:36:44','Київська область - улица Академика Бутлерова - Колонщина - Львівська область 19 грн/км'),(1879,17,3,'Лёша','2021-08-17 16:36:51','очікування'),(1880,17,3,'Лёша','2021-08-17 16:36:56','очікування'),(1881,16,3,'Саша','2021-08-17 16:39:45','очікування'),(1882,16,1,'Саша','2021-08-17 16:40:20','Київська область - Колонщина - Днепр - Запорізька область 19 грн/км'),(1883,15,1,'Влад','2021-08-17 16:40:34','Київська область - Борисполь - Львівська область 17 грн/км'),(1884,16,6,'Саша','2021-08-17 16:40:39','відміна вулиця Академіка Бутлерова, 8, Київ, Україна - Николаев, Миколаївська область, Україна 19 грн/км'),(1885,15,3,'Влад','2021-08-17 16:40:59','очікування'),(1886,15,6,'Влад','2021-08-17 16:41:50','відміна Львов, Львівська область, Україна - Львов, Львівська область, Україна 0 грн/км'),(1887,15,1,'Влад','2021-08-17 16:44:47','Львівська область - Київська область 16 грн/км'),(1888,15,1,'Влад','2021-08-17 16:45:47','Київська область - Колонщина - Одеська область 20 грн/км'),(1889,15,3,'Влад','2021-08-17 16:45:58','очікування'),(1890,15,1,'Влад','2021-08-17 16:48:02','Одеська область - Дніпропетровська область 22 грн/км'),(1891,16,1,'Саша','2021-08-17 17:32:44','Закарпатська область - Стрий - Львівська область 21 грн/км'),(1892,16,1,'Саша','2021-08-17 17:43:59','Дніпропетровська область - Днипро - Харьков - Одеська область 18 грн/км'),(1893,16,3,'Саша','2021-08-18 10:19:33','очікування'),(1894,16,1,'Саша','2021-08-18 10:24:39','Харківська область - Кривой Рог - Кіровоградська область 17 грн/км'),(1895,16,1,'Саша','2021-08-18 10:25:00','Запорізька область - Київська область 17 грн/км'),(1896,16,1,'Саша','2021-08-18 10:25:10','Дніпропетровська область - Одеська область 21 грн/км'),(1897,16,1,'Саша','2021-08-18 10:25:25','Донецька область - Київська область 16 грн/км'),(1898,16,3,'Саша','2021-08-18 10:25:30','очікування'),(1899,16,1,'Саша','2021-08-18 10:25:49','Одеська область - Великодолинское - Запорізька область 20 грн/км'),(1900,16,1,'Саша','2021-08-18 10:27:09','Київська область - Беспятное - Миколаївська область 18 грн/км'),(1901,16,1,'Саша','2021-08-18 10:27:22','Київська область - Харківська область 23 грн/км'),(1902,16,6,'Саша','2021-08-18 10:27:32','відміна Бурлачья Балка, Одеська область, Україна - Львів, Львівська область, Україна 19 грн/км'),(1903,16,1,'Саша','2021-08-18 10:28:05','Одеська область - Харківська область 22 грн/км'),(1904,16,3,'Саша','2021-08-18 10:28:11','очікування'),(1905,16,1,'Саша','2021-08-18 10:28:36','Миколаївська область - Великие Копани - Київська область 20 грн/км'),(1906,16,1,'Саша','2021-08-18 10:45:28','Київська область - Киев - Одеська область 22 грн/км'),(1907,16,1,'Саша','2021-08-18 11:14:16','Донецька область - Київська область 12 грн/км'),(1908,15,1,'Влад','2021-08-18 11:44:17','Полтавська область - Київська область 19 грн/км'),(1909,15,1,'Влад','2021-08-18 11:45:01','Київська область - Львівська область 20 грн/км'),(1910,16,1,'Саша','2021-08-18 11:57:57','Одеська область - Київська область 16 грн/км'),(1911,15,1,'Влад','2021-08-18 13:58:13','Львівська область - Дніпропетровська область 16 грн/км'),(1912,15,1,'Влад','2021-08-18 13:58:26','Чернігівська область - Одеська область 17 грн/км'),(1913,15,3,'Влад','2021-08-18 13:58:53','очікування'),(1914,16,1,'Саша','2021-08-18 14:25:22','Івано-Франківська область - Моршин - Київська область 11 грн/км'),(1915,16,1,'Саша','2021-08-18 14:31:00','Харківська область - Київська область 14 грн/км'),(1916,16,1,'Саша','2021-08-18 14:32:07','Харківська область - Київська область 15 грн/км'),(1917,17,6,'Лёша','2021-08-18 14:36:31','відміна улица Академика Бутлерова, Київ, Україна - Львов, Львівська область, Україна 17 грн/км'),(1918,17,1,'Лёша','2021-08-18 14:37:16','Київська область - Белая Церковь - Кіровоградська область 26 грн/км'),(1919,17,1,'Лёша','2021-08-18 14:38:20','Київська область - Киев - Львівська область 20 грн/км'),(1920,17,1,'Лёша','2021-08-18 14:39:55','Київська область - Киев - Дніпропетровська область 21 грн/км'),(1921,17,3,'Лёша','2021-08-18 14:40:01','очікування'),(1922,17,1,'Лёша','2021-08-18 14:41:01','Івано-Франківська область - Моршин - Київська область 11 грн/км'),(1923,17,3,'Лёша','2021-08-18 14:41:44','очікування'),(1924,17,3,'Лёша','2021-08-18 14:41:53','очікування'),(1925,17,3,'Лёша','2021-08-18 14:42:07','очікування'),(1926,17,3,'Лёша','2021-08-18 14:42:13','очікування'),(1927,16,1,'Саша','2021-08-18 15:10:52','Київська область - Капитановка - Херсонська область 20 грн/км'),(1928,15,6,'Влад','2021-08-18 15:16:44','відміна Мартусовка, Київська область, Україна - Мартусовка, Київська область, Україна 0 грн/км'),(1929,15,1,'Влад','2021-08-18 15:17:12','Київська область - Київська область 0 грн/км'),(1930,15,1,'Влад','2021-08-18 15:19:00','Київська область - Дачное - Одеська область 27 грн/км'),(1931,15,1,'Влад','2021-08-18 15:19:53','Закарпатська область - Поляна - Львівська область 16 грн/км'),(1932,15,3,'Влад','2021-08-18 15:20:02','очікування'),(1933,15,1,'Влад','2021-08-18 15:41:11','Одеська область - Велика Димерка - Київська область 14 грн/км'),(1934,15,3,'Влад','2021-08-18 15:41:20','очікування'),(1935,16,1,'Саша','2021-08-18 16:04:21','Херсонська область - Київська область 19 грн/км'),(1936,16,1,'Саша','2021-08-18 16:24:08','Київська область - Обухов - Вінницька область 17 грн/км'),(1937,16,6,'Саша','2021-08-18 17:54:27','відміна вулиця Академіка Бутлерова, 8, Київ, 02000 - вулиця Академіка Бутлерова, 8, Київ, 02000 0 грн/км'),(1938,16,3,'Саша','2021-08-18 17:54:33','очікування'),(1939,16,1,'Саша','2021-08-18 17:56:44','Кіровоградська область - Александрия - Київська область 17 грн/км'),(1940,13,1,'Антон','2021-08-18 19:26:18','Київська область - Херсонська область 1 грн/км'),(1941,16,1,'Саша','2021-08-19 09:24:29','Київська область - Київська область 0 грн/км'),(1942,16,1,'Саша','2021-08-19 09:24:39','Київська область - Київська область 0 грн/км'),(1943,16,1,'Саша','2021-08-19 10:03:38','Київська область - Беспятное - Миколаївська область 18 грн/км'),(1944,16,3,'Саша','2021-08-19 10:03:44','очікування'),(1945,16,1,'Саша','2021-08-19 10:03:58','Київська область - Колонщина - Одеська область 21 грн/км'),(1946,16,1,'Саша','2021-08-19 11:42:12','Запорізька область - Полтавська область 30 грн/км'),(1947,16,6,'Саша','2021-08-19 12:18:53','відміна Харків, Харківська область, Україна - Велика Димерка, Київська область, Україна 14 грн/км'),(1948,16,1,'Саша','2021-08-19 12:19:26','Харківська область - Днепр - Київська область 19 грн/км'),(1949,16,3,'Саша','2021-08-19 12:19:53','очікування'),(1950,16,1,'Саша','2021-08-19 12:20:15','Київська область - Кривой Рог - Дніпропетровська область 23 грн/км'),(1951,16,3,'Саша','2021-08-19 12:20:34','очікування'),(1952,15,3,'Влад','2021-08-19 12:24:22','очікування'),(1953,15,1,'Влад','2021-08-19 12:24:58','Запорізька область - Покров - Красиловка - Київська область 15 грн/км'),(1954,15,3,'Влад','2021-08-19 12:25:55','очікування'),(1955,15,6,'Влад','2021-08-19 12:26:03','відміна Бурлачья Балка, Одеська область, Україна - Бурлачья Балка, Одеська область, Україна 0 грн/км'),(1956,15,3,'Влад','2021-08-19 12:26:37','очікування'),(1957,16,1,'Саша','2021-08-19 15:21:42','Одеська область - Київська область 17 грн/км'),(1958,16,6,'Саша','2021-08-19 15:21:53','відміна Требухов, Київська область, Україна - Миколаїв, Миколаївська область, Україна 18 грн/км'),(1959,16,3,'Саша','2021-08-19 15:23:59','очікування'),(1960,16,1,'Саша','2021-08-19 15:29:32','Одеська область - Харківська область 20 грн/км'),(1961,15,1,'Влад','2021-08-19 15:43:38','Дніпропетровська область - Борисполь - Київська область 20 грн/км'),(1962,15,1,'Влад','2021-08-19 15:45:56','Закарпатська область - Моршин - Красилівка - Київська область 11 грн/км'),(1963,16,1,'Саша','2021-08-19 15:55:23','Київська область - вулиця Михайла Донця - Миколаївська область 20 грн/км'),(1964,16,1,'Саша','2021-08-19 16:00:26','Полтавська область - Київська область 21 грн/км'),(1965,16,1,'Саша','2021-08-19 16:58:38','Одеська область - Київська область 17 грн/км'),(1966,15,3,'Влад','2021-08-19 16:59:20','очікування'),(1967,15,3,'Влад','2021-08-19 16:59:51','очікування'),(1968,15,6,'Влад','2021-08-19 17:01:11','відміна Запорожье, Запорізька область, Україна - улица Академика Бутлерова, Київ, Україна 15 грн/км'),(1969,15,6,'Влад','2021-08-19 17:01:21','відміна Запорожье, Запорізька область, Україна - Запорожье, Запорізька область, Україна 0 грн/км'),(1970,15,1,'Влад','2021-08-19 17:02:05','Запорізька область - Хортица - Сумська область 25 грн/км'),(1971,16,1,'Саша','2021-08-19 17:06:55','Одеська область - Запорізька область 22 грн/км'),(1972,17,1,'Лёша','2021-08-19 17:39:59','Київська область - Київська область 0 грн/км'),(1973,17,1,'Лёша','2021-08-19 17:41:11','Львівська область - Київська область 16 грн/км'),(1974,14,7,'Діма','2021-08-19 17:43:02','Сонячне Закарпаття Плюс  доданий в систему'),(1975,17,1,'Лёша','2021-08-19 17:43:48','Кіровоградська область - Кременчуг - Київська область 15 грн/км'),(1976,17,3,'Лёша','2021-08-19 17:44:00','очікування'),(1977,17,3,'Лёша','2021-08-19 17:44:16','очікування'),(1978,17,3,'Лёша','2021-08-19 17:44:31','очікування'),(1979,17,3,'Лёша','2021-08-19 17:46:21','очікування'),(1980,17,1,'Лёша','2021-08-19 17:47:35','Львівська область - Малехів - Київська область 16 грн/км'),(1981,17,3,'Лёша','2021-08-19 17:47:45','очікування'),(1982,17,3,'Лёша','2021-08-19 17:47:52','очікування'),(1983,17,3,'Лёша','2021-08-19 17:47:59','очікування'),(1984,16,1,'Саша','2021-08-19 17:57:04','Київська область - Мартусовка - Запорізька область 22 грн/км'),(1985,16,6,'Саша','2021-08-19 17:58:11','відміна Харків, Харківська область, Україна - Требухов, Київська область, Україна 19 грн/км'),(1986,16,1,'Саша','2021-08-19 17:58:30','Харківська область - Днипро - Київська область 19 грн/км'),(1987,16,6,'Саша','2021-08-19 17:58:42','відміна Ивано-Франковск, Івано-Франківська область, Україна - Красиловка, Київська область, Україна 11 грн/км'),(1988,14,7,'Діма','2021-08-19 17:58:54','Галіція доданий в систему'),(1989,16,1,'Саша','2021-08-19 17:59:04','Київська область - Колонщина - Одеська область 19 грн/км'),(1990,14,7,'Діма','2021-08-19 18:15:00','БІЛОЦЕРКІВСЬКИЙ КОНСЕРВНИЙ ЗАВОД доданий в систему'),(1991,14,3,'Діма','2021-08-19 18:15:24','очікування'),(1992,16,1,'Саша','2021-08-20 09:27:10','Івано-Франківська область - Моршин - Київська область 14 грн/км'),(1993,16,1,'Саша','2021-08-20 09:27:27','Київська область - Беспятное - Миколаївська область 17 грн/км'),(1994,16,1,'Саша','2021-08-20 10:23:18','Київська область - Калинівка - Дніпропетровська область 18 грн/км'),(1995,16,3,'Саша','2021-08-20 10:23:25','очікування'),(1996,16,1,'Саша','2021-08-20 11:22:03','Вінницька область - Одеська область 21 грн/км'),(1997,16,1,'Саша','2021-08-20 11:22:21','Одеська область - Київська область 16 грн/км'),(1998,16,1,'Саша','2021-08-20 11:22:32','Одеська область - Львівська область 19 грн/км'),(1999,15,1,'Влад','2021-08-20 12:35:29','Дніпропетровська область - Київська область 16 грн/км'),(2000,15,3,'Влад','2021-08-20 12:35:36','очікування'),(2001,15,1,'Влад','2021-08-20 12:36:16','Київська область - Колонщина - Одеська область 22 грн/км'),(2002,15,3,'Влад','2021-08-20 12:37:04','очікування'),(2003,15,6,'Влад','2021-08-20 12:37:14','відміна Одесса, Одеська область, Україна - Одесса, Одеська область, Україна 0 грн/км'),(2004,15,1,'Влад','2021-08-20 12:38:00','Одеська область - Копилів - Красиловка - Київська область 13 грн/км'),(2005,15,1,'Влад','2021-08-20 12:38:20','Львівська область - Житомирська область 16 грн/км'),(2006,15,3,'Влад','2021-08-20 12:38:29','очікування'),(2007,15,1,'Влад','2021-08-20 12:40:19','Житомирська область - Колонщина - Кривой Рог - Дніпропетровська область 19 грн/км'),(2008,17,1,'Лёша','2021-08-20 12:41:52','Київська область - Киев - Харківська область 27 грн/км'),(2009,15,1,'Влад','2021-08-20 12:41:58','Одеська область - Дніпропетровська область 20 грн/км'),(2010,17,1,'Лёша','2021-08-20 12:42:29','Київська область - Київська область 0 грн/км'),(2011,15,1,'Влад','2021-08-20 12:42:57','Львівська область - Струтин - Київська область 14 грн/км'),(2012,17,1,'Лёша','2021-08-20 12:43:05','Київська область - Київська область 0 грн/км'),(2013,15,1,'Влад','2021-08-20 12:44:15','Київська область - Оболонь - Дніпропетровська область 20 грн/км'),(2014,15,3,'Влад','2021-08-20 12:44:25','очікування'),(2015,15,3,'Влад','2021-08-20 12:44:30','очікування'),(2016,15,3,'Влад','2021-08-20 12:44:37','очікування'),(2017,17,3,'Лёша','2021-08-20 12:58:19','очікування'),(2018,17,3,'Лёша','2021-08-20 12:58:26','очікування'),(2019,17,3,'Лёша','2021-08-20 12:58:44','очікування'),(2020,17,1,'Лёша','2021-08-20 12:59:12','Київська область - Київська область 0 грн/км'),(2021,17,3,'Лёша','2021-08-20 12:59:32','очікування'),(2022,17,3,'Лёша','2021-08-20 12:59:41','очікування'),(2023,17,1,'Лёша','2021-08-20 13:01:41','Дніпропетровська область - Васильевка - Київська область 16 грн/км'),(2024,15,1,'Влад','2021-08-20 14:54:50','Київська область - Біла Церква - Бурлача Балка - Одеська область 26 грн/км'),(2025,15,1,'Влад','2021-08-20 14:57:11','Одеська область - Великодолинское - Одеська область 200 грн/км'),(2026,15,6,'Влад','2021-08-20 14:57:18','відміна Нерубайское, Одеська область, Україна - Одесса, Одеська область, Україна 200 грн/км'),(2027,15,1,'Влад','2021-08-20 14:57:42','Одеська область - Великодолинское - Дніпропетровська область 19 грн/км'),(2028,15,3,'Влад','2021-08-20 14:57:53','очікування'),(2029,15,3,'Влад','2021-08-20 14:57:58','очікування'),(2030,15,1,'Влад','2021-08-20 14:58:37','Дніпропетровська область - Покров - Львівська область 16 грн/км'),(2031,15,3,'Влад','2021-08-20 14:59:26','очікування'),(2032,17,3,'Лёша','2021-08-20 15:07:45','очікування'),(2033,15,6,'Влад','2021-08-20 15:08:57','відміна Днипро, Дніпропетровська область, Україна - Львів, Львівська область, Україна 16 грн/км'),(2034,15,6,'Влад','2021-08-20 15:09:03','відміна Днипро, Дніпропетровська область, Україна - Днипро, Дніпропетровська область, Україна 0 грн/км'),(2035,15,6,'Влад','2021-08-20 15:09:12','відміна Днипро, Дніпропетровська область, Україна - Днипро, Дніпропетровська область, Україна 0 грн/км'),(2036,15,6,'Влад','2021-08-20 15:09:25','відміна Нерубайское, Одеська область, Україна - Днипро, Дніпропетровська область, Україна 19 грн/км'),(2037,15,6,'Влад','2021-08-20 15:09:33','відміна вулиця Академіка Бутлерова, 8, Київ, 02000 - Нерубайское, Одеська область, Україна 26 грн/км'),(2038,15,1,'Влад','2021-08-20 15:10:19','Київська область - Дніпропетровська область 26 грн/км'),(2039,17,1,'Лёша','2021-08-20 15:10:37','Львівська область - Малехів - Київська область 14 грн/км'),(2040,15,1,'Влад','2021-08-20 15:10:50','Дніпропетровська область - Ровно - Львівська область 18 грн/км'),(2041,15,3,'Влад','2021-08-20 15:11:44','очікування'),(2042,15,3,'Влад','2021-08-20 15:11:49','очікування'),(2043,15,1,'Влад','2021-08-20 15:12:31','Дніпропетровська область - Покров - Львівська область 16 грн/км'),(2044,15,6,'Влад','2021-08-20 15:14:41','відміна Малехів, Львівська область, Україна - Малехів, Львівська область, Україна 0 грн/км'),(2045,15,6,'Влад','2021-08-20 15:14:46','відміна Малехів, Львівська область, Україна - Малехів, Львівська область, Україна 0 грн/км'),(2046,16,1,'Саша','2021-08-20 15:37:43','Запорізька область - Хортица - Київська область 13 грн/км'),(2047,16,3,'Саша','2021-08-20 15:37:54','очікування'),(2048,16,3,'Саша','2021-08-20 15:37:57','очікування'),(2049,16,3,'Саша','2021-08-20 15:38:00','очікування'),(2050,16,3,'Саша','2021-08-20 15:38:05','очікування'),(2051,16,3,'Саша','2021-08-20 15:38:12','очікування'),(2052,16,3,'Саша','2021-08-20 15:38:16','очікування'),(2053,16,1,'Саша','2021-08-20 15:39:37','Київська область - Дніпропетровська область 26 грн/км'),(2054,16,6,'Саша','2021-08-20 15:39:43','відміна Одесса, Одеська область, Україна - Белогородка, Київська область, Україна 17 грн/км'),(2055,16,1,'Саша','2021-08-20 15:39:55','Одеська область - Львів - Закарпатська область 22 грн/км'),(2056,16,1,'Саша','2021-08-20 15:41:52','Миколаївська область - Київська область 19 грн/км'),(2057,16,1,'Саша','2021-08-20 15:42:12','Київська область - Миколаївська область 18 грн/км'),(2058,16,3,'Саша','2021-08-20 15:42:16','очікування'),(2059,16,3,'Саша','2021-08-20 15:42:20','очікування'),(2060,16,3,'Саша','2021-08-20 15:42:23','очікування'),(2061,16,1,'Саша','2021-08-20 15:42:43','Запорізька область - Київська область 18 грн/км'),(2062,16,1,'Саша','2021-08-20 15:46:48','Київська область - Колонщина - Кривой Рог - Дніпропетровська область 20 грн/км'),(2063,16,3,'Саша','2021-08-20 15:47:27','очікування'),(2064,16,3,'Саша','2021-08-20 15:47:35','очікування'),(2065,16,3,'Саша','2021-08-20 15:48:26','очікування'),(2066,16,3,'Саша','2021-08-20 15:48:29','очікування'),(2067,16,3,'Саша','2021-08-20 15:48:32','очікування'),(2068,16,3,'Саша','2021-08-20 15:48:34','очікування'),(2069,16,6,'Саша','2021-08-20 15:48:49','відміна Белогородка, Київська область, Україна - Николаев, Миколаївська область, Україна 20 грн/км'),(2070,16,3,'Саша','2021-08-20 15:51:48','очікування'),(2071,16,3,'Саша','2021-08-20 15:51:52','очікування'),(2072,16,3,'Саша','2021-08-20 15:51:55','очікування'),(2073,16,3,'Саша','2021-08-20 15:51:58','очікування'),(2074,16,3,'Саша','2021-08-20 15:52:04','очікування'),(2075,16,3,'Саша','2021-08-20 15:52:34','очікування'),(2076,16,1,'Саша','2021-08-20 15:53:54','Київська область - вулиця Академіка Бутлерова - вулиця Михайла Донця - Миколаївська область 17 грн/км'),(2077,16,3,'Саша','2021-08-20 15:55:47','очікування'),(2078,16,6,'Саша','2021-08-20 15:55:50','відміна Софиевская Борщаговка, Київська область, Україна - Софиевская Борщаговка, Київська область, Україна 0 грн/км'),(2079,16,1,'Саша','2021-08-20 15:56:55','Київська область - Колонщина - Одеська область 21 грн/км'),(2080,16,3,'Саша','2021-08-20 15:57:20','очікування'),(2081,16,3,'Саша','2021-08-20 15:57:23','очікування'),(2082,16,3,'Саша','2021-08-20 15:57:26','очікування'),(2083,16,3,'Саша','2021-08-20 15:57:29','очікування'),(2084,16,3,'Саша','2021-08-20 16:00:54','очікування'),(2085,16,3,'Саша','2021-08-20 16:00:57','очікування'),(2086,16,3,'Саша','2021-08-20 16:01:01','очікування'),(2087,16,3,'Саша','2021-08-20 16:01:06','очікування'),(2088,15,3,'Влад','2021-08-20 16:06:00','очікування'),(2089,17,3,'Лёша','2021-08-20 16:06:00','очікування'),(2090,17,3,'Лёша','2021-08-20 16:06:07','очікування'),(2091,17,3,'Лёша','2021-08-20 16:06:17','очікування'),(2092,17,3,'Лёша','2021-08-20 16:06:22','очікування'),(2093,17,3,'Лёша','2021-08-20 16:06:32','очікування'),(2094,17,3,'Лёша','2021-08-20 16:06:37','очікування'),(2095,17,3,'Лёша','2021-08-20 16:15:00','очікування'),(2096,17,3,'Лёша','2021-08-20 16:15:05','очікування'),(2097,17,3,'Лёша','2021-08-20 16:15:10','очікування'),(2098,17,3,'Лёша','2021-08-20 16:15:14','очікування'),(2099,17,3,'Лёша','2021-08-20 16:15:21','очікування'),(2100,17,3,'Лёша','2021-08-20 16:15:25','очікування'),(2101,17,3,'Лёша','2021-08-20 16:15:29','очікування'),(2102,17,1,'Лёша','2021-08-20 16:16:00','Київська область - Київська область 0 грн/км'),(2103,17,3,'Лёша','2021-08-20 16:16:16','очікування'),(2104,17,3,'Лёша','2021-08-20 16:16:24','очікування'),(2105,17,3,'Лёша','2021-08-20 16:16:30','очікування'),(2106,17,3,'Лёша','2021-08-20 16:16:44','очікування'),(2107,17,3,'Лёша','2021-08-20 16:17:00','очікування'),(2108,17,3,'Лёша','2021-08-20 16:17:12','очікування'),(2109,17,3,'Лёша','2021-08-20 16:17:28','очікування'),(2110,17,3,'Лёша','2021-08-20 16:17:39','очікування'),(2111,17,3,'Лёша','2021-08-20 16:17:47','очікування'),(2112,17,3,'Лёша','2021-08-20 16:17:53','очікування'),(2113,17,3,'Лёша','2021-08-20 16:17:59','очікування'),(2114,17,3,'Лёша','2021-08-20 16:18:04','очікування'),(2115,15,6,'Влад','2021-08-20 16:23:42','відміна Львов, Львівська область, Україна - Львов, Львівська область, Україна 0 грн/км'),(2116,15,1,'Влад','2021-08-20 16:24:31','Львівська область - Київська область 15 грн/км'),(2117,16,6,'Саша','2021-08-20 16:24:40','відміна Одесса, Одеська область, Україна - Львів, Львівська область, Україна 19 грн/км'),(2118,16,1,'Саша','2021-08-20 16:25:14','Одеська область - Бурлачья Балка - Черновцы - Снятин - Ивано-Франковск - Львівська область 18 грн/км'),(2119,16,1,'Саша','2021-08-20 16:36:28','Харківська область - Васищево - Майбородовка - Харківська область 19 грн/км'),(2120,16,1,'Саша','2021-08-20 17:40:38','Закарпатська область - Моршин - Київська область 12 грн/км'),(2121,17,6,'Лёша','2021-08-20 18:34:07','відміна улица Академика Бутлерова, Київ, Україна - улица Академика Бутлерова, Київ, Україна 0 грн/км'),(2122,17,6,'Лёша','2021-08-20 18:34:12','відміна улица Академика Бутлерова, Київ, Україна - улица Академика Бутлерова, Київ, Україна 0 грн/км'),(2123,17,6,'Лёша','2021-08-20 18:34:17','відміна улица Академика Бутлерова, Київ, Україна - улица Академика Бутлерова, Київ, Україна 0 грн/км'),(2124,17,6,'Лёша','2021-08-20 18:34:24','відміна Чайки, Київська область, Україна - улица Академика Бутлерова, Київ, Україна 0 грн/км'),(2125,17,1,'Лёша','2021-08-20 18:35:00','Київська область - улица Академика Бутлерова - Колонщина - Одеська область 19 грн/км'),(2126,13,4,'Антон','2021-08-23 11:50:36','Сумська область - Херсонська область 129 грн/км'),(2127,13,6,'Антон','2021-08-23 11:50:51','відміна Сумы, Сумська область, Україна - Херсон, Херсонська область, Україна 129 грн/км'),(2128,16,3,'Саша','2021-08-25 09:14:38','очікування'),(2129,16,3,'Саша','2021-08-25 09:14:43','очікування'),(2130,16,3,'Саша','2021-08-25 09:14:50','очікування'),(2131,16,6,'Саша','2021-08-25 09:14:59','відміна Одесса, Одеська область, Україна - Львів, Львівська область, Україна 18 грн/км'),(2132,16,6,'Саша','2021-08-25 09:15:15','відміна Одесса, Одеська область, Україна - Львів, Львівська область, Україна 18 грн/км'),(2133,16,6,'Саша','2021-08-25 09:15:24','відміна Одесса, Одеська область, Україна - Одесса, Одеська область, Україна 0 грн/км'),(2134,16,6,'Саша','2021-08-25 09:22:08','відміна Харьков, Харківська область, Україна - Харьков, Харківська область, Україна 19 грн/км'),(2135,16,6,'Саша','2021-08-25 09:22:29','відміна Харьков, Харківська область, Україна - Харьков, Харківська область, Україна 19 грн/км'),(2136,16,1,'Саша','2021-08-25 09:23:19','Харківська область - Майбородовка - Київська область 19 грн/км'),(2137,16,6,'Саша','2021-08-25 09:23:31','відміна Копилів, Київська область, Україна - Николаев, Миколаївська область, Україна 17 грн/км'),(2138,16,1,'Саша','2021-08-25 09:24:12','Миколаївська область - Чернігівська область 20 грн/км'),(2139,16,1,'Саша','2021-08-25 09:24:35','Одеська область - Харківська область 24 грн/км'),(2140,16,1,'Саша','2021-08-25 09:24:58','Дніпропетровська область - Вольногорск - Запорізька область 20 грн/км'),(2141,16,3,'Саша','2021-08-25 09:25:02','очікування'),(2142,16,1,'Саша','2021-08-25 09:25:12','Миколаївська область - Київська область 18 грн/км'),(2143,16,1,'Саша','2021-08-25 09:25:54','Київська область - Харьков - Дніпропетровська область 20 грн/км'),(2144,16,6,'Саша','2021-08-25 09:26:14','відміна Одесса, Одеська область, Україна - Киев, Україна 16 грн/км'),(2145,16,6,'Саша','2021-08-25 09:26:21','відміна Киев, Україна - Днепр, Дніпропетровська область, Україна 20 грн/км'),(2146,16,1,'Саша','2021-08-25 09:27:13','Одеська область - Хмельницький - Чернівці - Снятин - Львівська область 17 грн/км'),(2147,16,1,'Саша','2021-08-25 09:29:15','Київська область - вулиця Академіка Бутлерова - Столичне шосе - Первомайск - Ульяновка - Одеська область 18 грн/км'),(2148,16,6,'Саша','2021-08-25 09:29:32','відміна Квитневое, Київська область, Україна - Одесса, Одеська область, Україна 19 грн/км'),(2149,16,1,'Саша','2021-08-25 09:30:45','Київська область - Колонщина - Кривой Рог - Дніпропетровська область 18 грн/км'),(2150,16,1,'Саша','2021-08-25 09:31:05','Дніпропетровська область - Вольногорск - Запорізька область 20 грн/км'),(2151,16,1,'Саша','2021-08-25 09:31:34','Дніпропетровська область - Покров - Умань - Львівська область 17 грн/км'),(2152,16,1,'Саша','2021-08-25 09:31:54','Запорізька область - Полтавська область 26 грн/км'),(2153,16,3,'Саша','2021-08-25 09:32:38','очікування'),(2154,16,1,'Саша','2021-08-25 09:49:44','Дніпропетровська область - Сумська область 21 грн/км'),(2155,16,1,'Саша','2021-08-25 09:51:45','Харківська область - Київська область 12 грн/км'),(2156,16,1,'Саша','2021-08-25 10:27:23','Київська область - вулиця Михайла Донця - Хуст - Коритняни - Київська область 17 грн/км'),(2157,16,1,'Саша','2021-08-25 11:17:50','Львівська область - Ровно - Київська область 14 грн/км'),(2158,16,1,'Саша','2021-08-25 11:19:48','Київська область - Дударков - Харківська область 26 грн/км'),(2159,17,1,'Лёша','2021-08-25 12:39:35','Харківська область - Харківська область 0 грн/км'),(2160,17,3,'Лёша','2021-08-25 12:39:49','очікування'),(2161,17,3,'Лёша','2021-08-25 12:40:05','очікування'),(2162,17,3,'Лёша','2021-08-25 12:40:16','очікування'),(2163,17,1,'Лёша','2021-08-25 12:41:03','Харківська область - Київська область 13 грн/км'),(2164,16,6,'Саша','2021-08-25 14:18:12','відміна вулиця Академіка Бутлерова, 8, Київ, 02000 - вулиця Михайла Донця, 29, Київ, Україна 17 грн/км'),(2165,16,3,'Саша','2021-08-25 14:20:26','очікування'),(2166,16,3,'Саша','2021-08-25 14:20:29','очікування'),(2167,16,3,'Саша','2021-08-25 14:20:32','очікування'),(2168,16,1,'Саша','2021-08-25 14:20:47','Київська область - Колонщина - Одесса - Одеська область 20 грн/км'),(2169,16,1,'Саша','2021-08-25 14:21:55','Чернігівська область - Київська область 21 грн/км'),(2170,15,1,'Влад','2021-08-25 14:25:40','Київська область - Львівська область 19 грн/км'),(2171,16,1,'Саша','2021-08-25 15:04:49','Київська область - вулиця Святошинська - Столичное шоссе - Полтавська область 19 грн/км'),(2172,16,1,'Саша','2021-08-25 15:11:18','Київська область - Київська область 0 грн/км'),(2173,16,1,'Саша','2021-08-25 15:11:38','Полтавська область - Херсон - Одеська область 18 грн/км'),(2174,16,1,'Саша','2021-08-25 15:12:13','Харківська область - Тростянец - Київська область 15 грн/км'),(2175,16,1,'Саша','2021-08-25 15:13:02','Сумська область - Київська область 14 грн/км'),(2176,15,1,'Влад','2021-08-25 15:31:33','Сумська область - Буринь - Київська область 19 грн/км'),(2177,16,1,'Саша','2021-08-25 15:45:19','Київська область - Столичне шосе - Ровно - Липини - Львівська область 21 грн/км'),(2178,16,1,'Саша','2021-08-25 16:44:07','Полтавська область - Квітневе - Львівська область 18 грн/км'),(2179,14,3,'Діма','2021-08-25 17:26:16','очікування'),(2180,16,4,'Саша','2021-08-25 17:26:30','Київська область - Дударков - Харківська область 25 грн/км'),(2181,16,4,'Саша','2021-08-25 17:26:42','Одеська область - Харківська область 24 грн/км'),(2182,16,3,'Саша','2021-08-25 17:26:49','очікування'),(2183,16,3,'Саша','2021-08-25 17:27:10','очікування'),(2184,16,6,'Саша','2021-08-25 17:29:52','відміна Полтава, Полтавська область, Україна - Львів, Львівська область, Україна 18 грн/км'),(2185,16,1,'Саша','2021-08-25 17:30:21','Полтавська область - Херсон - Одеська область 18 грн/км'),(2186,16,6,'Саша','2021-08-25 17:31:17','відміна Полтава, Полтавська область, Україна - Одесса, Одеська область, Україна 18 грн/км'),(2187,16,1,'Саша','2021-08-25 17:31:36','Полтавська область - Квітневе - Львівська область 18 грн/км'),(2188,16,3,'Саша','2021-08-25 17:31:41','очікування'),(2189,15,1,'Влад','2021-08-25 17:40:26','Київська область - Біла Церква - Баштановка - Київська область 15 грн/км'),(2190,15,1,'Влад','2021-08-25 17:41:48','Дніпропетровська область - Вольногорск - Біла Церква - Київська область 16 грн/км'),(2191,15,3,'Влад','2021-08-25 17:41:54','очікування'),(2192,15,3,'Влад','2021-08-25 17:42:06','очікування'),(2193,15,1,'Влад','2021-08-25 17:42:25','Дніпропетровська область - Львівська область 19 грн/км'),(2194,15,3,'Влад','2021-08-25 17:42:40','очікування'),(2195,16,1,'Саша','2021-08-25 17:55:14','Київська область - Беспятное - Миколаївська область 18 грн/км'),(2196,16,1,'Саша','2021-08-25 17:55:33','Одеська область - Великодолинское - Київська область 15 грн/км'),(2197,17,1,'Лёша','2021-08-25 17:56:26','Одеська область - Бурлачья Балка - Київська область 15 грн/км'),(2198,16,6,'Саша','2021-08-25 17:57:06','відміна вулиця Академіка Бутлерова, 8, Київ, Україна - вулиця Академіка Бутлерова, 8, Київ, Україна 0 грн/км'),(2199,17,1,'Лёша','2021-08-25 17:57:08','Київська область - Київська область 0 грн/км'),(2200,17,3,'Лёша','2021-08-25 17:57:17','очікування'),(2201,17,3,'Лёша','2021-08-25 17:57:26','очікування'),(2202,17,3,'Лёша','2021-08-25 17:58:25','очікування'),(2203,17,3,'Лёша','2021-08-25 17:58:40','очікування'),(2204,17,3,'Лёша','2021-08-25 17:58:46','очікування'),(2205,17,3,'Лёша','2021-08-25 17:58:50','очікування'),(2206,17,3,'Лёша','2021-08-25 17:58:55','очікування'),(2207,17,1,'Лёша','2021-08-25 17:59:43','Київська область - Київська область 0 грн/км'),(2208,17,3,'Лёша','2021-08-25 18:00:02','очікування'),(2209,17,1,'Лёша','2021-08-25 18:00:48','Київська область - Колонщина - Кривой Рог - Запорізька область 20 грн/км'),(2210,17,1,'Лёша','2021-08-25 18:02:33','Запорізька область - Львівська область 19 грн/км'),(2211,17,6,'Лёша','2021-08-25 18:05:19','відміна улица Академика Бутлерова, Київ, Україна - улица Академика Бутлерова, Київ, Україна 0 грн/км'),(2212,17,1,'Лёша','2021-08-25 18:06:02','Київська область - Требухов - Хмельницький - Львівська область 21 грн/км'),(2213,17,3,'Лёша','2021-08-25 18:06:29','очікування'),(2214,17,3,'Лёша','2021-08-25 18:06:50','очікування'),(2215,17,1,'Лёша','2021-08-25 18:08:09','Львівська область - Солонка - Ровно - Луцк - Волинська область 27 грн/км'),(2216,17,1,'Лёша','2021-08-25 18:10:45','Волинська область - Смолигов - Київська область 13 грн/км'),(2217,17,3,'Лёша','2021-08-25 18:12:49','очікування'),(2218,17,3,'Лёша','2021-08-25 18:13:07','очікування'),(2219,17,3,'Лёша','2021-08-25 18:13:18','очікування'),(2220,17,3,'Лёша','2021-08-25 18:13:25','очікування'),(2221,17,3,'Лёша','2021-08-25 18:13:30','очікування'),(2222,17,3,'Лёша','2021-08-25 18:13:45','очікування'),(2223,17,3,'Лёша','2021-08-25 18:13:51','очікування'),(2224,17,3,'Лёша','2021-08-25 18:15:19','очікування'),(2225,17,3,'Лёша','2021-08-25 18:15:36','очікування'),(2226,17,3,'Лёша','2021-08-25 18:15:46','очікування'),(2227,17,1,'Лёша','2021-08-25 18:16:17','Київська область - Требухов - Харьков - Дніпропетровська область 20 грн/км'),(2228,17,1,'Лёша','2021-08-25 18:17:09','Київська область - Велика Димерка - Дніпропетровська область 22 грн/км'),(2229,17,1,'Лёша','2021-08-25 18:17:50','Дніпропетровська область - Кременчуг - Київська область 15 грн/км'),(2230,17,3,'Лёша','2021-08-25 18:17:58','очікування'),(2231,17,3,'Лёша','2021-08-25 18:18:03','очікування'),(2232,17,3,'Лёша','2021-08-25 18:18:08','очікування'),(2233,17,3,'Лёша','2021-08-25 18:18:16','очікування'),(2234,17,3,'Лёша','2021-08-25 18:18:22','очікування'),(2235,16,1,'Саша','2021-08-26 10:02:11','Київська область - Дніпропетровська область 21 грн/км'),(2236,16,1,'Саша','2021-08-26 10:12:19','Київська область - Оболонь - Харківська область 23 грн/км'),(2237,16,1,'Саша','2021-08-26 10:12:30','Запорізька область - Київська область 18 грн/км'),(2238,16,3,'Саша','2021-08-26 10:40:07','очікування'),(2239,16,1,'Саша','2021-08-26 10:40:19','Дніпропетровська область - Київська область 21 грн/км'),(2240,16,1,'Саша','2021-08-26 11:20:09','Київська область - Щасливе - Первомайск - Миколаївська область 18 грн/км'),(2241,16,1,'Саша','2021-08-26 11:24:32','Миколаївська область - Дніпропетровська область 36 грн/км'),(2242,16,3,'Саша','2021-08-26 11:25:31','очікування'),(2243,16,1,'Саша','2021-08-26 11:37:01','Миколаївська область - Київська область 18 грн/км'),(2244,16,3,'Саша','2021-08-26 12:06:28','очікування'),(2245,15,1,'Влад','2021-08-26 12:34:14','Київська область - Харківська область 25 грн/км'),(2246,15,3,'Влад','2021-08-26 12:34:47','очікування'),(2247,15,3,'Влад','2021-08-26 12:35:25','очікування'),(2248,15,3,'Влад','2021-08-26 12:35:43','очікування'),(2249,15,3,'Влад','2021-08-26 12:38:03','очікування'),(2250,15,3,'Влад','2021-08-26 12:38:09','очікування'),(2251,15,6,'Влад','2021-08-26 12:38:22','відміна Сумы, Сумська область, Україна - Киев, Україна 19 грн/км'),(2252,15,3,'Влад','2021-08-26 12:38:27','очікування'),(2253,16,1,'Саша','2021-08-26 14:26:43','Львівська область - Малехов - Київська область 13 грн/км'),(2254,16,1,'Саша','2021-08-26 14:26:59','Львівська область - Малехов - Київська область 13 грн/км'),(2255,17,1,'Лёша','2021-08-26 14:27:33','Київська область - Харьков - Київська область 6 грн/км'),(2256,17,6,'Лёша','2021-08-26 14:28:00','відміна Киев, Україна - Киев, Україна 6 грн/км'),(2257,17,1,'Лёша','2021-08-26 14:30:24','Київська область - Киев - Харківська область 24 грн/км'),(2258,17,6,'Лёша','2021-08-26 14:30:50','відміна Ковель, Волинська область, Україна - Щасливе, Київська область, Україна 13 грн/км'),(2259,17,1,'Лёша','2021-08-26 14:36:36','Волинська область - Смолигів - Київська область 13 грн/км'),(2260,17,1,'Лёша','2021-08-26 14:37:47','Київська область - Колонщина - Одеська область 20 грн/км'),(2261,17,3,'Лёша','2021-08-26 14:38:43','очікування'),(2262,17,1,'Лёша','2021-08-26 14:39:36','Київська область - Колонщина - Кривой Рог - Дніпропетровська область 20 грн/км'),(2263,16,1,'Саша','2021-08-26 14:54:43','Львівська область - Малехів - Житомир - Київська область 15 грн/км'),(2264,16,3,'Саша','2021-08-26 15:30:50','очікування'),(2265,16,3,'Саша','2021-08-26 15:30:54','очікування'),(2266,16,3,'Саша','2021-08-26 15:30:57','очікування'),(2267,16,3,'Саша','2021-08-26 16:15:31','очікування'),(2268,16,1,'Саша','2021-08-26 16:20:14','Київська область - Колонщина - Донецька область 22 грн/км'),(2269,17,6,'Лёша','2021-08-26 16:29:48','відміна Ковель, Волинська область, Україна - Щасливе, Київська область, Україна 13 грн/км'),(2270,17,1,'Лёша','2021-08-26 16:30:26','Волинська область - Смолигів - Київська область 14 грн/км'),(2271,16,1,'Саша','2021-08-26 16:44:58','Київська область - Колонщина - Кривой Рог - Дніпропетровська область 20 грн/км'),(2272,15,6,'Влад','2021-08-26 16:54:15','відміна Малехів, Львівська область, Україна - Малехів, Львівська область, Україна 0 грн/км'),(2273,15,6,'Влад','2021-08-26 16:54:24','відміна Малехів, Львівська область, Україна - Малехів, Львівська область, Україна 0 грн/км'),(2274,15,1,'Влад','2021-08-26 16:55:13','Львівська область - Львів - Киев - Дударков - Київська область 14 грн/км'),(2275,15,1,'Влад','2021-08-26 16:59:16','Київська область - Лубны - Полтавська область 27 грн/км'),(2276,15,1,'Влад','2021-08-26 17:00:03','Харківська область - Київська область 14 грн/км'),(2277,15,6,'Влад','2021-08-26 17:00:30','відміна Львов, Львівська область, Україна - Львов, Львівська область, Україна 0 грн/км'),(2278,15,1,'Влад','2021-08-26 17:01:03','Львівська область - Малехов - Київська область 14 грн/км'),(2279,15,6,'Влад','2021-08-26 17:32:45','відміна улица Академика Бутлерова, Київ, Україна - Львов, Львівська область, Україна 19 грн/км'),(2280,15,1,'Влад','2021-08-26 17:35:50','Львівська область - Струтин - Квітневе - Київська область 13 грн/км'),(2281,16,3,'Саша','2021-08-27 09:13:36','очікування'),(2282,16,6,'Саша','2021-08-27 09:13:46','відміна вулиця Академіка Бутлерова, 8, Київ, 02000 - вулиця Академіка Бутлерова, 8, Київ, 02000 0 грн/км'),(2283,16,1,'Саша','2021-08-27 09:13:57','Київська область - Дніпропетровська область 0 грн/км'),(2284,16,6,'Саша','2021-08-27 09:14:19','відміна вулиця Академіка Бутлерова, 8, Київ, 02000 - Днепр, Дніпропетровська область, Україна 0 грн/км'),(2285,16,1,'Саша','2021-08-27 09:14:30','Київська область - Дніпропетровська область 0 грн/км'),(2286,16,1,'Саша','2021-08-27 10:37:36','Дніпропетровська область - Хортиця - Харківська область 32 грн/км'),(2287,16,1,'Саша','2021-08-27 10:54:35','Київська область - Київська область 0 грн/км'),(2288,15,6,'Влад','2021-08-27 11:28:47','відміна Харьков, Харківська область, Україна - Великая Дымерка, Київська область, Україна 14 грн/км'),(2289,15,1,'Влад','2021-08-27 11:29:34','Полтавська область - Майбородовка - Вишневое - Красиловка - Київська область 13 грн/км'),(2290,16,3,'Саша','2021-08-27 11:32:35','очікування'),(2291,16,3,'Саша','2021-08-27 11:32:40','очікування'),(2292,15,1,'Влад','2021-08-27 11:33:11','Харківська область - Кременчуг - Белогородка - Київська область 15 грн/км'),(2293,15,3,'Влад','2021-08-27 11:43:49','очікування'),(2294,15,1,'Влад','2021-08-27 11:48:38','Львівська область - Остров - Киев - Березань - Київська область 11 грн/км'),(2295,15,1,'Влад','2021-08-27 11:50:11','Київська область - Софиевская Борщаговка - Київська область 177 грн/км'),(2296,15,3,'Влад','2021-08-27 11:50:22','очікування'),(2297,15,1,'Влад','2021-08-27 11:51:58','Харківська область - вулиця Полярна - Київська область 15 грн/км'),(2298,15,6,'Влад','2021-08-27 11:52:15','відміна Харьков, Харківська область, Україна - улица Академика Бутлерова, Київ, Україна 15 грн/км'),(2299,15,1,'Влад','2021-08-27 11:52:42','Харківська область - вулиця Полярна - Київська область 12 грн/км'),(2300,15,3,'Влад','2021-08-27 11:53:54','очікування'),(2301,15,3,'Влад','2021-08-27 11:54:00','очікування'),(2302,16,1,'Саша','2021-08-27 11:57:02','Дніпропетровська область - Львівська область 0 грн/км'),(2303,16,6,'Саша','2021-08-27 11:57:12','відміна Кривой Рог, Дніпропетровська область, Україна - Львів, Львівська область, Україна 0 грн/км'),(2304,16,1,'Саша','2021-08-27 11:57:35','Харківська область - Київська область 12 грн/км'),(2305,16,1,'Саша','2021-08-27 12:31:37','Одеська область - Николаев - Вознесенск - Київська область 17 грн/км'),(2306,16,1,'Саша','2021-08-27 12:34:48','Харківська область - Велика Димерка - Київська область 13 грн/км'),(2307,16,1,'Саша','2021-08-27 12:58:31','Київська область - вул.Миколи Хвильового - Дніпропетровська область 21 грн/км'),(2308,16,3,'Саша','2021-08-27 13:22:24','очікування'),(2309,16,1,'Саша','2021-08-27 13:25:47','Київська область - вул.Миколи Хвильового - Вінницька область 23 грн/км'),(2310,16,1,'Саша','2021-08-27 15:32:03','Київська область - Гостомель - Одеська область 22 грн/км'),(2311,16,3,'Саша','2021-08-27 15:32:59','очікування'),(2312,16,1,'Саша','2021-08-27 15:33:12','Одеська область - Бурлачья Балка - Львівська область 18 грн/км'),(2313,16,1,'Саша','2021-08-27 15:33:42','Львівська область - Малехів - Київська область 13 грн/км'),(2314,15,6,'Влад','2021-08-27 15:44:35','відміна Киев, Україна - Киев, Україна 0 грн/км'),(2315,15,1,'Влад','2021-08-27 15:48:35','Київська область - Белая Церковь - Хмельницький - Волинська область 21 грн/км'),(2316,16,1,'Саша','2021-08-27 16:30:55','Дніпропетровська область - Николаев - Київська область 18 грн/км'),(2317,16,3,'Саша','2021-08-27 16:33:04','очікування'),(2318,16,1,'Саша','2021-08-27 17:14:16','Донецька область - Хортица - Полтава - Київська область 13 грн/км'),(2319,16,3,'Саша','2021-08-28 09:26:28','очікування'),(2320,16,3,'Саша','2021-08-28 09:26:35','очікування'),(2321,16,6,'Саша','2021-08-28 10:10:35','відміна Миколаїв, Миколаївська область, Україна - Новые Петровцы, Київська область, Україна 18 грн/км'),(2322,16,6,'Саша','2021-08-28 10:10:39','відміна Новые Петровцы, Київська область, Україна - Днипро, Дніпропетровська область, Україна 20 грн/км'),(2323,16,6,'Саша','2021-08-28 10:10:50','відміна Миколаїв, Миколаївська область, Україна - Новые Петровцы, Київська область, Україна 18 грн/км'),(2324,16,1,'Саша','2021-08-28 10:11:12','Миколаївська область - Софиевская Борщаговка - Київська область 17 грн/км'),(2325,16,1,'Саша','2021-08-28 10:11:27','Київська область - Кривой Рог - Дніпропетровська область 22 грн/км'),(2326,16,1,'Саша','2021-08-28 10:16:32','Дніпропетровська область - вулиця Берегова - Полтава - вулиця Михайла Донця - Київська область 16 грн/км'),(2327,15,1,'Влад','2021-08-28 10:41:32','Київська область - Миколаїв - Київська область 24 грн/км'),(2328,16,1,'Саша','2021-08-28 10:45:25','Дніпропетровська область - Одеська область 29 грн/км'),(2329,17,1,'Лёша','2021-08-28 10:53:23','Київська область - улица Академика Бутлерова - Киев - Харківська область 23 грн/км'),(2330,17,1,'Лёша','2021-08-28 10:56:11','Харківська область - Київська область 12 грн/км'),(2331,17,1,'Лёша','2021-08-28 10:57:28','Львівська область - Луцк - Київська область 15 грн/км'),(2332,17,3,'Лёша','2021-08-28 10:57:41','очікування'),(2333,17,1,'Лёша','2021-08-28 10:58:21','Київська область - Київська область 0 грн/км'),(2334,17,3,'Лёша','2021-08-28 10:58:29','очікування'),(2335,17,1,'Лёша','2021-08-28 10:59:18','Одеська область - Великодолинское - Копилів - Київська область 13 грн/км'),(2336,17,1,'Лёша','2021-08-28 11:01:06','Київська область - Колонщина - Кривой Рог - Дніпропетровська область 19 грн/км'),(2337,17,1,'Лёша','2021-08-28 11:02:33','Дніпропетровська область - Борисполь - Красиловка - Київська область 19 грн/км'),(2338,17,1,'Лёша','2021-08-28 11:05:05','Дніпропетровська область - Вольногорск - Одеська область 21 грн/км'),(2339,17,1,'Лёша','2021-08-28 11:06:15','Київська область - Колонщина - Одеська область 21 грн/км'),(2340,15,3,'Влад','2021-08-28 11:28:04','очікування'),(2341,15,3,'Влад','2021-08-28 11:33:12','очікування'),(2342,15,1,'Влад','2021-08-28 11:33:38','Харківська область - Київська область 12 грн/км'),(2343,15,3,'Влад','2021-08-28 11:33:44','очікування'),(2344,15,1,'Влад','2021-08-28 11:34:10','Київська область - Бровары - Львівська область 18 грн/км'),(2345,15,3,'Влад','2021-08-28 11:34:20','очікування'),(2346,15,3,'Влад','2021-08-28 11:34:27','очікування'),(2347,15,3,'Влад','2021-08-28 11:34:42','очікування'),(2348,15,3,'Влад','2021-08-28 11:34:46','очікування'),(2349,15,3,'Влад','2021-08-28 11:40:21','очікування'),(2350,15,3,'Влад','2021-08-28 11:40:35','очікування'),(2351,15,3,'Влад','2021-08-28 11:41:44','очікування'),(2352,15,3,'Влад','2021-08-28 11:41:58','очікування'),(2353,15,3,'Влад','2021-08-28 12:44:21','очікування'),(2354,15,3,'Влад','2021-08-28 12:44:28','очікування'),(2355,15,3,'Влад','2021-08-28 12:44:38','очікування'),(2356,15,3,'Влад','2021-08-28 12:44:46','очікування'),(2357,15,3,'Влад','2021-08-28 12:45:00','очікування'),(2358,15,3,'Влад','2021-08-28 12:45:24','очікування'),(2359,15,3,'Влад','2021-08-28 12:45:46','очікування'),(2360,15,3,'Влад','2021-08-28 12:45:54','очікування'),(2361,15,3,'Влад','2021-08-28 12:46:01','очікування'),(2362,15,3,'Влад','2021-08-28 12:46:08','очікування'),(2363,15,3,'Влад','2021-08-28 12:46:15','очікування'),(2364,15,3,'Влад','2021-08-28 12:46:23','очікування'),(2365,15,3,'Влад','2021-08-28 12:46:30','очікування'),(2366,15,3,'Влад','2021-08-28 12:46:38','очікування'),(2367,15,3,'Влад','2021-08-28 12:46:45','очікування'),(2368,16,6,'Саша','2021-08-28 12:46:55','відміна вулиця Академіка Бутлерова, 8, Київ, Україна - вулиця Академіка Бутлерова, 8, Київ, Україна 0 грн/км'),(2369,16,1,'Саша','2021-08-28 12:47:09','Київська область - Харківська область 26 грн/км');
/*!40000 ALTER TABLE `history` ENABLE KEYS */;
UNLOCK TABLES;

--
-- Table structure for table `manager`
--

DROP TABLE IF EXISTS `manager`;
/*!40101 SET @saved_cs_client     = @@character_set_client */;
/*!40101 SET character_set_client = utf8 */;
CREATE TABLE `manager` (
  `id` int(11) NOT NULL AUTO_INCREMENT,
  `name` varchar(45) NOT NULL,
  `status` int(11) NOT NULL,
  `loginPass` varchar(10) NOT NULL,
  PRIMARY KEY (`id`),
  UNIQUE KEY `id_UNIQUE` (`id`)
) ENGINE=InnoDB AUTO_INCREMENT=21 DEFAULT CHARSET=utf8;
/*!40101 SET character_set_client = @saved_cs_client */;

--
-- Dumping data for table `manager`
--

LOCK TABLES `manager` WRITE;
/*!40000 ALTER TABLE `manager` DISABLE KEYS */;
INSERT INTO `manager` VALUES (13,'Антон',0,'1001'),(14,'Діма',1,'8389'),(15,'Влад',1,'5411'),(16,'Саша',1,'6333'),(17,'Лёша',1,'3494'),(18,'Бодя',1,'5947'),(19,'Віктор',1,'4403'),(20,'Євгеній',1,'4430');
/*!40000 ALTER TABLE `manager` ENABLE KEYS */;
UNLOCK TABLES;

--
-- Table structure for table `route`
--

DROP TABLE IF EXISTS `route`;
/*!40101 SET @saved_cs_client     = @@character_set_client */;
/*!40101 SET character_set_client = utf8 */;
CREATE TABLE `route` (
  `id` int(11) NOT NULL AUTO_INCREMENT,
  `truckid` int(11) NOT NULL,
  `fromCity` varchar(45) DEFAULT NULL,
  `toCity` varchar(45) DEFAULT NULL,
  `fromOblast` varchar(45) DEFAULT NULL,
  `toOblast` varchar(45) DEFAULT NULL,
  `fromLon` double NOT NULL,
  `fromLat` double NOT NULL,
  `toLon` double NOT NULL,
  `toLat` double NOT NULL,
  `fromDate` datetime NOT NULL,
  `toDate` datetime DEFAULT NULL,
  `price` int(11) DEFAULT NULL,
  `kilometrs` int(11) DEFAULT NULL,
  `piceForKilometr` int(11) DEFAULT NULL,
  `info` varchar(400) DEFAULT NULL,
  `routeStatus` int(11) DEFAULT NULL,
  `addressFrom` varchar(100) DEFAULT NULL,
  `addressTo` varchar(100) DEFAULT NULL,
  PRIMARY KEY (`id`),
  UNIQUE KEY `id_UNIQUE` (`id`)
) ENGINE=InnoDB AUTO_INCREMENT=2096 DEFAULT CHARSET=utf8;
/*!40101 SET character_set_client = @saved_cs_client */;

--
-- Dumping data for table `route`
--

LOCK TABLES `route` WRITE;
/*!40000 ALTER TABLE `route` DISABLE KEYS */;
INSERT INTO `route` VALUES (71,15,'Київ','Київ','Київська область','Київська область',50.449546,30.649562,50.449546,30.649562,'2021-05-25 00:00:00','2021-05-26 00:00:00',0,0,0,'готовий до роботи',0,'вулиця Академіка Бутлерова, 8, Київ, 02000','вулиця Академіка Бутлерова, 8, Київ, 02000'),(72,16,'Київ','Київ','Київська область','Київська область',50.449546,30.649562,50.449546,30.649562,'2021-05-25 00:00:00','2021-05-26 00:00:00',0,0,0,'готовий до роботи',0,'вулиця Академіка Бутлерова, 8, Київ, 02000','вулиця Академіка Бутлерова, 8, Київ, 02000'),(73,17,'Київ','Київ','Київська область','Київська область',50.449546,30.649562,50.449546,30.649562,'2021-05-25 00:00:00','2021-05-26 00:00:00',0,0,0,'готовий до роботи',0,'вулиця Академіка Бутлерова, 8, Київ, 02000','вулиця Академіка Бутлерова, 8, Київ, 02000'),(74,18,'Київ','Київ','Київська область','Київська область',50.449546,30.649562,50.449546,30.649562,'2021-05-25 00:00:00','2021-05-26 00:00:00',0,0,0,'готовий до роботи',0,'вулиця Академіка Бутлерова, 8, Київ, 02000','вулиця Академіка Бутлерова, 8, Київ, 02000'),(75,19,'Київ','Київ','Київська область','Київська область',50.449546,30.649562,50.449546,30.649562,'2021-05-25 00:00:00','2021-05-26 00:00:00',0,0,0,'готовий до роботи',0,'вулиця Академіка Бутлерова, 8, Київ, 02000','вулиця Академіка Бутлерова, 8, Київ, 02000'),(76,20,'Київ','Київ','Київська область','Київська область',50.449546,30.649562,50.449546,30.649562,'2021-05-25 00:00:00','2021-05-26 00:00:00',0,0,0,'готовий до роботи',0,'вулиця Академіка Бутлерова, 8, Київ, 02000','вулиця Академіка Бутлерова, 8, Київ, 02000'),(77,21,'Київ','Київ','Київська область','Київська область',50.449546,30.649562,50.449546,30.649562,'2021-05-25 00:00:00','2021-05-26 00:00:00',0,0,0,'готовий до роботи',0,'вулиця Академіка Бутлерова, 8, Київ, 02000','вулиця Академіка Бутлерова, 8, Київ, 02000'),(78,22,'Київ','Київ','Київська область','Київська область',50.449546,30.649562,50.449546,30.649562,'2021-05-25 00:00:00','2021-05-26 00:00:00',0,0,0,'готовий до роботи',0,'вулиця Академіка Бутлерова, 8, Київ, 02000','вулиця Академіка Бутлерова, 8, Київ, 02000'),(79,23,'Київ','Київ','Київська область','Київська область',50.449546,30.649562,50.449546,30.649562,'2021-05-25 00:00:00','2021-05-26 00:00:00',0,0,0,'готовий до роботи',0,'вулиця Академіка Бутлерова, 8, Київ, 02000','вулиця Академіка Бутлерова, 8, Київ, 02000'),(80,24,'Київ','Київ','Київська область','Київська область',50.449546,30.649562,50.449546,30.649562,'2021-05-25 00:00:00','2021-05-26 00:00:00',0,0,0,'готовий до роботи',0,'вулиця Академіка Бутлерова, 8, Київ, 02000','вулиця Академіка Бутлерова, 8, Київ, 02000'),(81,25,'Київ','Київ','Київська область','Київська область',50.449546,30.649562,50.449546,30.649562,'2021-05-25 00:00:00','2021-05-26 00:00:00',0,0,0,'готовий до роботи',0,'вулиця Академіка Бутлерова, 8, Київ, 02000','вулиця Академіка Бутлерова, 8, Київ, 02000'),(82,26,'Київ','Київ','Київська область','Київська область',50.449546,30.649562,50.449546,30.649562,'2021-05-25 00:00:00','2021-05-26 00:00:00',0,0,0,'готовий до роботи',0,'вулиця Академіка Бутлерова, 8, Київ, 02000','вулиця Академіка Бутлерова, 8, Київ, 02000'),(83,27,'Київ','Київ','Київська область','Київська область',50.449546,30.649562,50.449546,30.649562,'2021-05-25 00:00:00','2021-05-26 00:00:00',0,0,0,'готовий до роботи',0,'вулиця Академіка Бутлерова, 8, Київ, 02000','вулиця Академіка Бутлерова, 8, Київ, 02000'),(84,28,'Київ','Київ','Київська область','Київська область',50.449546,30.649562,50.449546,30.649562,'2021-05-25 00:00:00','2021-05-26 00:00:00',0,0,0,'готовий до роботи',0,'вулиця Академіка Бутлерова, 8, Київ, 02000','вулиця Академіка Бутлерова, 8, Київ, 02000'),(85,29,'Київ','Київ','Київська область','Київська область',50.449546,30.649562,50.449546,30.649562,'2021-05-25 00:00:00','2021-05-26 00:00:00',0,0,0,'готовий до роботи',0,'вулиця Академіка Бутлерова, 8, Київ, 02000','вулиця Академіка Бутлерова, 8, Київ, 02000'),(86,30,'Київ','Київ','Київська область','Київська область',50.449546,30.649562,50.449546,30.649562,'2021-05-25 00:00:00','2021-05-26 00:00:00',0,0,0,'готовий до роботи',0,'вулиця Академіка Бутлерова, 8, Київ, 02000','вулиця Академіка Бутлерова, 8, Київ, 02000'),(87,31,'Київ','Київ','Київська область','Київська область',50.449546,30.649562,50.449546,30.649562,'2021-05-25 00:00:00','2021-05-26 00:00:00',0,0,0,'готовий до роботи',0,'вулиця Академіка Бутлерова, 8, Київ, 02000','вулиця Академіка Бутлерова, 8, Київ, 02000'),(88,32,'Київ','Київ','Київська область','Київська область',50.449546,30.649562,50.449546,30.649562,'2021-05-25 00:00:00','2021-05-26 00:00:00',0,0,0,'готовий до роботи',0,'вулиця Академіка Бутлерова, 8, Київ, 02000','вулиця Академіка Бутлерова, 8, Київ, 02000'),(89,33,'Київ','Київ','Київська область','Київська область',50.449546,30.649562,50.449546,30.649562,'2021-05-25 00:00:00','2021-05-26 00:00:00',0,0,0,'готовий до роботи',0,'вулиця Академіка Бутлерова, 8, Київ, 02000','вулиця Академіка Бутлерова, 8, Київ, 02000'),(90,34,'Київ','Київ','Київська область','Київська область',50.449546,30.649562,50.449546,30.649562,'2021-05-25 00:00:00','2021-05-26 00:00:00',0,0,0,'готовий до роботи',0,'вулиця Академіка Бутлерова, 8, Київ, 02000','вулиця Академіка Бутлерова, 8, Київ, 02000'),(91,35,'Київ','Київ','Київська область','Київська область',50.449546,30.649562,50.449546,30.649562,'2021-05-25 00:00:00','2021-05-26 00:00:00',0,0,0,'готовий до роботи',0,'вулиця Академіка Бутлерова, 8, Київ, 02000','вулиця Академіка Бутлерова, 8, Київ, 02000'),(92,36,'Київ','Київ','Київська область','Київська область',50.449546,30.649562,50.449546,30.649562,'2021-05-25 00:00:00','2021-05-26 00:00:00',0,0,0,'готовий до роботи',0,'вулиця Академіка Бутлерова, 8, Київ, 02000','вулиця Академіка Бутлерова, 8, Київ, 02000'),(93,37,'Київ','Київ','Київська область','Київська область',50.449546,30.649562,50.449546,30.649562,'2021-05-25 00:00:00','2021-05-26 00:00:00',0,0,0,'готовий до роботи',0,'вулиця Академіка Бутлерова, 8, Київ, 02000','вулиця Академіка Бутлерова, 8, Київ, 02000'),(94,38,'Київ','Київ','Київська область','Київська область',50.449546,30.649562,50.449546,30.649562,'2021-05-25 00:00:00','2021-05-26 00:00:00',0,0,0,'готовий до роботи',0,'вулиця Академіка Бутлерова, 8, Київ, 02000','вулиця Академіка Бутлерова, 8, Київ, 02000'),(95,39,'Київ','Київ','Київська область','Київська область',50.449546,30.649562,50.449546,30.649562,'2021-05-25 00:00:00','2021-05-26 00:00:00',0,0,0,'готовий до роботи',0,'вулиця Академіка Бутлерова, 8, Київ, 02000','вулиця Академіка Бутлерова, 8, Київ, 02000'),(96,40,'Київ','Київ','Київська область','Київська область',50.449546,30.649562,50.449546,30.649562,'2021-05-25 00:00:00','2021-05-26 00:00:00',0,0,0,'готовий до роботи',0,'вулиця Академіка Бутлерова, 8, Київ, 02000','вулиця Академіка Бутлерова, 8, Київ, 02000'),(97,41,'Київ','Київ','Київська область','Київська область',50.449546,30.649562,50.449546,30.649562,'2021-05-25 00:00:00','2021-05-26 00:00:00',0,0,0,'готовий до роботи',0,'вулиця Академіка Бутлерова, 8, Київ, 02000','вулиця Академіка Бутлерова, 8, Київ, 02000'),(98,42,'Київ','Київ','Київська область','Київська область',50.449546,30.649562,50.449546,30.649562,'2021-05-25 00:00:00','2021-05-26 00:00:00',0,0,0,'готовий до роботи',0,'вулиця Академіка Бутлерова, 8, Київ, 02000','вулиця Академіка Бутлерова, 8, Київ, 02000'),(99,43,'Київ','Київ','Київська область','Київська область',50.449546,30.649562,50.449546,30.649562,'2021-05-25 00:00:00','2021-05-26 00:00:00',0,0,0,'готовий до роботи',0,'вулиця Академіка Бутлерова, 8, Київ, 02000','вулиця Академіка Бутлерова, 8, Київ, 02000'),(100,44,'Київ','Київ','Київська область','Київська область',50.449546,30.649562,50.449546,30.649562,'2021-05-25 00:00:00','2021-05-26 00:00:00',0,0,0,'готовий до роботи',0,'вулиця Академіка Бутлерова, 8, Київ, 02000','вулиця Академіка Бутлерова, 8, Київ, 02000'),(101,45,'Київ','Київ','Київська область','Київська область',50.449546,30.649562,50.449546,30.649562,'2021-05-25 00:00:00','2021-05-26 00:00:00',0,0,0,'готовий до роботи',0,'вулиця Академіка Бутлерова, 8, Київ, 02000','вулиця Академіка Бутлерова, 8, Київ, 02000'),(102,46,'Київ','Київ','Київська область','Київська область',50.449546,30.649562,50.449546,30.649562,'2021-05-25 00:00:00','2021-05-26 00:00:00',0,0,0,'готовий до роботи',0,'вулиця Академіка Бутлерова, 8, Київ, 02000','вулиця Академіка Бутлерова, 8, Київ, 02000'),(103,47,'Київ','Київ','Київська область','Київська область',50.449546,30.649562,50.449546,30.649562,'2021-05-25 00:00:00','2021-05-26 00:00:00',0,0,0,'готовий до роботи',0,'вулиця Академіка Бутлерова, 8, Київ, 02000','вулиця Академіка Бутлерова, 8, Київ, 02000'),(104,48,'Київ','Київ','Київська область','Київська область',50.449546,30.649562,50.449546,30.649562,'2021-05-25 00:00:00','2021-05-26 00:00:00',0,0,0,'готовий до роботи',0,'вулиця Академіка Бутлерова, 8, Київ, 02000','вулиця Академіка Бутлерова, 8, Київ, 02000'),(105,49,'Київ','Київ','Київська область','Київська область',50.449546,30.649562,50.449546,30.649562,'2021-05-25 00:00:00','2021-05-26 00:00:00',0,0,0,'готовий до роботи',0,'вулиця Академіка Бутлерова, 8, Київ, 02000','вулиця Академіка Бутлерова, 8, Київ, 02000'),(106,50,'Київ','Київ','Київська область','Київська область',50.449546,30.649562,50.449546,30.649562,'2021-05-25 00:00:00','2021-05-26 00:00:00',0,0,0,'готовий до роботи',0,'вулиця Академіка Бутлерова, 8, Київ, 02000','вулиця Академіка Бутлерова, 8, Київ, 02000'),(107,51,'Київ','Київ','Київська область','Київська область',50.449546,30.649562,50.449546,30.649562,'2021-05-25 00:00:00','2021-05-26 00:00:00',0,0,0,'готовий до роботи',0,'вулиця Академіка Бутлерова, 8, Київ, 02000','вулиця Академіка Бутлерова, 8, Київ, 02000'),(108,52,'Київ','Київ','Київська область','Київська область',50.449546,30.649562,50.449546,30.649562,'2021-05-25 00:00:00','2021-05-26 00:00:00',0,0,0,'готовий до роботи',0,'вулиця Академіка Бутлерова, 8, Київ, 02000','вулиця Академіка Бутлерова, 8, Київ, 02000'),(109,53,'Київ','Київ','Київська область','Київська область',50.449546,30.649562,50.449546,30.649562,'2021-05-25 00:00:00','2021-05-26 00:00:00',0,0,0,'готовий до роботи',0,'вулиця Академіка Бутлерова, 8, Київ, 02000','вулиця Академіка Бутлерова, 8, Київ, 02000'),(110,54,'Київ','Київ','Київська область','Київська область',50.449546,30.649562,50.449546,30.649562,'2021-05-25 00:00:00','2021-05-26 00:00:00',0,0,0,'готовий до роботи',0,'вулиця Академіка Бутлерова, 8, Київ, 02000','вулиця Академіка Бутлерова, 8, Київ, 02000'),(111,55,'Київ','Київ','Київська область','Київська область',50.449546,30.649562,50.449546,30.649562,'2021-05-25 00:00:00','2021-05-26 00:00:00',0,0,0,'готовий до роботи',0,'вулиця Академіка Бутлерова, 8, Київ, 02000','вулиця Академіка Бутлерова, 8, Київ, 02000'),(112,56,'Київ','Київ','Київська область','Київська область',50.449546,30.649562,50.449546,30.649562,'2021-05-25 00:00:00','2021-05-26 00:00:00',0,0,0,'готовий до роботи',0,'вулиця Академіка Бутлерова, 8, Київ, 02000','вулиця Академіка Бутлерова, 8, Київ, 02000'),(116,18,'Київ','Чернівці','Київська область','Чернівецька область',50.449546,30.649562,48.2920787,25.9358367,'2021-05-27 00:01:00','2021-05-28 00:00:00',5000,542,9,'Оптіма',0,'вулиця Академіка Бутлерова, 8, Київ, 02000','Чернівці, Чернівецька область, Україна'),(141,36,'Київ','Чернівці','Київська область','Чернівецька область',50.449546,30.649562,48.2920787,25.9358367,'2021-06-02 00:01:00','2021-06-03 00:00:00',13500,596,22,'хим торг, обратно ист',0,'вулиця Академіка Бутлерова, 8, Київ, 02000','Чернівці, Чернівецька область, Україна'),(144,36,'Чернівці','Київ','Чернівецька область','Київська область',48.2920787,25.9358367,50.4501,30.5234,'2021-06-03 00:01:00','2021-06-04 00:00:00',7500,562,13,'ист, цемент',0,'Чернівці, Чернівецька область, Україна','Киев, Україна'),(179,57,'Київ','Київ','Київська область','Київська область',50.449546,30.649562,50.449546,30.649562,'2021-06-08 00:00:00','2021-06-09 00:00:00',0,0,0,'готовий до роботи',0,'вулиця Академіка Бутлерова, 8, Київ, 02000','вулиця Академіка Бутлерова, 8, Київ, 02000'),(374,51,'Київ','Львів','Київська область','Львівська область',50.449546,30.649562,49.839683,24.029717,'2021-07-04 00:01:00','2021-07-05 00:00:00',0,607,0,' ',0,'вулиця Академіка Бутлерова, 8, Київ, 02000','Львів, Львівська область, Україна'),(376,51,'Львів','Київ','Львівська область','Київська область',49.839683,24.029717,50.4501,30.5234,'2021-07-05 00:01:00','2021-07-06 00:00:00',9000,661,13,'  , через Маяки, Волинська область, Україна',0,'Львів, Львівська область, Україна','Киев, Україна'),(380,43,'Київ','Одеса','Київська область','Одеська область',50.449546,30.649562,46.482526,30.7233095,'2021-07-05 00:01:00','2021-07-06 00:00:00',11500,528,21,'  ',0,'вулиця Академіка Бутлерова, 8, Київ, 02000','Одесса, Одеська область, Україна'),(426,43,'Одеса','Мукачево','Одеська область','Закарпатська область',46.482526,30.7233095,48.4493055,22.7117106,'2021-07-06 00:01:00','2021-07-07 00:00:00',19050,1127,16,'  , через Львів, Львівська область, Україна',0,'Одесса, Одеська область, Україна','Мукачево, Закарпатська область, Україна'),(427,58,'Київ','Київ','Київська область','Київська область',50.449546,30.649562,50.449546,30.649562,'2021-06-25 00:00:00','2021-06-26 00:00:00',0,0,0,'готовий до роботи',0,'вулиця Академіка Бутлерова, 8, Київ, 02000','вулиця Академіка Бутлерова, 8, Київ, 02000'),(429,59,'Київ','Київ','Київська область','Київська область',50.449546,30.649562,50.449546,30.649562,'2021-06-25 00:00:00','2021-06-26 00:00:00',0,0,0,'готовий до роботи',0,'вулиця Академіка Бутлерова, 8, Київ, 02000','вулиця Академіка Бутлерова, 8, Київ, 02000'),(430,60,'Київ','Київ','Київська область','Київська область',50.449546,30.649562,50.449546,30.649562,'2021-06-25 00:00:00','2021-06-26 00:00:00',0,0,0,'готовий до роботи',0,'вулиця Академіка Бутлерова, 8, Київ, 02000','вулиця Академіка Бутлерова, 8, Київ, 02000'),(472,51,'Київ','Суми','Київська область','Сумська область',50.4501,30.5234,50.9077,34.7981,'2021-07-12 00:01:00','2021-07-13 00:00:00',8300,367,22,'шв.світ',0,'Киев, Україна','Сумы, Сумська область, Україна'),(481,51,'Суми','Вишневе','Сумська область','Київська обл.',50.9077,34.7981,50.3919,30.368267,'2021-07-13 00:01:00','2021-07-14 00:00:00',6000,421,14,'ист',0,'Сумы, Сумська область, Україна','Вишневое, Київська область, Україна'),(493,43,'Мукачево','Київ','Закарпатська область','Київська область',48.4493055,22.7117106,50.44650799999999,30.6509906,'2021-07-11 00:01:00','2021-07-12 00:00:00',12000,867,13,'   , через Копилів, Київська область, Україна',0,'Мукачево, Закарпатська область, Україна','улица Академика Бутлерова, Київ, Україна'),(521,61,'Київ','Київ','Київська область','Київська область',50.449546,30.649562,50.449546,30.649562,'2021-07-01 00:00:00','2021-07-02 00:00:00',0,0,0,'готовий до роботи',0,'вулиця Академіка Бутлерова, 8, Київ, 02000','вулиця Академіка Бутлерова, 8, Київ, 02000'),(523,62,'Київ','Київ','Київська область','Київська область',50.449546,30.649562,50.449546,30.649562,'2021-07-01 00:00:00','2021-07-02 00:00:00',0,0,0,'готовий до роботи',0,'вулиця Академіка Бутлерова, 8, Київ, 02000','вулиця Академіка Бутлерова, 8, Київ, 02000'),(556,43,'Київ','Київ','Київська область','Київська область',50.44650799999999,30.6509906,50.44650799999999,30.6509906,'2021-07-13 00:01:00','2021-07-14 00:00:00',0,0,0,'очікування',1,'улица Академика Бутлерова, Київ, Україна','улица Академика Бутлерова, Київ, Україна'),(563,51,'Вишневе','Розівка','Київська обл.','Закарпатська область',50.3919,30.368267,48.5826327,22.2740915,'2021-07-14 00:01:00','2021-07-15 00:00:00',19600,916,21,'нал. РУДЬ, через улица Алябьева, Київ, Україна',0,'Вишневое, Київська область, Україна','Розовка, Закарпатська область, Україна'),(601,43,'Київ','Київ','Київська область','Київська область',50.44650799999999,30.6509906,50.44650799999999,30.6509906,'2021-07-14 00:01:00','2021-07-15 00:00:00',0,0,0,'очікування',1,'улица Академика Бутлерова, Київ, Україна','улица Академика Бутлерова, Київ, Україна'),(621,51,'Розівка','Розівка','Закарпатська область','Закарпатська область',48.5826327,22.2740915,48.5826327,22.2740915,'2021-07-15 00:01:00','2021-07-16 00:00:00',0,0,0,'очікування',1,'Розовка, Закарпатська область, Україна','Розовка, Закарпатська область, Україна'),(638,43,'Київ','Київ','Київська область','Київська область',50.44650799999999,30.6509906,50.44650799999999,30.6509906,'2021-07-15 00:01:00','2021-07-16 00:00:00',0,0,0,'очікування',1,'улица Академика Бутлерова, Київ, Україна','улица Академика Бутлерова, Київ, Україна'),(639,43,'Київ','Київ','Київська область','Київська область',50.44650799999999,30.6509906,50.44650799999999,30.6509906,'2021-07-16 00:01:00','2021-07-17 00:00:00',0,0,0,'очікування',1,'улица Академика Бутлерова, Київ, Україна','улица Академика Бутлерова, Київ, Україна'),(672,51,'Розівка','Щасливе','Закарпатська область','Київська обл.',48.5826327,22.2740915,50.3760418,30.79903079999999,'2021-07-16 00:01:00','2021-07-17 00:00:00',11900,981,12,'моршин через Моршин, Львівська область, Україна; Красиловка, Київська область, Україна',0,'Розовка, Закарпатська область, Україна','Щасливе, Київська область, Україна'),(710,51,'Щасливе','Одеса','Київська обл.','Одеська область',50.3760418,30.79903079999999,46.482526,30.7233095,'2021-07-19 00:01:00','2021-07-20 00:00:00',12000,568,21,'оптима, через Бровары, Київська область, Україна',0,'Щасливе, Київська область, Україна','Одесса, Одеська область, Україна'),(749,51,'Одеса','Білогородка','Одеська область','Київська область',46.482526,30.7233095,50.393051,30.2342611,'2021-07-20 00:01:00','2021-07-21 00:00:00',7200,512,14,'удк, через девик',0,'Одесса, Одеська область, Україна','Белогородка, Київська область, Україна'),(767,43,'Київ','Київ','Київська область','Київська область',50.44650799999999,30.6509906,50.44650799999999,30.6509906,'2021-07-20 00:01:00','2021-07-21 00:00:00',0,0,0,'очікування',1,'улица Академика Бутлерова, Київ, Україна','улица Академика Бутлерова, Київ, Україна'),(800,51,'Білогородка','Київ','Київська область','Київська область',50.393051,30.2342611,50.4479779,30.6516968,'2021-07-21 00:01:00','2021-07-22 00:00:00',0,46,0,'в парк',0,'Белогородка, Київська область, Україна','вулиця Академіка Бутлерова, 8, Київ, Україна'),(808,51,'Київ','Мельниця-Подільська','Київська область','Тернопільська область',50.4479779,30.6516968,48.6079275,26.1668489,'2021-07-22 00:01:00','2021-07-23 00:00:00',11500,551,20,'хим торг, софт',0,'вулиця Академіка Бутлерова, 8, Київ, Україна','Мельница-Подольская, Тернопільська область, Україна'),(858,51,'Мельниця-Подільська','Дніпро','Тернопільська область','Дніпропетровська область',48.6079275,26.1668489,48.464717,35.046183,'2021-07-23 00:01:00','2021-07-24 00:00:00',14000,947,14,'автотрансекспидиция, через Хмельницький, Хмельницька область, Україна',0,'Мельница-Подольская, Тернопільська область, Україна','Днепр, Дніпропетровська область, Україна'),(915,51,'Дніпро','Копилів','Дніпропетровська область','Київська область',48.464717,35.046183,50.41023570000001,29.89076,'2021-07-26 00:01:00','2021-07-27 00:00:00',10500,609,17,'юдм, + 2500 в след., через Красиловка, Київська область, Україна',0,'Днепр, Дніпропетровська область, Україна','Копилів, Київська область, Україна'),(953,51,'Копилів','Бурлача Балка','Київська область','Одеська область',50.41023570000001,29.89076,46.3425607,30.6619673,'2021-07-27 00:01:00','2021-07-28 00:00:00',11500,598,19,'аквафрост, через Столичне шосе, 100, Київ, Україна',0,'Копилів, Київська область, Україна','Бурлачья Балка, Одеська область, Україна'),(982,51,'Бурлача Балка','Київ','Одеська область','Київська область',46.3425607,30.6619673,50.4501,30.5234,'2021-07-28 00:01:00','2021-07-29 00:00:00',8500,535,15,'аквафрост',0,'Бурлачья Балка, Одеська область, Україна','Киев, Україна'),(1029,51,'Київ','Київ','Київська область','Київська область',50.4501,30.5234,50.4501,30.5234,'2021-07-29 00:01:00','2021-07-30 00:00:00',0,0,0,'очікування',1,'Киев, Україна','Киев, Україна'),(1045,41,'Київ','Кропивницький','Київська область','Кіровоградська область',50.4501,30.5234,48.50793300000001,32.262317,'2021-07-30 00:01:00','2021-07-31 00:00:00',9500,333,28,'фм',0,'Киев, Україна','Кропивни&#769;цкий, Кіровоградська область, Україна'),(1049,62,'Київ','Дніпро','Київська область','Дніпропетровська область',50.4501,30.5234,48.464717,35.046183,'2021-07-30 00:01:00','2021-07-31 00:00:00',14000,705,19,'лт трейд через Колонщина, Київська область, Україна; Кривой Рог, Дніпропетровська область, Україна',0,'Киев, Україна','Днипро, Дніпропетровська область, Україна'),(1050,42,'Київ','Одеса','Київська область','Одеська область',50.4501,30.5234,46.482526,30.7233095,'2021-07-30 00:01:00','2021-07-31 00:00:00',11500,574,20,'лт трейд, через Колонщина, Київська область, Україна',0,'Киев, Україна','Одесса, Одеська область, Україна'),(1054,51,'Київ','Київ','Київська область','Київська область',50.4501,30.5234,50.4501,30.5234,'2021-07-30 00:01:00','2021-07-31 00:00:00',0,0,0,'очікування',1,'Киев, Україна','Киев, Україна'),(1058,41,'Кропивницький','Красилівка','Кіровоградська область','Київська область',48.50793300000001,32.262317,50.52149370000001,30.9066286,'2021-07-31 00:01:00','2021-08-01 00:00:00',9500,472,20,'изумруд, через Майбородовка, Полтавська область, Україна',0,'Кропивни&#769;цкий, Кіровоградська область, Україна','Красиловка, Київська область, Україна'),(1084,28,'Дударків','Маріуполь','Київська область','Донецька область',50.4472792,30.9451739,47.097133,37.543367,'2021-08-02 00:01:00','2021-08-03 00:00:00',22000,997,22,'ЛЕВ ЛОГИСТИК через Колонщина, Київська область, Україна; Днепр, Дніпропетровська область, Україна',0,'Дударков, Київська область, Україна','Мариуполь, Донецька область, Україна'),(1091,38,'Київ','Київ','Київська область','Київська область',50.4501,30.5234,50.4501,30.5234,'2021-08-02 00:01:00','2021-08-03 00:00:00',0,0,0,'очікування',1,'Киев, Україна','Киев, Україна'),(1093,42,'Одеса','Чернігів','Одеська область','Чернігівська область',46.482526,30.7233095,51.4982,31.28935,'2021-08-02 00:01:00','2021-08-03 00:00:00',14000,816,17,'глобал юг, через Николаев, Миколаївська область, Україна',0,'Одесса, Одеська область, Україна','Чернигов, Чернігівська область, Україна'),(1094,45,'Квітневе','Дніпро','Київська область','Дніпропетровська область',50.5334605,30.8446582,48.464717,35.046183,'2021-08-02 00:01:00','2021-08-03 00:00:00',14000,739,18,'лт трейд через Колонщина, Київська область, Україна; Кривой Рог, Дніпропетровська область, Україна',0,'Квітневе, Київська область, Україна','Днепр, Дніпропетровська область, Україна'),(1095,50,'Київ','Дніпро','Київська область','Дніпропетровська область',50.4501,30.5234,48.464717,35.046183,'2021-07-31 00:01:00','2021-08-01 00:00:00',15500,767,20,'конти, через дженерал, через Харків, Харківська область, Україна',0,'Киев, Україна','Днепр, Дніпропетровська область, Україна'),(1096,50,'Дніпро','Суми','Дніпропетровська область','Сумська область',48.464717,35.046183,50.9077,34.7981,'2021-08-02 00:01:00','2021-08-03 00:00:00',9900,411,24,'конти, через дженерал',0,'Днепр, Дніпропетровська область, Україна','Сумы, Сумська область, Україна'),(1097,51,'Київ','Харків','Київська область','Харківська область',50.4501,30.5234,49.9935,36.230383,'2021-08-02 00:01:00','2021-08-03 00:00:00',12500,529,23,'фруктус нобилис',0,'Киев, Україна','Харьков, Харківська область, Україна'),(1098,41,'Красилівка','Одеса','Київська область','Одеська область',50.52149370000001,30.9066286,46.482526,30.7233095,'2021-08-02 00:01:00','2021-08-03 00:00:00',11500,577,19,'аквафрост, через Столичное шоссе, Київ, Україна',0,'Красиловка, Київська область, Україна','Одесса, Одеська область, Україна'),(1102,62,'Дніпро','Миколаїв','Дніпропетровська область','Миколаївська область',48.464717,35.046183,46.975033,31.994583,'2021-08-02 00:01:00','2021-08-03 00:00:00',9000,353,25,'биола',0,'Днипро, Дніпропетровська область, Україна','Миколаїв, Миколаївська область, Україна'),(1106,24,'Київ','Одеса','Київська область','Одеська область',50.44650799999999,30.6509906,46.482526,30.7233095,'2021-08-01 00:01:00','2021-08-02 00:00:00',24500,1122,21,'   через Кривой Рог, Дніпропетровська область, Україна; Днепр, Дніпропетровська область, Україна',0,'улица Академика Бутлерова, Київ, Україна','Одесса, Одеська область, Україна'),(1107,24,'Одеса','Одеса','Одеська область','Одеська область',46.482526,30.7233095,46.482526,30.7233095,'2021-08-02 00:01:00','2021-08-03 00:00:00',0,0,0,'очікування',1,'Одесса, Одеська область, Україна','Одесса, Одеська область, Україна'),(1115,34,'Київ','Київ','Київська область','Київська область',50.4501,30.5234,50.4501,30.5234,'2021-08-02 00:01:00','2021-08-03 00:00:00',0,0,0,'очікування',1,'Киев, Україна','Киев, Україна'),(1120,40,'Київ','Одеса','Київська область','Одеська область',50.4501,30.5234,46.482526,30.7233095,'2021-08-02 00:01:00','2021-08-03 00:00:00',11500,574,20,'  , через Колонщина, Київська область, Україна',0,'Киев, Україна','Одесса, Одеська область, Україна'),(1127,30,'Київ','Київ','Київська область','Київська область',50.44650799999999,30.6509906,50.44650799999999,30.6509906,'2021-08-03 00:01:00','2021-08-04 00:00:00',0,0,0,'очікування',1,'улица Академика Бутлерова, Київ, Україна','улица Академика Бутлерова, Київ, Україна'),(1132,41,'Одеса','Дніпро','Одеська область','Дніпропетровська область',46.482526,30.7233095,48.464717,35.046183,'2021-08-03 00:01:00','2021-08-04 00:00:00',9500,499,19,'аквафрост',0,'Одесса, Одеська область, Україна','Днепр, Дніпропетровська область, Україна'),(1133,45,'Дніпро','Дніпро','Дніпропетровська область','Дніпропетровська область',48.464717,35.046183,48.464717,35.046183,'2021-08-03 00:01:00','2021-08-04 00:00:00',0,0,0,'очікування',1,'Днепр, Дніпропетровська область, Україна','Днепр, Дніпропетровська область, Україна'),(1134,46,'Київ','Дніпро','Київська область','Дніпропетровська область',50.4501,30.5234,48.464717,35.046183,'2021-07-31 00:01:00','2021-08-01 00:00:00',14000,705,19,'лт трейд через Колонщина, Київська область, Україна; Кривой Рог, Дніпропетровська область, Україна',0,'Киев, Україна','Днепр, Дніпропетровська область, Україна'),(1135,46,'Дніпро','Нерубайське','Дніпропетровська область','Одеська область',48.464717,35.046183,46.5465878,30.6294631,'2021-08-01 00:01:00','2021-08-02 00:00:00',12500,597,20,'фм, через Покров, Дніпропетровська область, Україна',0,'Днепр, Дніпропетровська область, Україна','Нерубайское, Одеська область, Україна'),(1136,46,'Нерубайське','Хортиця','Одеська область','Запорізька область',46.5465878,30.6294631,47.84951399999999,35.015328,'2021-08-02 00:01:00','2021-08-03 00:00:00',11300,515,21,'удк',0,'Нерубайское, Одеська область, Україна','Хортиця, Запорізька область, Україна'),(1137,46,'Хортиця','Миколаїв','Запорізька область','Миколаївська область',47.84951399999999,35.015328,46.975033,31.994583,'2021-08-03 00:01:00','2021-08-04 00:00:00',10500,413,25,'удк, через Кривой Рог, Дніпропетровська область, Україна',0,'Хортиця, Запорізька область, Україна','Николаев, Миколаївська область, Україна'),(1138,50,'Суми','Суми','Сумська область','Сумська область',50.9077,34.7981,50.9077,34.7981,'2021-08-03 00:01:00','2021-08-04 00:00:00',0,0,0,'очікування',1,'Сумы, Сумська область, Україна','Сумы, Сумська область, Україна'),(1139,50,'Суми','Чайки','Сумська область','Київська область',50.9077,34.7981,50.4401629,30.2879474,'2021-08-04 00:01:00','2021-08-05 00:00:00',8000,482,16,'ист, через Тростянец, Сумська область, Україна',0,'Сумы, Сумська область, Україна','Чайки, Київська область, Україна'),(1141,62,'Миколаїв','Нові Петрівці','Миколаївська область','Київська область',46.975033,31.994583,50.6240862,30.4361659,'2021-08-03 00:01:00','2021-08-04 00:00:00',10000,602,16,'глобал юг, через Копилів, Київська область, Україна',0,'Миколаїв, Миколаївська область, Україна','Нові Петрівці, Київська область, Україна'),(1145,45,'Дніпро','Гостомель','Дніпропетровська область','Київська область',48.464717,35.046183,50.579141,30.2150743,'2021-08-04 00:01:00','2021-08-05 00:00:00',10000,593,16,'елемент, через Васильевка, Дніпропетровська область, Україна',0,'Днепр, Дніпропетровська область, Україна','Гостомель, Київська область, Україна'),(1146,51,'Харків','Чайки','Харківська область','Київська область',49.9935,36.230383,50.4401629,30.2879474,'2021-08-03 00:01:00','2021-08-04 00:00:00',8000,562,14,'ист, через Тростянец, Сумська область, Україна',0,'Харьков, Харківська область, Україна','Чайки, Київська область, Україна'),(1147,46,'Миколаїв','Квітневе','Миколаївська область','Київська область',46.975033,31.994583,50.5334605,30.8446582,'2021-08-04 00:01:00','2021-08-05 00:00:00',10000,546,18,'глобал юг',0,'Николаев, Миколаївська область, Україна','Квітневе, Київська область, Україна'),(1150,22,'Київ','Запоріжжя','Київська область','Запорізька область',50.4501,30.5234,47.8388,35.139567,'2021-08-03 00:01:00','2021-08-04 00:00:00',15500,666,23,'    через Тарасовка, Київська область, Україна; Днепр, Дніпропетровська область, Україна',0,'Киев, Україна','Запорожье, Запорізька область, Україна'),(1151,24,'Одеса','Київ','Одеська область','Київська область',46.482526,30.7233095,50.4501,30.5234,'2021-08-03 00:01:00','2021-08-04 00:00:00',11500,521,22,'  ',0,'Одесса, Одеська область, Україна','Киев, Україна'),(1156,40,'Одеса','Запоріжжя','Одеська область','Запорізька область',46.482526,30.7233095,47.8388,35.139567,'2021-08-03 00:01:00','2021-08-04 00:00:00',12000,569,21,'   ',0,'Одесса, Одеська область, Україна','Запорожье, Запорізька область, Україна'),(1157,34,'Київ','Білгород-Дністровський','Київська область','Одеська область',50.4501,30.5234,46.1854516,30.3414908,'2021-08-03 00:01:00','2021-08-04 00:00:00',12100,601,20,'  ',0,'Киев, Україна','Белгород-Днестровский, Одеська область, Україна'),(1161,42,'Чернігів','Дніпро','Чернігівська область','Дніпропетровська область',51.4982,31.28935,48.464717,35.046183,'2021-08-03 00:01:00','2021-08-04 00:00:00',12500,602,20,'дженерал',0,'Чернигов, Чернігівська область, Україна','Днепр, Дніпропетровська область, Україна'),(1163,37,'Київ','Київ','Київська область','Київська область',50.4501,30.5234,50.4501,30.5234,'2021-08-03 00:01:00','2021-08-04 00:00:00',0,0,0,'очікування',1,'Київ, Україна','Київ, Україна'),(1164,41,'Дніпро','Копилів','Дніпропетровська область','Київська область',48.464717,35.046183,50.41023570000001,29.89076,'2021-08-04 00:01:00','2021-08-05 00:00:00',10500,599,17,'юдм, +2000 в след. через Новоолександрівка, Дніпропетровська область, Україна; Красиловка, Київська область, Україна',0,'Днепр, Дніпропетровська область, Україна','Копилів, Київська область, Україна'),(1166,37,'Київ','Кривий Ріг','Київська область','Дніпропетровська область',50.4501,30.5234,47.910483,33.391783,'2021-08-04 00:01:00','2021-08-05 00:00:00',9600,461,20,'епицентр',0,'Київ, Україна','Кривой Рог, Дніпропетровська область, Україна'),(1170,51,'Чайки','Чайки','Київська область','Київська область',50.4401629,30.2879474,50.4401629,30.2879474,'2021-08-04 00:01:00','2021-08-05 00:00:00',0,0,0,'очікування',1,'Чайки, Київська область, Україна','Чайки, Київська область, Україна'),(1176,21,'Київ','Одеса','Київська область','Одеська область',50.44650799999999,30.6509906,46.482526,30.7233095,'2021-08-04 00:01:00','2021-08-05 00:00:00',11500,570,20,'дженерал, через Щасливе, Київська область, Україна',0,'улица Академика Бутлерова, Київ, Україна','Одесса, Одеська область, Україна'),(1177,62,'Нові Петрівці','Рівне','Київська область','Рівненська область',50.6240862,30.4361659,50.6199,26.251617,'2021-08-04 00:01:00','2021-08-05 00:00:00',23700,1024,23,'вортекс + изумруд через улица Академика Булаховского, Київ, Україна; Глобино, Полтавська область, Україна',0,'Нові Петрівці, Київська область, Україна','Ровно, Рівненська область, Україна'),(1179,41,'Копилів','Одеса','Київська область','Одеська область',50.41023570000001,29.89076,46.482526,30.7233095,'2021-08-05 00:01:00','2021-08-06 00:00:00',11500,529,21,'лт трейд',0,'Копилів, Київська область, Україна','Одесса, Одеська область, Україна'),(1180,53,'Київ','Миколаїв','Київська область','Миколаївська область',50.4501,30.5234,46.975033,31.994583,'2021-08-05 00:01:00','2021-08-06 00:00:00',10200,538,18,'дженерал, через Беспятное, Київська область, Україна',0,'Киев, Україна','Николаев, Миколаївська область, Україна'),(1181,54,'Київ','Дніпро','Київська область','Дніпропетровська область',50.4479779,30.6516968,48.464717,35.046183,'2021-08-05 00:01:00','2021-08-06 00:00:00',14000,718,19,'лт трейд через Колонщина, Київська область, Україна; Кривой Рог, Дніпропетровська область, Україна',0,'вулиця Академіка Бутлерова, 8, Київ, Україна','Днепр, Дніпропетровська область, Україна'),(1182,28,'Маріуполь','Запоріжжя','Донецька область','Запорізька область',47.097133,37.543367,47.8388,35.139567,'2021-08-03 00:01:00','2021-08-04 00:00:00',0,248,0,' ',0,'Мариуполь, Донецька область, Україна','Запорожье, Запорізька область, Україна'),(1185,28,'Запоріжжя','Львів','Запорізька область','Львівська область',47.8388,35.139567,49.839683,24.029717,'2021-08-04 00:01:00','2021-08-05 00:00:00',19040,1121,16,'Глобал Спирит Европа, через Тернопіль, Тернопільська область, Україна',0,'Запорожье, Запорізька область, Україна','Львів, Львівська область, Україна'),(1188,30,'Київ','Київ','Київська область','Київська область',50.44650799999999,30.6509906,50.44650799999999,30.6509906,'2021-08-04 00:01:00','2021-08-05 00:00:00',0,0,0,'очікування',1,'улица Академика Бутлерова, Київ, Україна','улица Академика Бутлерова, Київ, Україна'),(1190,21,'Одеса','Харків','Одеська область','Харківська область',46.482526,30.7233095,49.9935,36.230383,'2021-08-05 00:01:00','2021-08-06 00:00:00',14000,741,18,'аквафрост',0,'Одесса, Одеська область, Україна','Харків, Харківська область, Україна'),(1192,22,'Запоріжжя','Запоріжжя','Запорізька область','Запорізька область',47.8388,35.139567,47.8388,35.139567,'2021-08-04 00:01:00','2021-08-05 00:00:00',0,0,0,'очікування',1,'Запорожье, Запорізька область, Україна','Запорожье, Запорізька область, Україна'),(1193,24,'Київ','Київ','Київська область','Київська область',50.4501,30.5234,50.4501,30.5234,'2021-08-04 00:01:00','2021-08-05 00:00:00',0,0,0,'очікування',1,'Киев, Україна','Киев, Україна'),(1194,25,'Київ','Київ','Київська область','Київська область',50.4501,30.5234,50.4501,30.5234,'2021-08-04 00:01:00','2021-08-05 00:00:00',0,0,0,'очікування',1,'Киев, Україна','Киев, Україна'),(1200,34,'Білгород-Дністровський','Білгород-Дністровський','Одеська область','Одеська область',46.1854516,30.3414908,46.1854516,30.3414908,'2021-08-04 00:01:00','2021-08-05 00:00:00',0,0,0,'очікування',1,'Белгород-Днестровский, Одеська область, Україна','Белгород-Днестровский, Одеська область, Україна'),(1201,40,'Запоріжжя','Запоріжжя','Запорізька область','Запорізька область',47.8388,35.139567,47.8388,35.139567,'2021-08-04 00:01:00','2021-08-05 00:00:00',0,0,0,'очікування',1,'Запорожье, Запорізька область, Україна','Запорожье, Запорізька область, Україна'),(1202,44,'Київ','Одеса','Київська область','Одеська область',50.4501,30.5234,46.482526,30.7233095,'2021-08-04 00:01:00','2021-08-05 00:00:00',11300,523,21,'  ',0,'Киев, Україна','Одесса, Одеська область, Україна'),(1206,42,'Дніпро','Красилівка','Дніпропетровська область','Київська область',48.464717,35.046183,50.52149370000001,30.9066286,'2021-08-05 00:01:00','2021-08-06 00:00:00',9000,521,17,'дженерал',0,'Днепр, Дніпропетровська область, Україна','Красиловка, Київська область, Україна'),(1207,37,'Кривий Ріг','Кривий Ріг','Дніпропетровська область','Дніпропетровська область',47.910483,33.391783,47.910483,33.391783,'2021-08-05 00:01:00','2021-08-06 00:00:00',0,0,0,'очікування',1,'Кривой Рог, Дніпропетровська область, Україна','Кривой Рог, Дніпропетровська область, Україна'),(1208,62,'Рівне','Рівне','Рівненська область','Рівненська область',50.6199,26.251617,50.6199,26.251617,'2021-08-05 00:01:00','2021-08-06 00:00:00',0,0,0,'очікування',1,'Ровно, Рівненська область, Україна','Ровно, Рівненська область, Україна'),(1209,38,'Київ','Дніпро','Київська область','Дніпропетровська область',50.4501,30.5234,48.464717,35.046183,'2021-08-04 00:01:00','2021-08-05 00:00:00',18500,970,19,'фруктус нобилис через Черкассы, Черкаська область, Україна; Требухов, Київська область, Україна',0,'Киев, Україна','Днипро, Дніпропетровська область, Україна'),(1210,38,'Дніпро','Одеса','Дніпропетровська область','Одеська область',48.464717,35.046183,46.482526,30.7233095,'2021-08-05 00:01:00','2021-08-06 00:00:00',11000,499,22,'вортекс',0,'Днипро, Дніпропетровська область, Україна','Одесса, Одеська область, Україна'),(1213,45,'Гостомель','Харків','Київська область','Харківська область',50.579141,30.2150743,49.9935,36.230383,'2021-08-05 00:01:00','2021-08-06 00:00:00',11000,543,20,'ВОРТЕКС НАЛИЧКА!!! через улица Академика Булаховского, Київ, Україна; Богодухов, Харківська область, Україна',0,'Гостомель, Київська область, Україна','Харьков, Харківська область, Україна'),(1214,51,'Чайки','Харків','Київська область','Харківська область',50.4401629,30.2879474,49.9935,36.230383,'2021-08-05 00:01:00','2021-08-06 00:00:00',13000,562,23,'фм, через Дударков, Київська область, Україна',0,'Чайки, Київська область, Україна','Харьков, Харківська область, Україна'),(1216,28,'Львів','Львів','Львівська область','Львівська область',49.839683,24.029717,49.839683,24.029717,'2021-08-05 00:01:00','2021-08-06 00:00:00',0,0,0,'очікування',1,'Львів, Львівська область, Україна','Львів, Львівська область, Україна'),(1219,30,'Київ','Львів','Київська область','Львівська область',50.44650799999999,30.6509906,49.839683,24.029717,'2021-08-05 00:01:00','2021-08-06 00:00:00',12000,612,19,'ЛЕВ ЛОГИСТИК, через Колонщина, Київська область, Україна',0,'улица Академика Бутлерова, Київ, Україна','Львів, Львівська область, Україна'),(1224,24,'Київ','Київ','Київська область','Київська область',50.4501,30.5234,50.4501,30.5234,'2021-08-05 00:01:00','2021-08-06 00:00:00',0,0,0,'очікування',1,'Киев, Україна','Киев, Україна'),(1225,22,'Запоріжжя','Київ','Запорізька область','Київська область',47.8388,35.139567,50.4501,30.5234,'2021-08-05 00:01:00','2021-08-06 00:00:00',11500,565,20,'   ',0,'Запорожье, Запорізька область, Україна','Киев, Україна'),(1226,25,'Київ','Запоріжжя','Київська область','Запорізька область',50.4501,30.5234,47.8388,35.139567,'2021-08-05 00:01:00','2021-08-06 00:00:00',15000,770,19,'   через Колонщина, Київська область, Україна; Днепр, Дніпропетровська область, Україна',0,'Киев, Україна','Запорожье, Запорізька область, Україна'),(1228,27,'Мартусівка','Мартусівка','Київська область','Київська область',50.3125183,30.8601791,50.3125183,30.8601791,'2021-08-05 00:01:00','2021-08-06 00:00:00',0,0,0,'очікування',1,'Мартусовка, Київська область, Україна','Мартусовка, Київська область, Україна'),(1230,46,'Квітневе','Квітневе','Київська область','Київська область',50.5334605,30.8446582,50.5334605,30.8446582,'2021-08-05 00:01:00','2021-08-06 00:00:00',0,0,0,'очікування',1,'Квітневе, Київська область, Україна','Квітневе, Київська область, Україна'),(1231,50,'Чайки','Київ','Київська область','Київська область',50.4401629,30.2879474,50.4479779,30.6516968,'2021-08-05 00:01:00','2021-08-06 00:00:00',0,39,0,'ремн',0,'Чайки, Київська область, Україна','вулиця Академіка Бутлерова, 8, Київ, Україна'),(1232,34,'Білгород-Дністровський','Київ','Одеська область','Київська область',46.1854516,30.3414908,50.4501,30.5234,'2021-08-05 00:01:00','2021-08-06 00:00:00',14500,911,15,'  , через Херсон, Херсонська область, Україна',0,'Белгород-Днестровский, Одеська область, Україна','Киев, Україна'),(1233,40,'Запоріжжя','Миколаїв','Запорізька область','Миколаївська область',47.8388,35.139567,46.975033,31.994583,'2021-08-05 00:01:00','2021-08-06 00:00:00',10500,424,24,'   ',0,'Запорожье, Запорізька область, Україна','Николаев, Миколаївська область, Україна'),(1234,44,'Одеса','Одеса','Одеська область','Одеська область',46.482526,30.7233095,46.482526,30.7233095,'2021-08-05 00:01:00','2021-08-06 00:00:00',0,0,0,'очікування',1,'Одесса, Одеська область, Україна','Одесса, Одеська область, Україна'),(1236,49,'Київ','Івано-Франківськ','Київська область','Івано-Франківська область',50.4501,30.5234,48.922633,24.711117,'2021-08-05 00:01:00','2021-08-06 00:00:00',17000,606,28,'  ',0,'Киев, Україна','Ивано-Франковск, Івано-Франківська область, Україна'),(1240,50,'Київ','Одеса','Київська область','Одеська область',50.4479779,30.6516968,46.482526,30.7233095,'2021-08-06 00:01:00','2021-08-07 00:00:00',11500,587,19,'лт трейд, через Колонщина, Київська область, Україна',0,'вулиця Академіка Бутлерова, 8, Київ, Україна','Одесса, Одеська область, Україна'),(1241,53,'Миколаїв','Харків','Миколаївська область','Харківська область',46.975033,31.994583,49.9935,36.230383,'2021-08-06 00:01:00','2021-08-07 00:00:00',11000,596,18,'дженерал нал',0,'Николаев, Миколаївська область, Україна','Харків, Харківська область, Україна'),(1242,41,'Одеса','Одеса','Одеська область','Одеська область',46.482526,30.7233095,46.482526,30.7233095,'2021-08-06 00:01:00','2021-08-07 00:00:00',0,0,0,'очікування',1,'Одесса, Одеська область, Україна','Одесса, Одеська область, Україна'),(1244,21,'Харків','Харків','Харківська область','Харківська область',49.9935,36.230383,49.9935,36.230383,'2021-08-06 00:01:00','2021-08-07 00:00:00',0,0,0,'очікування',1,'Харків, Харківська область, Україна','Харків, Харківська область, Україна'),(1246,54,'Дніпро','Гостомель','Дніпропетровська область','Київська область',48.464717,35.046183,50.579141,30.2150743,'2021-08-06 00:01:00','2021-08-07 00:00:00',9000,572,15,'лт трейд',0,'Днепр, Дніпропетровська область, Україна','Гостомель, Київська область, Україна'),(1247,38,'Одеса','Київ','Одеська область','Київська область',46.482526,30.7233095,50.4501,30.5234,'2021-08-06 00:01:00','2021-08-07 00:00:00',8400,560,15,'удк, через Великодолинское, Одеська область, Україна',0,'Одесса, Одеська область, Україна','Киев, Україна'),(1249,45,'Харків','Квітневе','Харківська область','Київська область',49.9935,36.230383,50.5334605,30.8446582,'2021-08-06 00:01:00','2021-08-07 00:00:00',8000,517,15,'атп',0,'Харьков, Харківська область, Україна','Квітневе, Київська область, Україна'),(1250,51,'Харків','Мартусівка','Харківська область','Київська область',49.9935,36.230383,50.3125183,30.8601791,'2021-08-06 00:01:00','2021-08-07 00:00:00',6500,504,12,'дженерал',0,'Харьков, Харківська область, Україна','Мартусовка, Київська область, Україна'),(1251,21,'Харків','Мартусівка','Харківська область','Київська область',49.9935,36.230383,50.3125183,30.8601791,'2021-08-07 00:01:00','2021-08-08 00:00:00',6500,504,12,'дженерал',0,'Харків, Харківська область, Україна','Мартусовка, Київська область, Україна'),(1252,50,'Одеса','Одеса','Одеська область','Одеська область',46.482526,30.7233095,46.482526,30.7233095,'2021-08-07 00:01:00','2021-08-08 00:00:00',0,0,0,'очікування',1,'Одесса, Одеська область, Україна','Одесса, Одеська область, Україна'),(1253,50,'Одеса','Київ','Одеська область','Київська область',46.482526,30.7233095,50.4501,30.5234,'2021-08-08 00:01:00','2021-08-09 00:00:00',8000,521,15,'аквафрост',0,'Одесса, Одеська область, Україна','Киев, Україна'),(1259,24,'Київ','Київ','Київська область','Київська область',50.4501,30.5234,50.4501,30.5234,'2021-08-06 00:01:00','2021-08-07 00:00:00',0,0,0,'очікування',1,'Киев, Україна','Киев, Україна'),(1260,22,'Київ','Київ','Київська область','Київська область',50.4501,30.5234,50.4501,30.5234,'2021-08-06 00:01:00','2021-08-07 00:00:00',0,0,0,'очікування',1,'Киев, Україна','Киев, Україна'),(1261,25,'Запоріжжя','Івано-Франківськ','Запорізька область','Івано-Франківська область',47.8388,35.139567,48.922633,24.711117,'2021-08-06 00:01:00','2021-08-07 00:00:00',22800,1103,20,'  ',0,'Запорожье, Запорізька область, Україна','Ивано-Франковск, Івано-Франківська область, Україна'),(1263,27,'Мартусівка','Мартусівка','Київська область','Київська область',50.3125183,30.8601791,50.3125183,30.8601791,'2021-08-06 00:01:00','2021-08-07 00:00:00',0,0,0,'очікування',1,'Мартусовка, Київська область, Україна','Мартусовка, Київська область, Україна'),(1265,34,'Київ','Київ','Київська область','Київська область',50.4501,30.5234,50.4501,30.5234,'2021-08-06 00:01:00','2021-08-07 00:00:00',0,0,0,'очікування',1,'Киев, Україна','Киев, Україна'),(1266,40,'Миколаїв','Київ','Миколаївська область','Київська область',46.975033,31.994583,50.4501,30.5234,'2021-08-06 00:01:00','2021-08-07 00:00:00',10000,526,19,'  ',0,'Николаев, Миколаївська область, Україна','Киев, Україна'),(1267,44,'Одеса','Гора','Одеська область','Київська область',46.482526,30.7233095,50.36948959999999,30.8602763,'2021-08-06 00:01:00','2021-08-07 00:00:00',8500,543,15,'   ',0,'Одесса, Одеська область, Україна','Гора, Київська область, Україна'),(1269,49,'Івано-Франківськ','Івано-Франківськ','Івано-Франківська область','Івано-Франківська область',48.922633,24.711117,48.922633,24.711117,'2021-08-06 00:01:00','2021-08-07 00:00:00',0,0,0,'очікування',1,'Ивано-Франковск, Івано-Франківська область, Україна','Ивано-Франковск, Івано-Франківська область, Україна'),(1270,33,'Київ','Дніпро','Київська область','Дніпропетровська область',50.4501,30.5234,48.464717,35.046183,'2021-08-06 00:01:00','2021-08-07 00:00:00',14000,622,22,'  , через Кривой Рог, Дніпропетровська область, Україна',0,'Киев, Україна','Днепр, Дніпропетровська область, Україна'),(1272,28,'Львів','Білгород-Дністровський','Львівська область','Одеська область',49.839683,24.029717,46.1854516,30.3414908,'2021-08-06 00:01:00','2021-08-07 00:00:00',19000,966,19,'   , через Одесса, Одеська область, Україна',0,'Львів, Львівська область, Україна','Білгород-Дністровський, Одеська область, Україна'),(1273,62,'Рівне','Одеса','Рівненська область','Одеська область',50.6199,26.251617,46.482526,30.7233095,'2021-08-06 00:01:00','2021-08-07 00:00:00',17000,995,17,'удк, через Смолигів, Волинська область, Україна',0,'Ровно, Рівненська область, Україна','Одесса, Одеська область, Україна'),(1275,30,'Львів','Львів','Львівська область','Львівська область',49.839683,24.029717,49.839683,24.029717,'2021-08-06 00:01:00','2021-08-07 00:00:00',0,0,0,'очікування',1,'Львів, Львівська область, Україна','Львів, Львівська область, Україна'),(1279,37,'Кривий Ріг','Красилівка','Дніпропетровська область','Київська область',47.910483,33.391783,50.52149370000001,30.9066286,'2021-08-06 00:01:00','2021-08-07 00:00:00',12000,682,17,'дженерал, через Днипро, Дніпропетровська область, Україна',0,'Кривой Рог, Дніпропетровська область, Україна','Красиловка, Київська область, Україна'),(1280,41,'Одеса','Київ','Одеська область','Київська область',46.482526,30.7233095,50.4501,30.5234,'2021-08-09 00:01:00','2021-08-10 00:00:00',10500,521,20,'аквафрост',0,'Одесса, Одеська область, Україна','Киев, Україна'),(1281,62,'Одеса','Київ','Одеська область','Київська область',46.482526,30.7233095,50.4501,30.5234,'2021-08-08 00:01:00','2021-08-09 00:00:00',8000,521,15,'аквафрост',0,'Одесса, Одеська область, Україна','Киев, Україна'),(1282,45,'Квітневе','Одеса','Київська область','Одеська область',50.5334605,30.8446582,46.482526,30.7233095,'2021-08-08 00:01:00','2021-08-09 00:00:00',12000,608,19,'аквафрост, через Колонщина, Київська область, Україна',0,'Квітневе, Київська область, Україна','Одесса, Одеська область, Україна'),(1283,45,'Одеса','Київ','Одеська область','Київська область',46.482526,30.7233095,50.4501,30.5234,'2021-08-09 00:01:00','2021-08-10 00:00:00',8000,521,15,'аквафрост',0,'Одесса, Одеська область, Україна','Киев, Україна'),(1284,42,'Красилівка','Красилівка','Київська область','Київська область',50.52149370000001,30.9066286,50.52149370000001,30.9066286,'2021-08-06 00:01:00','2021-08-07 00:00:00',0,0,0,'очікування',1,'Красиловка, Київська область, Україна','Красиловка, Київська область, Україна'),(1287,21,'Мартусівка','Одеса','Київська область','Одеська область',50.3125183,30.8601791,46.482526,30.7233095,'2021-08-09 00:01:00','2021-08-10 00:00:00',12000,614,19,'лт трейд, через Колонщина, Київська область, Україна',0,'Мартусовка, Київська область, Україна','Одесса, Одеська область, Україна'),(1288,37,'Красилівка','Київ','Київська область','Київська область',50.52149370000001,30.9066286,50.44650799999999,30.6509906,'2021-08-09 00:01:00','2021-08-10 00:00:00',0,32,0,'парк',0,'Красиловка, Київська область, Україна','улица Академика Бутлерова, Київ, Україна'),(1289,38,'Київ','Київ','Київська область','Київська область',50.4501,30.5234,50.4501,30.5234,'2021-08-09 00:01:00','2021-08-10 00:00:00',0,0,0,'очікування',1,'Киев, Україна','Киев, Україна'),(1291,42,'Красилівка','Дніпро','Київська область','Дніпропетровська область',50.52149370000001,30.9066286,48.464717,35.046183,'2021-08-09 00:01:00','2021-08-10 00:00:00',14500,749,19,'лт трейд через Колонщина, Київська область, Україна; Кривой Рог, Дніпропетровська область, Україна',0,'Красиловка, Київська область, Україна','Днепр, Дніпропетровська область, Україна'),(1292,46,'Квітневе','Кривий Ріг','Київська область','Дніпропетровська область',50.5334605,30.8446582,47.910483,33.391783,'2021-08-06 00:01:00','2021-08-07 00:00:00',14500,809,17,'лт трейд через Колонщина, Київська область, Україна; Днепр, Дніпропетровська область, Україна',0,'Квітневе, Київська область, Україна','Кривой Рог, Дніпропетровська область, Україна'),(1293,46,'Кривий Ріг','Хортиця','Дніпропетровська область','Запорізька область',47.910483,33.391783,47.84951399999999,35.015328,'2021-08-09 00:01:00','2021-08-10 00:00:00',6000,290,20,'удк, через Вольногорск, Дніпропетровська область, Україна',0,'Кривой Рог, Дніпропетровська область, Україна','Хортиця, Запорізька область, Україна'),(1294,50,'Київ','Київ','Київська область','Київська область',50.4501,30.5234,50.4479779,30.6516968,'2021-08-09 00:01:00','2021-08-10 00:00:00',0,15,0,'парк',0,'Киев, Україна','вулиця Академіка Бутлерова, 8, Київ, Україна'),(1295,53,'Харків','Велика Димерка','Харківська область','Київська область',49.9935,36.230383,50.5860677,30.9108214,'2021-08-07 00:01:00','2021-08-08 00:00:00',7000,519,13,'дженерал',0,'Харків, Харківська область, Україна','Велика Димерка, Київська область, Україна'),(1296,53,'Велика Димерка','Червона Слобода','Київська область','Черкаська область',50.5860677,30.9108214,49.3814711,32.1474234,'2021-08-08 00:01:00','2021-08-09 00:00:00',6000,311,19,'дженерал, через Чайки, Київська область, Україна',0,'Велика Димерка, Київська область, Україна','Червона Слобода, Черкаська область, Україна'),(1297,53,'Червона Слобода','Усатове','Черкаська область','Одеська область',49.3814711,32.1474234,46.5328668,30.6579315,'2021-08-09 00:01:00','2021-08-10 00:00:00',11300,594,19,'мхп, через Степанці, Черкаська область, Україна',0,'Червона Слобода, Черкаська область, Україна','Усатово, Одеська область, Україна'),(1298,51,'Мартусівка','Маріуполь','Київська область','Донецька область',50.3125183,30.8601791,47.097133,37.543367,'2021-08-09 00:01:00','2021-08-10 00:00:00',22000,988,22,'удк, через Колонщина, Київська область, Україна',0,'Мартусовка, Київська область, Україна','Мариуполь, Донецька область, Україна'),(1300,54,'Гостомель','Гостомель','Київська область','Київська область',50.579141,30.2150743,50.579141,30.2150743,'2021-08-09 00:01:00','2021-08-10 00:00:00',0,0,0,'очікування',1,'Гостомель, Київська область, Україна','Гостомель, Київська область, Україна'),(1301,54,'Гостомель','Дніпро','Київська область','Дніпропетровська область',50.579141,30.2150743,48.464717,35.046183,'2021-08-10 00:01:00','2021-08-11 00:00:00',14500,698,20,'лт трейд через Колонщина, Київська область, Україна; Кривой Рог, Дніпропетровська область, Україна',0,'Гостомель, Київська область, Україна','Днепр, Дніпропетровська область, Україна'),(1302,62,'Київ','Київ','Київська область','Київська область',50.4501,30.5234,50.4501,30.5234,'2021-08-09 00:01:00','2021-08-10 00:00:00',0,0,0,'очікування',1,'Киев, Україна','Киев, Україна'),(1303,39,'Київ','Одеса','Київська область','Одеська область',50.4501,30.5234,46.482526,30.7233095,'2021-08-10 00:01:00','2021-08-11 00:00:00',12000,574,20,'лт трейд, через Колонщина, Київська область, Україна',0,'Киев, Україна','Одесса, Одеська область, Україна'),(1304,45,'Київ','Запоріжжя','Київська область','Запорізька область',50.4501,30.5234,47.8388,35.139567,'2021-08-10 00:01:00','2021-08-11 00:00:00',15500,710,21,'лт трейд через Тарасовка, Київська область, Україна; Кривой Рог, Дніпропетровська область, Україна',0,'Киев, Україна','Запорожье, Запорізька область, Україна'),(1308,35,'Красилівка','Красилівка','Київська область','Київська область',50.52149370000001,30.9066286,50.52149370000001,30.9066286,'2021-08-09 00:01:00','2021-08-10 00:00:00',0,0,0,'очікування',1,'Красиловка, Київська область, Україна','Красиловка, Київська область, Україна'),(1309,21,'Одеса','Хортиця','Одеська область','Запорізька область',46.482526,30.7233095,47.84951399999999,35.015328,'2021-08-10 00:01:00','2021-08-11 00:00:00',11500,565,20,'удк, через Великодолинское, Одеська область, Україна',0,'Одесса, Одеська область, Україна','Хортиця, Запорізька область, Україна'),(1311,38,'Київ','Київ','Київська область','Київська область',50.4501,30.5234,50.4501,30.5234,'2021-08-10 00:01:00','2021-08-11 00:00:00',0,0,0,'очікування',1,'Киев, Україна','Киев, Україна'),(1312,46,'Хортиця','Суми','Запорізька область','Сумська область',47.84951399999999,35.015328,50.9077,34.7981,'2021-08-10 00:01:00','2021-08-11 00:00:00',10200,495,20,'удк',0,'Хортиця, Запорізька область, Україна','Сумы, Сумська область, Україна'),(1314,37,'Київ','Київ','Київська область','Київська область',50.44650799999999,30.6509906,50.44650799999999,30.6509906,'2021-08-10 00:01:00','2021-08-11 00:00:00',0,0,0,'очікування',1,'улица Академика Бутлерова, Київ, Україна','улица Академика Бутлерова, Київ, Україна'),(1316,16,'Квітневе','Квітневе','Київська область','Київська область',50.5334605,30.8446582,50.5334605,30.8446582,'2021-08-09 00:01:00','2021-08-10 00:00:00',0,0,0,'очікування',1,'Квітневе, Київська область, Україна','Квітневе, Київська область, Україна'),(1317,50,'Київ','Миколаїв','Київська область','Миколаївська область',50.4479779,30.6516968,46.975033,31.994583,'2021-08-10 00:01:00','2021-08-11 00:00:00',10500,544,19,'дженерал, через Беспятное, Київська область, Україна',0,'вулиця Академіка Бутлерова, 8, Київ, Україна','Миколаїв, Миколаївська область, Україна'),(1318,43,'Київ','Харків','Київська область','Харківська область',50.44650799999999,30.6509906,49.9935,36.230383,'2021-08-09 00:01:00','2021-08-10 00:00:00',12500,534,23,'фруктус нобилис, через Требухов, Київська область, Україна',0,'улица Академика Бутлерова, Київ, Україна','Харьков, Харківська область, Україна'),(1319,49,'Івано-Франківськ','Квітневе','Івано-Франківська область','Київська область',48.922633,24.711117,50.5334605,30.8446582,'2021-08-08 00:01:00','2021-08-09 00:00:00',10000,813,12,'   , через Моршин, Львівська область, Україна',0,'Ивано-Франковск, Івано-Франківська область, Україна','Квитневое, Київська область, Україна'),(1320,49,'Квітневе','Квітневе','Київська область','Київська область',50.5334605,30.8446582,50.5334605,30.8446582,'2021-08-09 00:01:00','2021-08-10 00:00:00',0,0,0,'очікування',1,'Квитневое, Київська область, Україна','Квитневое, Київська область, Україна'),(1321,49,'Квітневе','Львів','Київська область','Львівська область',50.5334605,30.8446582,49.839683,24.029717,'2021-08-10 00:01:00','2021-08-11 00:00:00',12500,630,19,'  , через Бровары, Київська область, Україна',0,'Квитневое, Київська область, Україна','Львів, Львівська область, Україна'),(1323,44,'Гора','Львів','Київська область','Львівська область',50.36948959999999,30.8602763,49.839683,24.029717,'2021-08-09 00:01:00','2021-08-10 00:00:00',15000,628,23,'    через Киев, Україна; Житомир, Житомирська область, Україна',0,'Гора, Київська область, Україна','Львов, Львівська область, Україна'),(1324,40,'Київ','Львів','Київська область','Львівська область',50.4501,30.5234,49.839683,24.029717,'2021-08-08 00:01:00','2021-08-09 00:00:00',12000,594,20,'  ',0,'Киев, Україна','Львів, Львівська область, Україна'),(1325,40,'Львів','Львів','Львівська область','Львівська область',49.839683,24.029717,49.839683,24.029717,'2021-08-09 00:01:00','2021-08-10 00:00:00',0,0,0,'очікування',1,'Львів, Львівська область, Україна','Львів, Львівська область, Україна'),(1326,40,'Львів','Київ','Львівська область','Київська область',49.839683,24.029717,50.4501,30.5234,'2021-08-10 00:01:00','2021-08-11 00:00:00',9500,605,15,'  , через Струтин, Львівська область, Україна',0,'Львів, Львівська область, Україна','Киев, Україна'),(1327,34,'Київ','Київ','Київська область','Київська область',50.4501,30.5234,50.4501,30.5234,'2021-08-09 00:01:00','2021-08-10 00:00:00',0,0,0,'очікування',1,'Киев, Україна','Киев, Україна'),(1328,33,'Дніпро','Біла Церква','Дніпропетровська область','Київська область',48.464717,35.046183,49.7967977,30.1310853,'2021-08-08 00:01:00','2021-08-09 00:00:00',10400,506,20,'  ',0,'Днепр, Дніпропетровська область, Україна','Біла Церква, Київська область, Україна'),(1329,33,'Біла Церква','Біла Церква','Київська область','Київська область',49.7967977,30.1310853,49.7967977,30.1310853,'2021-08-09 00:01:00','2021-08-10 00:00:00',21000,1018,20,'  , через Херсон, Херсонська область, Україна',0,'Біла Церква, Київська область, Україна','Біла Церква, Київська область, Україна'),(1331,27,'Мартусівка','Мартусівка','Київська область','Київська область',50.3125183,30.8601791,50.3125183,30.8601791,'2021-08-09 00:01:00','2021-08-10 00:00:00',0,0,0,'очікування',1,'Мартусовка, Київська область, Україна','Мартусовка, Київська область, Україна'),(1332,27,'Мартусівка','Херсон','Київська область','Херсонська область',50.3125183,30.8601791,46.635417,32.616867,'2021-08-10 00:01:00','2021-08-11 00:00:00',17500,700,25,'   через Кропивни&#769;цкий, Кіровоградська область, Україна; Кривой Рог, Дніпропетровська область, Україна',0,'Мартусовка, Київська область, Україна','Херсон, Херсонська область, Україна'),(1333,26,'Київ','Київ','Київська область','Київська область',50.4501,30.5234,50.4501,30.5234,'2021-08-09 00:01:00','2021-08-10 00:00:00',0,0,0,'очікування',1,'Киев, Україна','Киев, Україна'),(1334,26,'Київ','Маріуполь','Київська область','Донецька область',50.4501,30.5234,47.097133,37.543367,'2021-08-10 00:01:00','2021-08-11 00:00:00',22500,948,23,'  , через Колонщина, Київська область, Україна',0,'Киев, Україна','Мариуполь, Донецька область, Україна'),(1335,25,'Івано-Франківськ','Івано-Франківськ','Івано-Франківська область','Івано-Франківська область',48.922633,24.711117,48.922633,24.711117,'2021-08-09 00:01:00','2021-08-10 00:00:00',0,0,0,'очікування',1,'Ивано-Франковск, Івано-Франківська область, Україна','Ивано-Франковск, Івано-Франківська область, Україна'),(1336,24,'Київ','Миколаїв','Київська область','Миколаївська область',50.4501,30.5234,46.975033,31.994583,'2021-08-09 00:01:00','2021-08-10 00:00:00',14000,720,19,'   через Колонщина, Київська область, Україна; Одесса, Одеська область, Україна',0,'Киев, Україна','Николаев, Миколаївська область, Україна'),(1337,22,'Київ','Львів','Київська область','Львівська область',50.4501,30.5234,49.839683,24.029717,'2021-08-08 00:01:00','2021-08-09 00:00:00',12000,594,20,'  ',0,'Киев, Україна','Львів, Львівська область, Україна'),(1338,22,'Львів','Львів','Львівська область','Львівська область',49.839683,24.029717,49.839683,24.029717,'2021-08-09 00:01:00','2021-08-10 00:00:00',0,0,0,'очікування',1,'Львів, Львівська область, Україна','Львів, Львівська область, Україна'),(1339,22,'Львів','Квітневе','Львівська область','Київська область',49.839683,24.029717,50.5334605,30.8446582,'2021-08-10 00:01:00','2021-08-11 00:00:00',9500,628,15,'  ',0,'Львів, Львівська область, Україна','Квитневое, Київська область, Україна'),(1341,43,'Харків','Київ','Харківська область','Київська область',49.9935,36.230383,50.4501,30.5234,'2021-08-10 00:01:00','2021-08-11 00:00:00',8000,527,15,'атп',0,'Харьков, Харківська область, Україна','Киев, Україна'),(1342,62,'Київ','Київ','Київська область','Київська область',50.4501,30.5234,50.4501,30.5234,'2021-08-10 00:01:00','2021-08-11 00:00:00',0,0,0,'очікування',1,'Киев, Україна','Киев, Україна'),(1344,35,'Красилівка','Красилівка','Київська область','Київська область',50.52149370000001,30.9066286,50.52149370000001,30.9066286,'2021-08-10 00:01:00','2021-08-11 00:00:00',0,0,0,'очікування',1,'Красиловка, Київська область, Україна','Красиловка, Київська область, Україна'),(1345,42,'Дніпро','Львів','Дніпропетровська область','Львівська область',48.464717,35.046183,49.839683,24.029717,'2021-08-10 00:01:00','2021-08-11 00:00:00',19000,1041,18,'деливери, через Умань, Черкаська область, Україна',0,'Днепр, Дніпропетровська область, Україна','Львів, Львівська область, Україна'),(1347,16,'Квітневе','Квітневе','Київська область','Київська область',50.5334605,30.8446582,50.5334605,30.8446582,'2021-08-10 00:01:00','2021-08-11 00:00:00',0,0,0,'очікування',1,'Квітневе, Київська область, Україна','Квітневе, Київська область, Україна'),(1348,52,'Київ','Київ','Київська область','Київська область',50.4501,30.5234,50.4501,30.5234,'2021-08-10 00:01:00','2021-08-11 00:00:00',0,0,0,'очікування',1,'Киев, Україна','Киев, Україна'),(1349,23,'Київ','Львів','Київська область','Львівська область',50.44650799999999,30.6509906,49.839683,24.029717,'2021-08-05 00:01:00','2021-08-06 00:00:00',10800,667,16,'Интер Овощи, через Борисполь, Київська область, Україна',0,'улица Академика Бутлерова, Київ, Україна','Львів, Львівська область, Україна'),(1350,23,'Львів','Бориспіль','Львівська область','Київська область',49.839683,24.029717,50.3482,30.95615,'2021-08-06 00:01:00','2021-08-07 00:00:00',10800,631,17,'Интер Овощи',0,'Львів, Львівська область, Україна','Борисполь, Київська область, Україна'),(1351,23,'Бориспіль','Київ','Київська область','Київська область',50.3482,30.95615,50.44650799999999,30.6509906,'2021-08-07 00:01:00','2021-08-08 00:00:00',0,32,0,' ',0,'Борисполь, Київська область, Україна','улица Академика Бутлерова, Київ, Україна'),(1352,23,'Київ','Київ','Київська область','Київська область',50.44650799999999,30.6509906,50.44650799999999,30.6509906,'2021-08-08 00:01:00','2021-08-09 00:00:00',0,0,0,'очікування',1,'улица Академика Бутлерова, Київ, Україна','улица Академика Бутлерова, Київ, Україна'),(1353,23,'Київ','Київ','Київська область','Київська область',50.44650799999999,30.6509906,50.44650799999999,30.6509906,'2021-08-09 00:01:00','2021-08-10 00:00:00',0,0,0,'очікування',1,'улица Академика Бутлерова, Київ, Україна','улица Академика Бутлерова, Київ, Україна'),(1354,23,'Київ','Київ','Київська область','Київська область',50.44650799999999,30.6509906,50.44650799999999,30.6509906,'2021-08-10 00:01:00','2021-08-11 00:00:00',0,0,0,'очікування',1,'улица Академика Бутлерова, Київ, Україна','улица Академика Бутлерова, Київ, Україна'),(1355,28,'Білгород-Дністровський','Київ','Одеська область','Київська область',46.1854516,30.3414908,50.4501,30.5234,'2021-08-09 00:01:00','2021-08-10 00:00:00',10000,671,14,'АКВАФРОСТ через Бурлачья Балка, Одеська область, Україна; Квитневое, Київська область, Україна',0,'Білгород-Дністровський, Одеська область, Україна','Киев, Україна'),(1360,30,'Львів','Дударків','Львівська область','Київська область',49.839683,24.029717,50.4472792,30.9451739,'2021-08-07 00:01:00','2021-08-08 00:00:00',10000,635,15,'Іст-Захід-Логістик  Марьян',0,'Львів, Львівська область, Україна','Дударков, Київська область, Україна'),(1362,30,'Дударків','Львів','Київська область','Львівська область',50.4472792,30.9451739,49.839683,24.029717,'2021-08-09 00:01:00','2021-08-10 00:00:00',12000,642,18,'ЛЕВ ЛОГИСТИК, через Колонщина, Київська область, Україна',0,'Дударков, Київська область, Україна','Львів, Львівська область, Україна'),(1364,30,'Львів','Львів','Львівська область','Львівська область',49.839683,24.029717,49.839683,24.029717,'2021-08-10 00:01:00','2021-08-11 00:00:00',0,0,0,'очікування',1,'Львів, Львівська область, Україна','Львів, Львівська область, Україна'),(1365,28,'Київ','Одеса','Київська область','Одеська область',50.4501,30.5234,46.482526,30.7233095,'2021-08-10 00:01:00','2021-08-11 00:00:00',12000,574,20,'ЛЕВ ЛОГИСТИК, через Колонщина, Київська область, Україна',0,'Киев, Україна','Одесса, Одеська область, Україна'),(1366,41,'Київ','Львів','Київська область','Львівська область',50.4501,30.5234,49.839683,24.029717,'2021-08-10 00:01:00','2021-08-11 00:00:00',15000,700,21,'удк, через Винница, Вінницька область, Україна',0,'Киев, Україна','Львів, Львівська область, Україна'),(1367,53,'Усатове','Київ','Одеська область','Київська область',46.5328668,30.6579315,50.4501,30.5234,'2021-08-10 00:01:00','2021-08-11 00:00:00',9000,514,17,'лцман',0,'Усатово, Одеська область, Україна','Киев, Україна'),(1368,51,'Маріуполь','Полтава','Донецька область','Полтавська область',47.097133,37.543367,49.58826699999999,34.551417,'2021-08-10 00:01:00','2021-08-11 00:00:00',7000,539,12,'удк',0,'Мариуполь, Донецька область, Україна','Полтава, Полтавська область, Україна'),(1369,50,'Миколаїв','Вишневе','Миколаївська область','Київська область',46.975033,31.994583,50.3919,30.368267,'2021-08-11 00:01:00','2021-08-12 00:00:00',10000,518,19,'глобал юг',0,'Миколаїв, Миколаївська область, Україна','Вишневое, Київська область, Україна'),(1374,24,'Миколаїв','Миколаїв','Миколаївська область','Миколаївська область',46.975033,31.994583,46.975033,31.994583,'2021-08-10 00:01:00','2021-08-11 00:00:00',0,0,0,'очікування',1,'Николаев, Миколаївська область, Україна','Николаев, Миколаївська область, Україна'),(1375,25,'Івано-Франківськ','Івано-Франківськ','Івано-Франківська область','Івано-Франківська область',48.922633,24.711117,48.922633,24.711117,'2021-08-10 00:01:00','2021-08-11 00:00:00',0,0,0,'очікування',1,'Ивано-Франковск, Івано-Франківська область, Україна','Ивано-Франковск, Івано-Франківська область, Україна'),(1376,25,'Івано-Франківськ','Квітневе','Івано-Франківська область','Київська область',48.922633,24.711117,50.5334605,30.8446582,'2021-08-11 00:01:00','2021-08-12 00:00:00',9700,813,11,'  , через Моршин, Львівська область, Україна',0,'Ивано-Франковск, Івано-Франківська область, Україна','Квитневое, Київська область, Україна'),(1378,33,'Біла Церква','Біла Церква','Київська область','Київська область',49.7967977,30.1310853,49.7967977,30.1310853,'2021-08-10 00:01:00','2021-08-11 00:00:00',0,0,0,'очікування',1,'Біла Церква, Київська область, Україна','Біла Церква, Київська область, Україна'),(1379,34,'Київ','Київ','Київська область','Київська область',50.4501,30.5234,50.4501,30.5234,'2021-08-10 00:01:00','2021-08-11 00:00:00',0,0,0,'очікування',1,'Киев, Україна','Киев, Україна'),(1380,44,'Львів','Львів','Львівська область','Львівська область',49.839683,24.029717,49.839683,24.029717,'2021-08-10 00:01:00','2021-08-11 00:00:00',0,0,0,'очікування',1,'Львов, Львівська область, Україна','Львов, Львівська область, Україна'),(1381,48,'Київ','Вінниця','Київська область','Вінницька область',50.4501,30.5234,49.233083,28.468217,'2021-08-10 00:01:00','2021-08-11 00:00:00',6500,296,21,'  ',0,'Киев, Україна','Вінниця, Вінницька область, Україна'),(1382,19,'Київ','Побузьке','Київська область','Кіровоградська область',50.4501,30.5234,48.1635241,30.5943455,'2021-08-11 00:01:00','2021-08-12 00:00:00',9500,363,26,'хим торг, через вул.Миколи Хвильового, 15, Київ, Україна',0,'Киев, Україна','Побугское, Кіровоградська область, Україна'),(1383,38,'Київ','Київ','Київська область','Київська область',50.4501,30.5234,50.4501,30.5234,'2021-08-11 00:01:00','2021-08-12 00:00:00',0,0,0,'очікування',1,'Киев, Україна','Киев, Україна'),(1384,21,'Хортиця','Хортиця','Запорізька область','Запорізька область',47.84951399999999,35.015328,47.84951399999999,35.015328,'2021-08-11 00:01:00','2021-08-12 00:00:00',30500,1679,18,'удк через Вольногорск, Дніпропетровська область, Україна; Барановка, Житомирська область, Україна',0,'Хортиця, Запорізька область, Україна','Хортица, Запорізька область, Україна'),(1385,46,'Суми','Київ','Сумська область','Київська область',50.9077,34.7981,50.4501,30.5234,'2021-08-11 00:01:00','2021-08-12 00:00:00',6000,403,14,'ист',0,'Сумы, Сумська область, Україна','Киев, Україна'),(1386,39,'Одеса','Київ','Одеська область','Київська область',46.482526,30.7233095,50.4501,30.5234,'2021-08-11 00:01:00','2021-08-12 00:00:00',8000,521,15,'аквафрост',0,'Одесса, Одеська область, Україна','Киев, Україна'),(1387,43,'Київ','Київ','Київська область','Київська область',50.4501,30.5234,50.4501,30.5234,'2021-08-11 00:01:00','2021-08-12 00:00:00',0,0,0,'очікування',1,'Киев, Україна','Киев, Україна'),(1388,51,'Полтава','Одеса','Полтавська область','Одеська область',49.58826699999999,34.551417,46.482526,30.7233095,'2021-08-11 00:01:00','2021-08-12 00:00:00',13000,616,21,'кернел',0,'Полтава, Полтавська область, Україна','Одесса, Одеська область, Україна'),(1389,62,'Київ','Київ','Київська область','Київська область',50.4501,30.5234,50.4501,30.5234,'2021-08-11 00:01:00','2021-08-12 00:00:00',0,0,0,'очікування',1,'Киев, Україна','Киев, Україна'),(1390,54,'Дніпро','Бурлача Балка','Дніпропетровська область','Одеська область',48.464717,35.046183,46.3425607,30.6619673,'2021-08-11 00:01:00','2021-08-12 00:00:00',18500,1007,18,'аквафрост через Харьков, Харківська область, Україна; Кривой Рог, Дніпропетровська область, Україна',0,'Днепр, Дніпропетровська область, Україна','Бурлачья Балка, Одеська область, Україна'),(1391,23,'Київ','Київ','Київська область','Київська область',50.44650799999999,30.6509906,50.44650799999999,30.6509906,'2021-08-11 00:01:00','2021-08-12 00:00:00',0,0,0,'очікування',1,'улица Академика Бутлерова, Київ, Україна','улица Академика Бутлерова, Київ, Україна'),(1392,45,'Запоріжжя','Білогородка','Запорізька область','Київська область',47.8388,35.139567,50.393051,30.2342611,'2021-08-11 00:01:00','2021-08-12 00:00:00',11280,642,17,'удк',0,'Запорожье, Запорізька область, Україна','Белогородка, Київська область, Україна'),(1393,37,'Київ','Бутенки','Київська область','Полтавська область',50.44650799999999,30.6509906,49.2348418,34.109929,'2021-08-11 00:01:00','2021-08-12 00:00:00',10500,378,27,'ист',0,'улица Академика Бутлерова, Київ, Україна','Бутенки, Полтавська область, Україна'),(1396,45,'Білогородка','Одеса','Київська область','Одеська область',50.393051,30.2342611,46.482526,30.7233095,'2021-08-12 00:01:00','2021-08-13 00:00:00',12000,513,23,'лт трейд',0,'Белогородка, Київська область, Україна','Одесса, Одеська область, Україна'),(1397,51,'Одеса','Одеса','Одеська область','Одеська область',46.482526,30.7233095,46.482526,30.7233095,'2021-08-12 00:01:00','2021-08-13 00:00:00',0,0,0,'очікування',1,'Одесса, Одеська область, Україна','Одесса, Одеська область, Україна'),(1398,21,'Хортиця','Хортиця','Запорізька область','Запорізька область',47.84951399999999,35.015328,47.84951399999999,35.015328,'2021-08-12 00:01:00','2021-08-13 00:00:00',0,0,0,'очікування',1,'Хортица, Запорізька область, Україна','Хортица, Запорізька область, Україна'),(1399,19,'Побузьке','Чернігів','Кіровоградська область','Чернігівська область',48.1635241,30.5943455,51.4982,31.28935,'2021-08-12 00:01:00','2021-08-13 00:00:00',13000,883,14,'глобал юг, через Миколаїв, Миколаївська область, Україна',0,'Побугское, Кіровоградська область, Україна','Чернигов, Чернігівська область, Україна'),(1401,52,'Київ','Черкаси','Київська область','Черкаська область',50.4501,30.5234,49.444433,32.059767,'2021-08-11 00:01:00','2021-08-12 00:00:00',6000,250,24,'дженерал, через Чайки, Київська область, Україна',0,'Киев, Україна','Черкассы, Черкаська область, Україна'),(1402,53,'Київ','Київ','Київська область','Київська область',50.4501,30.5234,50.4501,30.5234,'2021-08-11 00:01:00','2021-08-12 00:00:00',0,0,0,'очікування',1,'Киев, Україна','Киев, Україна'),(1403,54,'Бурлача Балка','Бурлача Балка','Одеська область','Одеська область',46.3425607,30.6619673,46.3425607,30.6619673,'2021-08-12 00:01:00','2021-08-13 00:00:00',0,0,0,'очікування',1,'Бурлачья Балка, Одеська область, Україна','Бурлачья Балка, Одеська область, Україна'),(1406,42,'Львів','Кропивницький','Львівська область','Кіровоградська область',49.839683,24.029717,48.50793300000001,32.262317,'2021-08-11 00:01:00','2021-08-12 00:00:00',17000,762,22,'девик',0,'Львів, Львівська область, Україна','Кропивни&#769;цкий, Кіровоградська область, Україна'),(1408,41,'Львів','Львів','Львівська область','Львівська область',49.839683,24.029717,49.839683,24.029717,'2021-08-11 00:01:00','2021-08-12 00:00:00',0,0,0,'очікування',1,'Львів, Львівська область, Україна','Львів, Львівська область, Україна'),(1409,15,'Київ','Тернопіль','Київська область','Тернопільська область',50.4501,30.5234,49.553517,25.594767,'2021-08-11 00:01:00','2021-08-12 00:00:00',11000,478,23,'  , через Хмельницький, Хмельницька область, Україна',0,'Киев, Україна','Тернополь, Тернопільська область, Україна'),(1411,53,'Київ','Миколаїв','Київська область','Миколаївська область',50.4501,30.5234,46.975033,31.994583,'2021-08-12 00:01:00','2021-08-13 00:00:00',10500,538,19,'дженерал, через Беспятное, Київська область, Україна',0,'Киев, Україна','Миколаїв, Миколаївська область, Україна'),(1412,22,'Квітневе','Київ','Київська область','Київська область',50.5334605,30.8446582,50.44650799999999,30.6509906,'2021-08-11 00:01:00','2021-08-12 00:00:00',0,22,0,'перезд в парк',0,'Квитневое, Київська область, Україна','улица Академика Бутлерова, Київ, Україна'),(1413,24,'Миколаїв','Миколаїв','Миколаївська область','Миколаївська область',46.975033,31.994583,46.975033,31.994583,'2021-08-11 00:01:00','2021-08-12 00:00:00',0,0,0,'очікування',1,'Николаев, Миколаївська область, Україна','Николаев, Миколаївська область, Україна'),(1414,24,'Миколаїв','Київ','Миколаївська область','Київська область',46.975033,31.994583,50.4501,30.5234,'2021-08-12 00:01:00','2021-08-13 00:00:00',10000,545,18,'  , через Мішково-Погорілове, Миколаївська область, Україна',0,'Николаев, Миколаївська область, Україна','Киев, Україна'),(1415,26,'Маріуполь','Квітневе','Донецька область','Київська область',47.097133,37.543367,50.5334605,30.8446582,'2021-08-11 00:01:00','2021-08-12 00:00:00',13500,961,14,'   через Хортиця, Запорізька область, Україна; Белогородка, Київська область, Україна',0,'Мариуполь, Донецька область, Україна','Квитневое, Київська область, Україна'),(1416,42,'Кропивницький','Кропивницький','Кіровоградська область','Кіровоградська область',48.50793300000001,32.262317,48.50793300000001,32.262317,'2021-08-12 00:01:00','2021-08-13 00:00:00',0,0,0,'очікування',1,'Кропивни&#769;цкий, Кіровоградська область, Україна','Кропивни&#769;цкий, Кіровоградська область, Україна'),(1417,43,'Київ','Черкаси','Київська область','Черкаська область',50.4501,30.5234,49.444433,32.059767,'2021-08-12 00:01:00','2021-08-13 00:00:00',8000,253,31,'фм, через Велика Димерка, Київська область, Україна',0,'Киев, Україна','Черкассы, Черкаська область, Україна'),(1418,27,'Херсон','Херсон','Херсонська область','Херсонська область',46.635417,32.616867,46.635417,32.616867,'2021-08-11 00:01:00','2021-08-12 00:00:00',0,0,0,'очікування',1,'Херсон, Херсонська область, Україна','Херсон, Херсонська область, Україна'),(1420,33,'Біла Церква','Біла Церква','Київська область','Київська область',49.7967977,30.1310853,49.7967977,30.1310853,'2021-08-11 00:01:00','2021-08-12 00:00:00',7000,308,22,'   , через Песковка, Київська область, Україна',0,'Біла Церква, Київська область, Україна','Белая Церковь, Київська область, Україна'),(1421,34,'Київ','Київ','Київська область','Київська область',50.4501,30.5234,50.4501,30.5234,'2021-08-11 00:01:00','2021-08-12 00:00:00',0,0,0,'очікування',1,'Киев, Україна','Киев, Україна'),(1422,40,'Київ','Київ','Київська область','Київська область',50.4501,30.5234,50.44650799999999,30.6509906,'2021-08-11 00:01:00','2021-08-12 00:00:00',0,15,0,'  ',0,'Киев, Україна','улица Академика Бутлерова, Київ, Україна'),(1423,44,'Львів','Дніпро','Львівська область','Дніпропетровська область',49.839683,24.029717,48.464717,35.046183,'2021-08-11 00:01:00','2021-08-12 00:00:00',19000,1114,17,'  ',0,'Львов, Львівська область, Україна','Днепр, Дніпропетровська область, Україна'),(1424,48,'Вінниця','Маріуполь','Вінницька область','Донецька область',49.233083,28.468217,47.097133,37.543367,'2021-08-11 00:01:00','2021-08-12 00:00:00',21000,994,21,'  , через Тульчин, Вінницька область, Україна',0,'Вінниця, Вінницька область, Україна','Мариуполь, Донецька область, Україна'),(1425,49,'Львів','Бориспіль','Львівська область','Київська область',49.839683,24.029717,50.3482,30.95615,'2021-08-11 00:01:00','2021-08-12 00:00:00',9000,631,14,'Нал',0,'Львів, Львівська область, Україна','Борисполь, Київська область, Україна'),(1426,62,'Київ','Київ','Київська область','Київська область',50.4501,30.5234,50.4501,30.5234,'2021-08-12 00:01:00','2021-08-13 00:00:00',0,0,0,'очікування',1,'Киев, Україна','Киев, Україна'),(1428,46,'Київ','Дніпро','Київська область','Дніпропетровська область',50.4501,30.5234,48.464717,35.046183,'2021-08-12 00:01:00','2021-08-13 00:00:00',14500,705,20,'лт трейд через Колонщина, Київська область, Україна; Кривой Рог, Дніпропетровська область, Україна',0,'Киев, Україна','Днепр, Дніпропетровська область, Україна'),(1429,16,'Квітневе','Квітневе','Київська область','Київська область',50.5334605,30.8446582,50.5334605,30.8446582,'2021-08-11 00:01:00','2021-08-12 00:00:00',0,0,0,'очікування',1,'Квітневе, Київська область, Україна','Квітневе, Київська область, Україна'),(1430,16,'Квітневе','Дніпро','Київська область','Дніпропетровська область',50.5334605,30.8446582,48.464717,35.046183,'2021-08-12 00:01:00','2021-08-13 00:00:00',0,516,0,'ПОЕХАЛ НА ПРИЦЕПОМ',0,'Квітневе, Київська область, Україна','Днипро, Дніпропетровська область, Україна'),(1431,35,'Красилівка','Полтава','Київська область','Полтавська область',50.52149370000001,30.9066286,49.58826699999999,34.551417,'2021-08-11 00:01:00','2021-08-12 00:00:00',8000,454,17,'мост, через Софиевская Борщаговка, Київська область, Україна',0,'Красиловка, Київська область, Україна','Полтава, Полтавська область, Україна'),(1432,38,'Київ','Київ','Київська область','Київська область',50.4501,30.5234,50.4501,30.5234,'2021-08-12 00:01:00','2021-08-13 00:00:00',0,0,0,'очікування',1,'Киев, Україна','Киев, Україна'),(1433,41,'Львів','Вінниця','Львівська область','Вінницька область',49.839683,24.029717,49.233083,28.468217,'2021-08-12 00:01:00','2021-08-13 00:00:00',9500,399,23,'галфрост',0,'Львів, Львівська область, Україна','Винница, Вінницька область, Україна'),(1434,35,'Полтава','Одеса','Полтавська область','Одеська область',49.58826699999999,34.551417,46.482526,30.7233095,'2021-08-12 00:01:00','2021-08-13 00:00:00',15800,616,25,'кернел',0,'Полтава, Полтавська область, Україна','Одесса, Одеська область, Україна'),(1435,37,'Бутенки','Львів','Полтавська область','Львівська область',49.2348418,34.109929,49.839683,24.029717,'2021-08-12 00:01:00','2021-08-13 00:00:00',17400,1031,16,'кернел, через Полтава, Полтавська область, Україна',0,'Бутенки, Полтавська область, Україна','Львів, Львівська область, Україна'),(1436,15,'Тернопіль','Тернопіль','Тернопільська область','Тернопільська область',49.553517,25.594767,49.553517,25.594767,'2021-08-12 00:01:00','2021-08-13 00:00:00',0,0,0,'очікування',1,'Тернополь, Тернопільська область, Україна','Тернополь, Тернопільська область, Україна'),(1437,17,'Київ','Львів','Київська область','Львівська область',50.4501,30.5234,49.839683,24.029717,'2021-08-12 00:01:00','2021-08-13 00:00:00',12000,679,17,'  , через Дударков, Київська область, Україна',0,'Киев, Україна','Львів, Львівська область, Україна'),(1438,22,'Київ','Львів','Київська область','Львівська область',50.44650799999999,30.6509906,49.839683,24.029717,'2021-08-12 00:01:00','2021-08-13 00:00:00',20000,1002,19,'   , через Черкассы, Черкаська область, Україна',0,'улица Академика Бутлерова, Київ, Україна','Львов, Львівська область, Україна'),(1439,25,'Квітневе','Київ','Київська область','Київська область',50.5334605,30.8446582,50.44650799999999,30.6509906,'2021-08-12 00:01:00','2021-08-13 00:00:00',0,23,0,'Перегон в парк',0,'Квитневое, Київська область, Україна','улица Академика Бутлерова, Київ, Україна'),(1440,26,'Квітневе','Квітневе','Київська область','Київська область',50.5334605,30.8446582,50.5334605,30.8446582,'2021-08-12 00:01:00','2021-08-13 00:00:00',0,0,0,'очікування',1,'Квитневое, Київська область, Україна','Квитневое, Київська область, Україна'),(1441,27,'Херсон','Київ','Херсонська область','Київська область',46.635417,32.616867,50.4501,30.5234,'2021-08-12 00:01:00','2021-08-13 00:00:00',15000,596,25,'  ',0,'Херсон, Херсонська область, Україна','Киев, Україна'),(1443,32,'Київ','Київ','Київська область','Київська область',50.4501,30.5234,50.4501,30.5234,'2021-08-12 00:01:00','2021-08-13 00:00:00',0,0,0,'очікування',1,'Киев, Україна','Киев, Україна'),(1444,33,'Біла Церква','Київ','Київська область','Київська область',49.7967977,30.1310853,50.44650799999999,30.6509906,'2021-08-12 00:01:00','2021-08-13 00:00:00',0,100,0,'возврат в парк (проплачено)',0,'Белая Церковь, Київська область, Україна','улица Академика Бутлерова, Київ, Україна'),(1445,34,'Київ','Київ','Київська область','Київська область',50.4501,30.5234,50.4501,30.5234,'2021-08-12 00:01:00','2021-08-13 00:00:00',0,0,0,'очікування',1,'Киев, Україна','Киев, Україна'),(1446,40,'Київ','Одеса','Київська область','Одеська область',50.44650799999999,30.6509906,46.482526,30.7233095,'2021-08-12 00:01:00','2021-08-13 00:00:00',12000,586,20,'  , через Колонщина, Київська область, Україна',0,'улица Академика Бутлерова, Київ, Україна','Одесса, Одеська область, Україна'),(1447,44,'Дніпро','Дніпро','Дніпропетровська область','Дніпропетровська область',48.464717,35.046183,48.464717,35.046183,'2021-08-12 00:01:00','2021-08-13 00:00:00',0,0,0,'очікування',1,'Днепр, Дніпропетровська область, Україна','Днепр, Дніпропетровська область, Україна'),(1448,48,'Маріуполь','Маріуполь','Донецька область','Донецька область',47.097133,37.543367,47.097133,37.543367,'2021-08-12 00:01:00','2021-08-13 00:00:00',0,0,0,'очікування',1,'Мариуполь, Донецька область, Україна','Мариуполь, Донецька область, Україна'),(1449,49,'Бориспіль','Бориспіль','Київська область','Київська область',50.3482,30.95615,50.3482,30.95615,'2021-08-12 00:01:00','2021-08-13 00:00:00',0,0,0,'очікування',1,'Борисполь, Київська область, Україна','Борисполь, Київська область, Україна'),(1450,23,'Київ','Київ','Київська область','Київська область',50.44650799999999,30.6509906,50.44650799999999,30.6509906,'2021-08-12 00:01:00','2021-08-13 00:00:00',0,0,0,'очікування',1,'улица Академика Бутлерова, Київ, Україна','улица Академика Бутлерова, Київ, Україна'),(1451,23,'Київ','Київ','Київська область','Київська область',50.44650799999999,30.6509906,50.44650799999999,30.6509906,'2021-08-13 00:01:00','2021-08-14 00:00:00',0,0,0,'очікування',1,'улица Академика Бутлерова, Київ, Україна','улица Академика Бутлерова, Київ, Україна'),(1452,23,'Київ','Київ','Київська область','Київська область',50.44650799999999,30.6509906,50.44650799999999,30.6509906,'2021-08-14 00:01:00','2021-08-15 00:00:00',0,0,0,'очікування',1,'улица Академика Бутлерова, Київ, Україна','улица Академика Бутлерова, Київ, Україна'),(1453,28,'Одеса','Київ','Одеська область','Київська область',46.482526,30.7233095,50.44650799999999,30.6509906,'2021-08-11 00:01:00','2021-08-12 00:00:00',8000,536,14,'  , через Киев, Україна',0,'Одесса, Одеська область, Україна','улица Академика Бутлерова, Київ, Україна'),(1454,28,'Київ','Київ','Київська область','Київська область',50.44650799999999,30.6509906,50.44650799999999,30.6509906,'2021-08-12 00:01:00','2021-08-13 00:00:00',0,0,0,'очікування',1,'улица Академика Бутлерова, Київ, Україна','улица Академика Бутлерова, Київ, Україна'),(1455,45,'Одеса','Білогородка','Одеська область','Київська область',46.482526,30.7233095,50.393051,30.2342611,'2021-08-13 00:01:00','2021-08-14 00:00:00',7900,514,15,'удк',0,'Одесса, Одеська область, Україна','Белогородка, Київська область, Україна'),(1456,29,'Київ','Київ','Київська область','Київська область',50.4501,30.5234,50.4501,30.5234,'2021-08-12 00:01:00','2021-08-13 00:00:00',0,0,0,'очікування',1,'Киев, Україна','Киев, Україна'),(1457,30,'Львів','Одеса','Львівська область','Одеська область',49.839683,24.029717,46.482526,30.7233095,'2021-08-12 00:01:00','2021-08-13 00:00:00',18800,880,21,'  ',0,'Львів, Львівська область, Україна','Одесса, Одеська область, Україна'),(1458,31,'Київ','Київ','Київська область','Київська область',50.44650799999999,30.6509906,50.44650799999999,30.6509906,'2021-08-12 00:01:00','2021-08-13 00:00:00',0,0,0,'очікування',1,'улица Академика Бутлерова, Київ, Україна','улица Академика Бутлерова, Київ, Україна'),(1459,52,'Черкаси','Єлизаветівка','Черкаська область','Дніпропетровська область',49.444433,32.059767,48.6168781,34.65381199999999,'2021-08-12 00:01:00','2021-08-13 00:00:00',10500,441,23,'мхп, через Степанці, Черкаська область, Україна',0,'Черкассы, Черкаська область, Україна','Елизаветовка, Дніпропетровська область, Україна'),(1463,43,'Черкаси','Стрий','Черкаська область','Львівська область',49.444433,32.059767,49.2656076,23.8431343,'2021-08-13 00:01:00','2021-08-14 00:00:00',18000,880,20,'нал. контик через Киев; Львів',0,'Черкассы, Черкаська область, Україна','Стрий, Львівська область, Україна'),(1464,21,'Хортиця','Хортиця','Запорізька область','Запорізька область',47.84951399999999,35.015328,47.84951399999999,35.015328,'2021-08-13 00:01:00','2021-08-14 00:00:00',0,0,0,'продовження руху  очікування',2,'Хортица, Запорізька область, Україна','Хортица, Запорізька область, Україна'),(1465,37,'Бутенки','Львів','Полтавська область','Львівська область',49.2348418,34.109929,49.839683,24.029717,'2021-08-13 00:01:00','2021-08-14 00:00:00',0,0,16,'продовження руху  кернел, через Полтава, Полтавська область, Україна',2,'Бутенки, Полтавська область, Україна','Львів, Львівська область, Україна'),(1466,38,'Київ','Київ','Київська область','Київська область',50.4501,30.5234,50.4501,30.5234,'2021-08-13 00:01:00','2021-08-14 00:00:00',0,0,0,'очікування',1,'Киев, Україна','Киев, Україна'),(1467,51,'Одеса','Требухів','Одеська область','Київська область',46.482526,30.7233095,50.4834365,30.8999478,'2021-08-13 00:01:00','2021-08-14 00:00:00',17000,919,18,'фруктус нобилис, через Великі Копані',0,'Одесса, Одеська область, Україна','Требухов, Київська область, Україна'),(1468,54,'Бурлача Балка','Требухів','Одеська область','Київська область',46.3425607,30.6619673,50.4834365,30.8999478,'2021-08-13 00:01:00','2021-08-14 00:00:00',8000,583,13,'фм, через Одесса',0,'Бурлачья Балка, Одеська область, Україна','Требухов, Київська область, Україна'),(1469,50,'Вишневе','Олешки','Київська область','Херсонська область',50.3919,30.368267,46.61993210000001,32.70726750000001,'2021-08-13 00:01:00','2021-08-14 00:00:00',15000,858,17,'фруктус нобилис через Требухов; Одесса',0,'Вишневое, Київська область, Україна','Олешки, Херсонська область, Україна'),(1470,16,'Дніпро','Хортиця','Дніпропетровська область','Запорізька область',48.464717,35.046183,47.84951399999999,35.015328,'2021-08-13 00:01:00','2021-08-14 00:00:00',6000,297,20,'удк, через Вольногорск',0,'Днипро, Дніпропетровська область, Україна','Хортиця, Запорізька область, Україна'),(1471,46,'Дніпро','Копилів','Дніпропетровська область','Київська область',48.464717,35.046183,50.41023570000001,29.89076,'2021-08-13 00:01:00','2021-08-14 00:00:00',10500,638,16,'юдм логистик +2000 через Новоолександрівка; Красиловка',0,'Днепр, Дніпропетровська область, Україна','Копилів, Київська область, Україна'),(1472,42,'Кропивницький','Хортиця','Кіровоградська область','Запорізька область',48.50793300000001,32.262317,47.84951399999999,35.015328,'2021-08-13 00:01:00','2021-08-14 00:00:00',6000,367,16,'удк, через Вольногорск',0,'Кропивни&#769;цкий, Кіровоградська область, Україна','Хортиця, Запорізька область, Україна'),(1473,53,'Миколаїв','Требухів','Миколаївська область','Київська область',46.975033,31.994583,50.4834365,30.8999478,'2021-08-13 00:01:00','2021-08-14 00:00:00',14500,773,18,'фруктус нобилис, через Великие Копани',0,'Миколаїв, Миколаївська область, Україна','Требухов, Київська область, Україна'),(1474,35,'Одеса','Одеса','Одеська область','Одеська область',46.482526,30.7233095,46.482526,30.7233095,'2021-08-13 00:01:00','2021-08-14 00:00:00',0,0,0,'очікування',1,'Одесса, Одеська область, Україна','Одесса, Одеська область, Україна'),(1476,22,'Київ','Львів','Київська область','Львівська область',50.44650799999999,30.6509906,49.839683,24.029717,'2021-08-13 00:01:00','2021-08-14 00:00:00',0,0,19,'продовження руху     , через Черкассы, Черкаська область, Україна',2,'улица Академика Бутлерова, Київ, Україна','Львов, Львівська область, Україна'),(1477,27,'Київ','Київ','Київська область','Київська область',50.4501,30.5234,50.4501,30.5234,'2021-08-13 00:01:00','2021-08-14 00:00:00',0,0,0,'очікування',1,'Киев, Україна','Киев, Україна'),(1479,20,'Київ','Київ','Київська область','Київська область',50.4501,30.5234,50.4501,30.5234,'2021-08-13 00:01:00','2021-08-14 00:00:00',0,0,0,'очікування',1,'Київ, Україна','Київ, Україна'),(1480,41,'Вінниця','Миколаїв','Вінницька область','Миколаївська область',49.233083,28.468217,46.975033,31.994583,'2021-08-13 00:01:00','2021-08-14 00:00:00',8400,510,16,'мхп, через Ладижин',0,'Винница, Вінницька область, Україна','Николаев, Миколаївська область, Україна'),(1481,19,'Чернігів','Київ','Чернігівська область','Київська область',51.4982,31.28935,50.4501,30.5234,'2021-08-13 00:01:00','2021-08-14 00:00:00',2500,157,15,'нал, киа форв',0,'Чернигов, Чернігівська область, Україна','Киев, Україна'),(1483,15,'Тернопіль','Біла Церква','Тернопільська область','Київська область',49.553517,25.594767,49.7967977,30.1310853,'2021-08-13 00:01:00','2021-08-14 00:00:00',6112,434,14,'  , через Красилів',0,'Тернополь, Тернопільська область, Україна','Белая Церковь, Київська область, Україна'),(1484,49,'Бориспіль','Бориспіль','Київська область','Київська область',50.3482,30.95615,50.3482,30.95615,'2021-08-13 00:01:00','2021-08-14 00:00:00',0,0,0,'продовження руху  очікування',2,'Борисполь, Київська область, Україна','Борисполь, Київська область, Україна'),(1485,48,'Маріуполь','Львів','Донецька область','Львівська область',47.097133,37.543367,49.839683,24.029717,'2021-08-13 00:01:00','2021-08-14 00:00:00',20000,1373,14,'  , через Покров',0,'Мариуполь, Донецька область, Україна','Львов, Львівська область, Україна'),(1486,44,'Дніпро','Дніпро','Дніпропетровська область','Дніпропетровська область',48.464717,35.046183,48.464717,35.046183,'2021-08-13 00:01:00','2021-08-14 00:00:00',0,0,0,'очікування',1,'Днепр, Дніпропетровська область, Україна','Днепр, Дніпропетровська область, Україна'),(1487,44,'Дніпро','Ужгород','Дніпропетровська область','Закарпатська область',48.464717,35.046183,48.6208,22.287883,'2021-08-14 00:01:00','2021-08-15 00:00:00',27000,1381,19,'  , через Черновцы',0,'Днепр, Дніпропетровська область, Україна','Ужгород, Закарпатська область, Україна'),(1488,40,'Одеса','Одеса','Одеська область','Одеська область',46.482526,30.7233095,46.482526,30.7233095,'2021-08-13 00:01:00','2021-08-14 00:00:00',0,0,0,'очікування',1,'Одесса, Одеська область, Україна','Одесса, Одеська область, Україна'),(1489,40,'Одеса','Київ','Одеська область','Київська область',46.482526,30.7233095,50.4501,30.5234,'2021-08-14 00:01:00','2021-08-15 00:00:00',8000,521,15,'  ',0,'Одесса, Одеська область, Україна','Киев, Україна'),(1490,33,'Київ','Київ','Київська область','Київська область',50.44650799999999,30.6509906,50.44650799999999,30.6509906,'2021-08-13 00:01:00','2021-08-14 00:00:00',0,0,0,'очікування',1,'улица Академика Бутлерова, Київ, Україна','улица Академика Бутлерова, Київ, Україна'),(1491,32,'Київ','Київ','Київська область','Київська область',50.4501,30.5234,50.4501,30.5234,'2021-08-13 00:01:00','2021-08-14 00:00:00',0,0,0,'очікування',1,'Киев, Україна','Киев, Україна'),(1492,26,'Квітневе','Квітневе','Київська область','Київська область',50.5334605,30.8446582,50.5334605,30.8446582,'2021-08-13 00:01:00','2021-08-14 00:00:00',0,0,0,'очікування',1,'Квитневое, Київська область, Україна','Квитневое, Київська область, Україна'),(1493,25,'Київ','Київ','Київська область','Київська область',50.44650799999999,30.6509906,50.44650799999999,30.6509906,'2021-08-13 00:01:00','2021-08-14 00:00:00',0,0,0,'очікування',1,'улица Академика Бутлерова, Київ, Україна','улица Академика Бутлерова, Київ, Україна'),(1495,17,'Львів','Львів','Львівська область','Львівська область',49.839683,24.029717,49.839683,24.029717,'2021-08-13 00:01:00','2021-08-14 00:00:00',0,0,0,'очікування',1,'Львів, Львівська область, Україна','Львів, Львівська область, Україна'),(1499,31,'Київ','Київ','Київська область','Київська область',50.44650799999999,30.6509906,50.44650799999999,30.6509906,'2021-08-13 00:01:00','2021-08-14 00:00:00',0,0,0,'очікування',1,'улица Академика Бутлерова, Київ, Україна','улица Академика Бутлерова, Київ, Україна'),(1500,29,'Київ','Одеса','Київська область','Одеська область',50.4501,30.5234,46.482526,30.7233095,'2021-08-13 00:01:00','2021-08-14 00:00:00',12000,523,22,'  ',0,'Киев, Україна','Одесса, Одеська область, Україна'),(1502,28,'Київ','Дніпро','Київська область','Дніпропетровська область',50.44650799999999,30.6509906,48.464717,35.046183,'2021-08-13 00:01:00','2021-08-14 00:00:00',14500,717,20,'   через Колонщина; Кривой Рог',0,'улица Академика Бутлерова, Київ, Україна','Днепр, Дніпропетровська область, Україна'),(1503,28,'Дніпро','Тульчин','Дніпропетровська область','Вінницька область',48.464717,35.046183,48.6739771,28.8563795,'2021-08-14 00:01:00','2021-08-15 00:00:00',11000,597,18,'  , через Слобожанское',0,'Днепр, Дніпропетровська область, Україна','Тульчин, Вінницька область, Україна'),(1504,39,'Київ','Київ','Київська область','Київська область',50.4501,30.5234,50.4501,30.5234,'2021-08-13 00:01:00','2021-08-14 00:00:00',0,0,0,'очікування',1,'Киев, Україна','Киев, Україна'),(1505,15,'Біла Церква','Полтава','Київська область','Полтавська область',49.7967977,30.1310853,49.58826699999999,34.551417,'2021-08-14 00:01:00','2021-08-15 00:00:00',10500,577,18,'   через Киев; Кременчуг',0,'Белая Церковь, Київська область, Україна','Полтава, Полтавська область, Україна'),(1506,17,'Львів','Львів','Львівська область','Львівська область',49.839683,24.029717,49.839683,24.029717,'2021-08-14 00:01:00','2021-08-15 00:00:00',0,0,0,'очікування',1,'Львів, Львівська область, Україна','Львів, Львівська область, Україна'),(1507,22,'Львів','Дніпро','Львівська область','Дніпропетровська область',49.839683,24.029717,48.464717,35.046183,'2021-08-14 00:01:00','2021-08-15 00:00:00',19000,1115,17,'  , через Малехів',0,'Львов, Львівська область, Україна','Днепр, Дніпропетровська область, Україна'),(1508,24,'Київ','Львів','Київська область','Львівська область',50.4501,30.5234,49.839683,24.029717,'2021-08-14 00:01:00','2021-08-15 00:00:00',12000,676,17,'  , через Борисполь',0,'Киев, Україна','Львів, Львівська область, Україна'),(1509,25,'Київ','Київ','Київська область','Київська область',50.44650799999999,30.6509906,50.44650799999999,30.6509906,'2021-08-14 00:01:00','2021-08-15 00:00:00',0,0,0,'очікування',1,'улица Академика Бутлерова, Київ, Україна','улица Академика Бутлерова, Київ, Україна'),(1510,26,'Квітневе','Квітневе','Київська область','Київська область',50.5334605,30.8446582,50.5334605,30.8446582,'2021-08-14 00:01:00','2021-08-15 00:00:00',0,0,0,'очікування',1,'Квитневое, Київська область, Україна','Квитневое, Київська область, Україна'),(1512,27,'Київ','Ужгород','Київська область','Закарпатська область',50.4501,30.5234,48.6208,22.287883,'2021-08-14 00:01:00','2021-08-15 00:00:00',23000,1029,22,'  , через Хуст',0,'Киев, Україна','Ужгород, Закарпатська область, Україна'),(1513,32,'Київ','Київ','Київська область','Київська область',50.4501,30.5234,50.4501,30.5234,'2021-08-14 00:01:00','2021-08-15 00:00:00',0,0,0,'очікування',1,'Киев, Україна','Киев, Україна'),(1514,33,'Київ','Київ','Київська область','Київська область',50.44650799999999,30.6509906,50.44650799999999,30.6509906,'2021-08-14 00:01:00','2021-08-15 00:00:00',0,0,0,'очікування',1,'улица Академика Бутлерова, Київ, Україна','улица Академика Бутлерова, Київ, Україна'),(1515,48,'Маріуполь','Львів','Донецька область','Львівська область',47.097133,37.543367,49.839683,24.029717,'2021-08-14 00:01:00','2021-08-15 00:00:00',0,0,14,'продовження руху    , через Покров',2,'Мариуполь, Донецька область, Україна','Львов, Львівська область, Україна'),(1516,49,'Бориспіль','Бориспіль','Київська область','Київська область',50.3482,30.95615,50.3482,30.95615,'2021-08-14 00:01:00','2021-08-15 00:00:00',0,0,0,'очікування',1,'Борисполь, Київська область, Україна','Борисполь, Київська область, Україна'),(1517,21,'Хортиця','Полтава','Запорізька область','Полтавська область',47.84951399999999,35.015328,49.58826699999999,34.551417,'2021-08-16 00:01:00','2021-08-17 00:00:00',7020,279,25,'удк',0,'Хортица, Запорізька область, Україна','Полтава, Полтавська область, Україна'),(1518,37,'Львів','Одеса','Львівська область','Одеська область',49.839683,24.029717,46.482526,30.7233095,'2021-08-16 00:01:00','2021-08-17 00:00:00',16500,1034,15,'агросем, через Мостиська',0,'Львів, Львівська область, Україна','Одесса, Одеська область, Україна'),(1519,39,'Київ','Дніпро','Київська область','Дніпропетровська область',50.4501,30.5234,48.464717,35.046183,'2021-08-14 00:01:00','2021-08-15 00:00:00',11000,538,20,'силтпо, через Бровары',0,'Киев, Україна','Днепр, Дніпропетровська область, Україна'),(1520,39,'Дніпро','Київ','Дніпропетровська область','Київська область',48.464717,35.046183,50.42094969999999,30.4216796,'2021-08-16 00:01:00','2021-08-17 00:00:00',9000,690,13,'дженерал, через Красиловка',0,'Днепр, Дніпропетровська область, Україна','вулиця Михайла Донця, 29, Київ, Україна'),(1521,41,'Миколаїв','Старі Петрівці','Миколаївська область','Київська область',46.975033,31.994583,50.6474025,30.4146959,'2021-08-14 00:01:00','2021-08-15 00:00:00',11000,557,19,'глобал юг',0,'Николаев, Миколаївська область, Україна','Старые Петровцы, Київська область, Україна'),(1522,42,'Хортиця','Чернігів','Запорізька область','Чернігівська область',47.84951399999999,35.015328,51.4982,31.28935,'2021-08-14 00:01:00','2021-08-15 00:00:00',17740,805,22,'удк, через Білогородка',0,'Хортиця, Запорізька область, Україна','Чернигов, Чернігівська область, Україна'),(1523,43,'Стрий','Мартусівка','Львівська область','Київська область',49.2656076,23.8431343,50.3125183,30.8601791,'2021-08-16 00:01:00','2021-08-17 00:00:00',9000,725,12,'ист, через Малехів',0,'Стрий, Львівська область, Україна','Мартусовка, Київська область, Україна'),(1524,45,'Білогородка','Дніпро','Київська область','Дніпропетровська область',50.393051,30.2342611,48.464717,35.046183,'2021-08-14 00:01:00','2021-08-15 00:00:00',14500,690,21,'лт трейд через Колонщина; Кривой Рог',0,'Белогородка, Київська область, Україна','Днипро, Дніпропетровська область, Україна'),(1525,45,'Дніпро','Красилівка','Дніпропетровська область','Київська область',48.464717,35.046183,50.52149370000001,30.9066286,'2021-08-16 00:01:00','2021-08-17 00:00:00',9000,514,17,'дженерал',0,'Днипро, Дніпропетровська область, Україна','Красиловка, Київська область, Україна'),(1526,19,'Київ','Маріуполь','Київська область','Донецька область',50.4501,30.5234,47.097133,37.543367,'2021-08-16 00:01:00','2021-08-17 00:00:00',20500,913,22,'интеркабель, через Капитановка',0,'Киев, Україна','Мариуполь, Донецька область, Україна'),(1527,50,'Олешки','Требухів','Херсонська область','Київська область',46.61993210000001,32.70726750000001,50.4834365,30.8999478,'2021-08-16 00:01:00','2021-08-17 00:00:00',15000,683,21,'фруктус нобилис, через Великие Копани',0,'Олешки, Херсонська область, Україна','Требухов, Київська область, Україна'),(1528,16,'Хортиця','Мукачево','Запорізька область','Закарпатська область',47.84951399999999,35.015328,48.4493055,22.7117106,'2021-08-16 00:01:00','2021-08-17 00:00:00',25500,1453,17,'удк, через вулиця Академіка Бутлерова',0,'Хортиця, Запорізька область, Україна','Мукачево, Закарпатська область, Україна'),(1529,38,'Київ','Київ','Київська область','Київська область',50.4501,30.5234,50.4501,30.5234,'2021-08-16 00:01:00','2021-08-17 00:00:00',0,0,0,'очікування',1,'Киев, Україна','Киев, Україна'),(1530,20,'Київ','Київ','Київська область','Київська область',50.4501,30.5234,50.4501,30.5234,'2021-08-16 00:01:00','2021-08-17 00:00:00',0,0,0,'очікування',1,'Київ, Україна','Київ, Україна'),(1531,42,'Чернігів','Чернігів','Чернігівська область','Чернігівська область',51.4982,31.28935,51.4982,31.28935,'2021-08-16 00:01:00','2021-08-17 00:00:00',0,0,0,'очікування',1,'Чернигов, Чернігівська область, Україна','Чернигов, Чернігівська область, Україна'),(1532,46,'Копилів','Одеса','Київська область','Одеська область',50.41023570000001,29.89076,46.482526,30.7233095,'2021-08-14 00:01:00','2021-08-15 00:00:00',12000,541,22,'удк, через Колонщина',0,'Копилів, Київська область, Україна','Одесса, Одеська область, Україна'),(1533,41,'Старі Петрівці','Київ','Київська область','Київська область',50.6474025,30.4146959,50.4479779,30.6516968,'2021-08-16 00:01:00','2021-08-17 00:00:00',0,39,0,'парк',0,'Старые Петровцы, Київська область, Україна','вулиця Академіка Бутлерова, 8, Київ, Україна'),(1534,52,'Єлизаветівка','Житомир','Дніпропетровська область','Житомирська область',48.6168781,34.65381199999999,50.25465,28.658667,'2021-08-13 00:01:00','2021-08-14 00:00:00',14000,668,20,'малби фудс, через Перемога',0,'Елизаветовка, Дніпропетровська область, Україна','Житомир, Житомирська область, Україна'),(1535,52,'Житомир','Одеса','Житомирська область','Одеська область',50.25465,28.658667,46.482526,30.7233095,'2021-08-14 00:01:00','2021-08-15 00:00:00',12000,642,18,'лт трейд, через Колонщина',0,'Житомир, Житомирська область, Україна','Одесса, Одеська область, Україна'),(1536,52,'Одеса','Білогородка','Одеська область','Київська область',46.482526,30.7233095,50.393051,30.2342611,'2021-08-16 00:01:00','2021-08-17 00:00:00',8400,514,16,'удк, через девик',0,'Одесса, Одеська область, Україна','Білогородка, Київська область, Україна'),(1537,54,'Требухів','Київ','Київська область','Київська область',50.4834365,30.8999478,50.4479779,30.6516968,'2021-08-16 00:01:00','2021-08-17 00:00:00',0,28,0,'парк',0,'Требухов, Київська область, Україна','вулиця Академіка Бутлерова, 8, Київ, Україна'),(1538,53,'Требухів','Маріуполь','Київська область','Донецька область',50.4834365,30.8999478,47.097133,37.543367,'2021-08-16 00:01:00','2021-08-17 00:00:00',22500,989,22,'лт трейд через вулиця Академіка Бутлерова; Колонщина',0,'Требухов, Київська область, Україна','Мариуполь, Донецька область, Україна'),(1539,46,'Одеса','Запоріжжя','Одеська область','Запорізька область',46.482526,30.7233095,47.8388,35.139567,'2021-08-16 00:01:00','2021-08-17 00:00:00',11700,570,20,'удк',0,'Одесса, Одеська область, Україна','Запорожье, Запорізька область, Україна'),(1540,51,'Требухів','Київ','Київська область','Київська область',50.4834365,30.8999478,50.4479779,30.6516968,'2021-08-16 00:01:00','2021-08-17 00:00:00',0,28,0,'парк',0,'Требухов, Київська область, Україна','вулиця Академіка Бутлерова, 8, Київ, Україна'),(1541,35,'Одеса','Чернігів','Одеська область','Чернігівська область',46.482526,30.7233095,51.4982,31.28935,'2021-08-16 00:01:00','2021-08-17 00:00:00',15500,817,18,'глобал юг, через Миколаїв',0,'Одесса, Одеська область, Україна','Чернігів, Чернігівська область, Україна'),(1542,63,'Київ','Київ','Київська область','Київська область',50.449546,30.649562,50.449546,30.649562,'2021-08-04 00:00:00','2021-08-05 00:00:00',0,0,0,'готовий до роботи',0,'вулиця Академіка Бутлерова, 8, Київ, 02000','вулиця Академіка Бутлерова, 8, Київ, 02000'),(1543,64,'Київ','Київ','Київська область','Київська область',50.449546,30.649562,50.449546,30.649562,'2021-08-04 00:00:00','2021-08-05 00:00:00',0,0,0,'готовий до роботи',0,'вулиця Академіка Бутлерова, 8, Київ, 02000','вулиця Академіка Бутлерова, 8, Київ, 02000'),(1544,64,'Київ','Дніпро','Київська область','Дніпропетровська область',50.449546,30.649562,48.464717,35.046183,'2021-08-14 00:01:00','2021-08-15 00:00:00',12000,591,20,'лт трейд, через Білогородка',0,'вулиця Академіка Бутлерова, 8, Київ, 02000','Днепр, Дніпропетровська область, Україна'),(1545,64,'Дніпро','Бурлача Балка','Дніпропетровська область','Одеська область',48.464717,35.046183,46.3425607,30.6619673,'2021-08-16 00:01:00','2021-08-17 00:00:00',12000,601,19,'аквафрост, через Вільногірськ',0,'Днепр, Дніпропетровська область, Україна','Бурлачья Балка, Одеська область, Україна'),(1546,63,'Київ','Київ','Київська область','Київська область',50.449546,30.649562,50.449546,30.649562,'2021-08-16 00:01:00','2021-08-17 00:00:00',0,0,0,'очікування',1,'вулиця Академіка Бутлерова, 8, Київ, 02000','вулиця Академіка Бутлерова, 8, Київ, 02000'),(1547,15,'Біла Церква','Полтава','Київська область','Полтавська область',49.7967977,30.1310853,49.58826699999999,34.551417,'2021-08-16 00:01:00','2021-08-17 00:00:00',0,0,18,'продовження руху     через Киев; Кременчуг',2,'Белая Церковь, Київська область, Україна','Полтава, Полтавська область, Україна'),(1548,17,'Львів','Київ','Львівська область','Київська область',49.839683,24.029717,50.44650799999999,30.6509906,'2021-08-16 00:01:00','2021-08-17 00:00:00',10000,608,16,'   , через Киев',0,'Львів, Львівська область, Україна','улица Академика Бутлерова, Київ, Україна'),(1550,37,'Одеса','Київ','Одеська область','Київська область',46.482526,30.7233095,50.4501,30.5234,'2021-08-17 00:01:00','2021-08-18 00:00:00',14000,521,26,'фоп ярош, через Одесса',0,'Одесса, Одеська область, Україна','Киев, Україна'),(1551,22,'Дніпро','Київ','Дніпропетровська область','Київська область',48.464717,35.046183,50.44650799999999,30.6509906,'2021-08-16 00:01:00','2021-08-17 00:00:00',9000,610,14,'  , через Гостомель',0,'Днепр, Дніпропетровська область, Україна','улица Академика Бутлерова, Київ, Україна'),(1552,24,'Львів','Київ','Львівська область','Київська область',49.839683,24.029717,50.44650799999999,30.6509906,'2021-08-16 00:01:00','2021-08-17 00:00:00',9000,613,14,'  , через Софиевская Борщаговка',0,'Львів, Львівська область, Україна','улица Академика Бутлерова, Київ, Україна'),(1553,25,'Київ','Дніпро','Київська область','Дніпропетровська область',50.44650799999999,30.6509906,48.464717,35.046183,'2021-08-16 00:01:00','2021-08-17 00:00:00',14000,623,22,'  , через Кривой Рог',0,'улица Академика Бутлерова, Київ, Україна','Днепр, Дніпропетровська область, Україна'),(1554,26,'Квітневе','Київ','Київська область','Київська область',50.5334605,30.8446582,50.44650799999999,30.6509906,'2021-08-16 00:01:00','2021-08-17 00:00:00',0,23,0,'Перегон в парк',0,'Квитневое, Київська область, Україна','улица Академика Бутлерова, Київ, Україна'),(1555,27,'Київ','Ужгород','Київська область','Закарпатська область',50.4501,30.5234,48.6208,22.287883,'2021-08-16 00:01:00','2021-08-17 00:00:00',0,0,22,'продовження руху    , через Хуст',2,'Киев, Україна','Ужгород, Закарпатська область, Україна'),(1557,33,'Київ','Львів','Київська область','Львівська область',50.44650799999999,30.6509906,49.839683,24.029717,'2021-08-15 00:01:00','2021-08-16 00:00:00',12000,612,19,'  , через Колонщина',0,'улица Академика Бутлерова, Київ, Україна','Львов, Львівська область, Україна'),(1558,33,'Львів','Львів','Львівська область','Львівська область',49.839683,24.029717,49.839683,24.029717,'2021-08-16 00:01:00','2021-08-17 00:00:00',0,0,0,'очікування',1,'Львов, Львівська область, Україна','Львов, Львівська область, Україна'),(1559,40,'Київ','Київ','Київська область','Київська область',50.4501,30.5234,50.4501,30.5234,'2021-08-16 00:01:00','2021-08-17 00:00:00',0,0,0,'очікування',1,'Киев, Україна','Киев, Україна'),(1560,44,'Дніпро','Ужгород','Дніпропетровська область','Закарпатська область',48.464717,35.046183,48.6208,22.287883,'2021-08-16 00:01:00','2021-08-17 00:00:00',0,0,19,'продовження руху    , через Черновцы',2,'Днепр, Дніпропетровська область, Україна','Ужгород, Закарпатська область, Україна'),(1562,49,'Бориспіль','Київ','Київська область','Київська область',50.3482,30.95615,50.44650799999999,30.6509906,'2021-08-15 00:01:00','2021-08-16 00:00:00',0,32,0,'  ',0,'Борисполь, Київська область, Україна','улица Академика Бутлерова, Київ, Україна'),(1563,49,'Київ','Одеса','Київська область','Одеська область',50.44650799999999,30.6509906,46.482526,30.7233095,'2021-08-16 00:01:00','2021-08-17 00:00:00',12000,586,20,'  , через Колонщина',0,'улица Академика Бутлерова, Київ, Україна','Одесса, Одеська область, Україна'),(1564,23,'Київ','Київ','Київська область','Київська область',50.44650799999999,30.6509906,50.44650799999999,30.6509906,'2021-08-16 00:01:00','2021-08-17 00:00:00',0,0,0,'очікування',1,'улица Академика Бутлерова, Київ, Україна','улица Академика Бутлерова, Київ, Україна'),(1565,28,'Тульчин','Івано-Франківськ','Вінницька область','Івано-Франківська область',48.6739771,28.8563795,48.922633,24.711117,'2021-08-16 00:01:00','2021-08-17 00:00:00',15000,483,31,'ЛЕВ ЛОГИСТИК, через Коломия',0,'Тульчин, Вінницька область, Україна','Ивано-Франковск, Івано-Франківська область, Україна'),(1566,29,'Одеса','Львів','Одеська область','Львівська область',46.482526,30.7233095,49.839683,24.029717,'2021-08-14 00:01:00','2021-08-15 00:00:00',16500,880,18,'АКВАФРОСТ',0,'Одесса, Одеська область, Україна','Львів, Львівська область, Україна'),(1567,29,'Львів','Київ','Львівська область','Київська область',49.839683,24.029717,50.4501,30.5234,'2021-08-16 00:01:00','2021-08-17 00:00:00',10000,593,16,'Іст-Захід-Логістик  Марьян',0,'Львів, Львівська область, Україна','Киев, Україна'),(1568,30,'Одеса','Запоріжжя','Одеська область','Запорізька область',46.482526,30.7233095,47.8388,35.139567,'2021-08-13 00:01:00','2021-08-14 00:00:00',11500,570,20,'Глобал Спирит Европа',0,'Одесса, Одеська область, Україна','Запорожье, Запорізька область, Україна'),(1569,30,'Запоріжжя','Львів','Запорізька область','Львівська область',47.8388,35.139567,49.839683,24.029717,'2021-08-14 00:01:00','2021-08-15 00:00:00',19000,1106,17,'Глобал Спирит Европа',0,'Запорожье, Запорізька область, Україна','Львів, Львівська область, Україна'),(1570,30,'Львів','Львів','Львівська область','Львівська область',49.839683,24.029717,49.839683,24.029717,'2021-08-15 00:01:00','2021-08-16 00:00:00',0,0,0,'очікування',1,'Львів, Львівська область, Україна','Львів, Львівська область, Україна'),(1571,30,'Львів','Київ','Львівська область','Київська область',49.839683,24.029717,50.4501,30.5234,'2021-08-16 00:01:00','2021-08-17 00:00:00',9500,593,16,'Іст-Захід-Логістик  Марьян',0,'Львів, Львівська область, Україна','Киев, Україна'),(1572,31,'Київ','Київ','Київська область','Київська область',50.44650799999999,30.6509906,50.44650799999999,30.6509906,'2021-08-14 00:01:00','2021-08-15 00:00:00',0,0,0,'очікування',1,'улица Академика Бутлерова, Київ, Україна','улица Академика Бутлерова, Київ, Україна'),(1573,31,'Київ','Київ','Київська область','Київська область',50.44650799999999,30.6509906,50.44650799999999,30.6509906,'2021-08-15 00:01:00','2021-08-16 00:00:00',0,0,0,'очікування',1,'улица Академика Бутлерова, Київ, Україна','улица Академика Бутлерова, Київ, Україна'),(1574,31,'Київ','Київ','Київська область','Київська область',50.44650799999999,30.6509906,50.44650799999999,30.6509906,'2021-08-16 00:01:00','2021-08-17 00:00:00',0,0,0,'очікування',1,'улица Академика Бутлерова, Київ, Україна','улица Академика Бутлерова, Київ, Україна'),(1575,52,'Білогородка','Дніпро','Київська область','Дніпропетровська область',50.393051,30.2342611,48.464717,35.046183,'2021-08-17 00:01:00','2021-08-18 00:00:00',14500,690,21,'лт трейд через Колонщина; Кривой Рог',0,'Білогородка, Київська область, Україна','Днипро, Дніпропетровська область, Україна'),(1577,32,'Київ','Київ','Київська область','Київська область',50.4501,30.5234,50.4501,30.5234,'2021-08-16 00:01:00','2021-08-17 00:00:00',0,0,0,'очікування',1,'Киев, Україна','Киев, Україна'),(1578,53,'Требухів','Маріуполь','Київська область','Донецька область',50.4834365,30.8999478,47.097133,37.543367,'2021-08-17 00:01:00','2021-08-18 00:00:00',0,0,22,'продовження руху  лт трейд через вулиця Академіка Бутлерова; Колонщина',2,'Требухов, Київська область, Україна','Мариуполь, Донецька область, Україна'),(1579,39,'Київ','Харків','Київська область','Харківська область',50.42094969999999,30.4216796,49.9935,36.230383,'2021-08-17 00:01:00','2021-08-18 00:00:00',12500,616,20,'лт трейд, через Колонщина',0,'вулиця Михайла Донця, 29, Київ, Україна','Харьков, Харківська область, Україна'),(1580,41,'Київ','Київ','Київська область','Київська область',50.4479779,30.6516968,50.4479779,30.6516968,'2021-08-17 00:01:00','2021-08-18 00:00:00',0,0,0,'очікування',1,'вулиця Академіка Бутлерова, 8, Київ, Україна','вулиця Академіка Бутлерова, 8, Київ, Україна'),(1581,63,'Київ','Київ','Київська область','Київська область',50.449546,30.649562,50.449546,30.649562,'2021-08-17 00:01:00','2021-08-18 00:00:00',0,0,0,'очікування',1,'вулиця Академіка Бутлерова, 8, Київ, 02000','вулиця Академіка Бутлерова, 8, Київ, 02000'),(1582,21,'Полтава','Вишневе','Полтавська область','Київська область',49.58826699999999,34.551417,50.3919,30.368267,'2021-08-17 00:01:00','2021-08-18 00:00:00',7600,496,15,'изумруд, через Майбородовка',0,'Полтава, Полтавська область, Україна','Вишневое, Київська область, Україна'),(1583,51,'Київ','Дніпро','Київська область','Дніпропетровська область',50.4479779,30.6516968,48.464717,35.046183,'2021-08-17 00:01:00','2021-08-18 00:00:00',11000,517,21,'сильпо',0,'вулиця Академіка Бутлерова, 8, Київ, Україна','Днепр, Дніпропетровська область, Україна'),(1584,46,'Запоріжжя','Івано-Франківськ','Запорізька область','Івано-Франківська область',47.8388,35.139567,48.922633,24.711117,'2021-08-17 00:01:00','2021-08-18 00:00:00',21200,1107,19,'удк',0,'Запорожье, Запорізька область, Україна','Ивано-Франковск, Івано-Франківська область, Україна'),(1585,38,'Київ','Маяки','Київська область','Одеська область',50.4501,30.5234,46.41444329999999,30.269107,'2021-08-17 00:01:00','2021-08-18 00:00:00',12000,546,21,'альфа смарт',0,'Киев, Україна','Маяки, Одеська область, Україна'),(1586,42,'Чернігів','Одеса','Чернігівська область','Одеська область',51.4982,31.28935,46.482526,30.7233095,'2021-08-17 00:01:00','2021-08-18 00:00:00',12800,671,19,'дженерал',0,'Чернигов, Чернігівська область, Україна','Одесса, Одеська область, Україна'),(1587,20,'Київ','Київ','Київська область','Київська область',50.4501,30.5234,50.44650799999999,30.6509906,'2021-08-17 00:01:00','2021-08-18 00:00:00',0,15,0,' ',0,'Київ, Україна','улица Академика Бутлерова, Київ, Україна'),(1589,15,'Полтава','Полтава','Полтавська область','Полтавська область',49.58826699999999,34.551417,49.58826699999999,34.551417,'2021-08-17 00:01:00','2021-08-18 00:00:00',0,0,0,'очікування',1,'Полтава, Полтавська область, Україна','Полтава, Полтавська область, Україна'),(1590,17,'Київ','Київ','Київська область','Київська область',50.44650799999999,30.6509906,50.44650799999999,30.6509906,'2021-08-17 00:01:00','2021-08-18 00:00:00',0,0,0,'В Парк',0,'улица Академика Бутлерова, Київ, Україна','улица Академика Бутлерова, Київ, Україна'),(1591,24,'Київ','Запоріжжя','Київська область','Запорізька область',50.44650799999999,30.6509906,47.8388,35.139567,'2021-08-17 00:01:00','2021-08-18 00:00:00',16000,717,22,'   через Кривой Рог; Днепр',0,'улица Академика Бутлерова, Київ, Україна','Запорожье, Запорізька область, Україна'),(1592,27,'Ужгород','Ужгород','Закарпатська область','Закарпатська область',48.6208,22.287883,48.6208,22.287883,'2021-08-17 00:01:00','2021-08-18 00:00:00',0,0,0,'очікування',1,'Ужгород, Закарпатська область, Україна','Ужгород, Закарпатська область, Україна'),(1593,33,'Львів','Львів','Львівська область','Львівська область',49.839683,24.029717,49.839683,24.029717,'2021-08-17 00:01:00','2021-08-18 00:00:00',0,0,0,'очікування',1,'Львов, Львівська область, Україна','Львов, Львівська область, Україна'),(1594,35,'Чернігів','Чернігів','Чернігівська область','Чернігівська область',51.4982,31.28935,51.4982,31.28935,'2021-08-17 00:01:00','2021-08-18 00:00:00',0,0,0,'очікування',1,'Чернігів, Чернігівська область, Україна','Чернігів, Чернігівська область, Україна'),(1595,23,'Київ','Київ','Київська область','Київська область',50.44650799999999,30.6509906,50.44650799999999,30.6509906,'2021-08-17 00:01:00','2021-08-18 00:00:00',0,0,0,'очікування',1,'улица Академика Бутлерова, Київ, Україна','улица Академика Бутлерова, Київ, Україна'),(1597,26,'Київ','Київ','Київська область','Київська область',50.44650799999999,30.6509906,50.44650799999999,30.6509906,'2021-08-17 00:01:00','2021-08-18 00:00:00',0,0,0,'очікування',1,'улица Академика Бутлерова, Київ, Україна','улица Академика Бутлерова, Київ, Україна'),(1598,28,'Івано-Франківськ','Івано-Франківськ','Івано-Франківська область','Івано-Франківська область',48.922633,24.711117,48.922633,24.711117,'2021-08-17 00:01:00','2021-08-18 00:00:00',0,0,0,'очікування',1,'Ивано-Франковск, Івано-Франківська область, Україна','Ивано-Франковск, Івано-Франківська область, Україна'),(1599,25,'Дніпро','Красилівка','Дніпропетровська область','Київська область',48.464717,35.046183,50.52149370000001,30.9066286,'2021-08-17 00:01:00','2021-08-18 00:00:00',10800,514,21,'Интер Овощи',0,'Днепр, Дніпропетровська область, Україна','Красиловка, Київська область, Україна'),(1601,30,'Київ','Київ','Київська область','Київська область',50.4501,30.5234,50.44650799999999,30.6509906,'2021-08-17 00:01:00','2021-08-18 00:00:00',0,15,0,' ',0,'Киев, Україна','улица Академика Бутлерова, Київ, Україна'),(1602,29,'Київ','Львів','Київська область','Львівська область',50.4501,30.5234,49.839683,24.029717,'2021-08-17 00:01:00','2021-08-18 00:00:00',12000,627,19,'ЛЕВ ЛОГИСТИК через улица Академика Бутлерова; Колонщина',0,'Киев, Україна','Львів, Львівська область, Україна'),(1603,31,'Київ','Київ','Київська область','Київська область',50.44650799999999,30.6509906,50.44650799999999,30.6509906,'2021-08-17 00:01:00','2021-08-18 00:00:00',0,0,0,'очікування',1,'улица Академика Бутлерова, Київ, Україна','улица Академика Бутлерова, Київ, Україна'),(1604,32,'Київ','Київ','Київська область','Київська область',50.4501,30.5234,50.4501,30.5234,'2021-08-17 00:01:00','2021-08-18 00:00:00',0,0,0,'очікування',1,'Киев, Україна','Киев, Україна'),(1605,19,'Маріуполь','Маріуполь','Донецька область','Донецька область',47.097133,37.543367,47.097133,37.543367,'2021-08-17 00:01:00','2021-08-18 00:00:00',0,0,0,'очікування',1,'Мариуполь, Донецька область, Україна','Мариуполь, Донецька область, Україна'),(1606,45,'Красилівка','Запоріжжя','Київська область','Запорізька область',50.52149370000001,30.9066286,47.8388,35.139567,'2021-08-17 00:01:00','2021-08-18 00:00:00',14500,752,19,'фруктус нобилис через Колонщина; Днепр',0,'Красиловка, Київська область, Україна','Запорожье, Запорізька область, Україна'),(1607,40,'Київ','Львів','Київська область','Львівська область',50.4501,30.5234,49.839683,24.029717,'2021-08-17 00:01:00','2021-08-18 00:00:00',12000,676,17,'   , через Борисполь',0,'Киев, Україна','Львов, Львівська область, Україна'),(1608,44,'Ужгород','Ужгород','Закарпатська область','Закарпатська область',48.6208,22.287883,48.6208,22.287883,'2021-08-17 00:01:00','2021-08-18 00:00:00',0,0,0,'очікування',1,'Ужгород, Закарпатська область, Україна','Ужгород, Закарпатська область, Україна'),(1609,48,'Львів','Київ','Львівська область','Київська область',49.839683,24.029717,50.4501,30.5234,'2021-08-16 00:01:00','2021-08-17 00:00:00',10000,593,16,'  ',0,'Львов, Львівська область, Україна','Киев, Україна'),(1610,48,'Київ','Одеса','Київська область','Одеська область',50.4501,30.5234,46.482526,30.7233095,'2021-08-17 00:01:00','2021-08-18 00:00:00',12000,574,20,'   , через Колонщина',0,'Киев, Україна','Одесса, Одеська область, Україна'),(1612,49,'Одеса','Дніпро','Одеська область','Дніпропетровська область',46.482526,30.7233095,48.464717,35.046183,'2021-08-17 00:01:00','2021-08-18 00:00:00',11000,499,22,'  ',0,'Одесса, Одеська область, Україна','Днепр, Дніпропетровська область, Україна'),(1613,16,'Мукачево','Львів','Закарпатська область','Львівська область',48.4493055,22.7117106,49.839683,24.029717,'2021-08-17 00:01:00','2021-08-18 00:00:00',5500,252,21,'хим торг, через Стрий',0,'Мукачево, Закарпатська область, Україна','Львів, Львівська область, Україна'),(1614,52,'Дніпро','Бурлача Балка','Дніпропетровська область','Одеська область',48.464717,35.046183,46.3425607,30.6619673,'2021-08-18 00:01:00','2021-08-19 00:00:00',18500,1008,18,'аквафрост через Днипро; Харьков',0,'Днипро, Дніпропетровська область, Україна','Бурлачья Балка, Одеська область, Україна'),(1615,16,'Львів','Львів','Львівська область','Львівська область',49.839683,24.029717,49.839683,24.029717,'2021-08-18 00:01:00','2021-08-19 00:00:00',0,0,0,'очікування',1,'Львів, Львівська область, Україна','Львів, Львівська область, Україна'),(1616,39,'Харків','Кропивницький','Харківська область','Кіровоградська область',49.9935,36.230383,48.50793300000001,32.262317,'2021-08-18 00:01:00','2021-08-19 00:00:00',9500,533,17,'девик, через Кривой Рог',0,'Харьков, Харківська область, Україна','Кропивни&#769;цкий, Кіровоградська область, Україна'),(1617,45,'Запоріжжя','Мартусівка','Запорізька область','Київська область',47.8388,35.139567,50.3125183,30.8601791,'2021-08-18 00:01:00','2021-08-19 00:00:00',10200,590,17,'удк',0,'Запорожье, Запорізька область, Україна','Мартусовка, Київська область, Україна'),(1618,51,'Дніпро','Одеса','Дніпропетровська область','Одеська область',48.464717,35.046183,46.482526,30.7233095,'2021-08-18 00:01:00','2021-08-19 00:00:00',10500,499,21,'дженерал',0,'Днепр, Дніпропетровська область, Україна','Одесса, Одеська область, Україна'),(1619,19,'Маріуполь','Обухів','Донецька область','Київська область',47.097133,37.543367,50.109938,30.6298846,'2021-08-18 00:01:00','2021-08-19 00:00:00',13000,811,16,'киберстар',0,'Мариуполь, Донецька область, Україна','Обухов, Київська область, Україна'),(1620,37,'Київ','Київ','Київська область','Київська область',50.4501,30.5234,50.4501,30.5234,'2021-08-18 00:01:00','2021-08-19 00:00:00',0,0,0,'очікування',1,'Киев, Україна','Киев, Україна'),(1621,38,'Маяки','Хортиця','Одеська область','Запорізька область',46.41444329999999,30.269107,47.84951399999999,35.015328,'2021-08-18 00:01:00','2021-08-19 00:00:00',11700,582,20,'удк, через Великодолинское',0,'Маяки, Одеська область, Україна','Хортица, Запорізька область, Україна'),(1622,46,'Запоріжжя','Івано-Франківськ','Запорізька область','Івано-Франківська область',47.8388,35.139567,48.922633,24.711117,'2021-08-18 00:01:00','2021-08-19 00:00:00',0,0,19,'продовження руху  удк',2,'Запорожье, Запорізька область, Україна','Ивано-Франковск, Івано-Франківська область, Україна'),(1623,50,'Требухів','Миколаїв','Київська область','Миколаївська область',50.4834365,30.8999478,46.975033,31.994583,'2021-08-17 00:01:00','2021-08-18 00:00:00',10500,568,18,'дженерал, через Беспятное',0,'Требухов, Київська область, Україна','Миколаїв, Миколаївська область, Україна'),(1624,54,'Київ','Харків','Київська область','Харківська область',50.4479779,30.6516968,49.9935,36.230383,'2021-08-18 00:01:00','2021-08-19 00:00:00',12000,520,23,'сильпо',0,'вулиця Академіка Бутлерова, 8, Київ, Україна','Харків, Харківська область, Україна'),(1625,64,'Бурлача Балка','Харків','Одеська область','Харківська область',46.3425607,30.6619673,49.9935,36.230383,'2021-08-18 00:01:00','2021-08-19 00:00:00',17000,769,22,'аквафрост',0,'Бурлачья Балка, Одеська область, Україна','Харків, Харківська область, Україна'),(1627,50,'Миколаїв','Требухів','Миколаївська область','Київська область',46.975033,31.994583,50.4834365,30.8999478,'2021-08-18 00:01:00','2021-08-19 00:00:00',15500,773,20,'престиж, через Великие Копани',0,'Миколаїв, Миколаївська область, Україна','Требухов, Київська область, Україна'),(1628,21,'Вишневе','Одеса','Київська область','Одеська область',50.3919,30.368267,46.482526,30.7233095,'2021-08-18 00:01:00','2021-08-19 00:00:00',12000,543,22,'украинская бумага, через Киев',0,'Вишневое, Київська область, Україна','Одесса, Одеська область, Україна'),(1629,53,'Маріуполь','Квітневе','Донецька область','Київська область',47.097133,37.543367,50.5334605,30.8446582,'2021-08-18 00:01:00','2021-08-19 00:00:00',11000,851,12,'удк, через девик',0,'Мариуполь, Донецька область, Україна','Квітневе, Київська область, Україна'),(1630,15,'Полтава','Красилівка','Полтавська область','Київська область',49.58826699999999,34.551417,50.52149370000001,30.9066286,'2021-08-18 00:01:00','2021-08-19 00:00:00',7000,362,19,'  ',0,'Полтава, Полтавська область, Україна','Красиловка, Київська область, Україна'),(1631,17,'Київ','Львів','Київська область','Львівська область',50.44650799999999,30.6509906,49.839683,24.029717,'2021-08-18 00:01:00','2021-08-19 00:00:00',12700,607,20,'  ',0,'улица Академика Бутлерова, Київ, Україна','Львов, Львівська область, Україна'),(1632,42,'Одеса','Білогородка','Одеська область','Київська область',46.482526,30.7233095,50.393051,30.2342611,'2021-08-18 00:01:00','2021-08-19 00:00:00',8700,514,16,'удк',0,'Одесса, Одеська область, Україна','Белогородка, Київська область, Україна'),(1633,24,'Київ','Запоріжжя','Київська область','Запорізька область',50.44650799999999,30.6509906,47.8388,35.139567,'2021-08-18 00:01:00','2021-08-19 00:00:00',0,0,22,'продовження руху     через Кривой Рог; Днепр',2,'улица Академика Бутлерова, Київ, Україна','Запорожье, Запорізька область, Україна'),(1634,33,'Львів','Дніпро','Львівська область','Дніпропетровська область',49.839683,24.029717,48.464717,35.046183,'2021-08-18 00:01:00','2021-08-19 00:00:00',18500,1114,16,'  ',0,'Львов, Львівська область, Україна','Дніпро, Дніпропетровська область, Україна'),(1635,35,'Чернігів','Одеса','Чернігівська область','Одеська область',51.4982,31.28935,46.482526,30.7233095,'2021-08-18 00:01:00','2021-08-19 00:00:00',11600,671,17,'  ',0,'Чернігів, Чернігівська область, Україна','Одесса, Одеська область, Україна'),(1636,40,'Львів','Львів','Львівська область','Львівська область',49.839683,24.029717,49.839683,24.029717,'2021-08-18 00:01:00','2021-08-19 00:00:00',0,0,0,'очікування',1,'Львов, Львівська область, Україна','Львов, Львівська область, Україна'),(1639,64,'Харків','Мартусівка','Харківська область','Київська область',49.9935,36.230383,50.3125183,30.8601791,'2021-08-19 00:01:00','2021-08-20 00:00:00',8000,504,15,'атп',0,'Харків, Харківська область, Україна','Мартусовка, Київська область, Україна'),(1640,22,'Київ','Кропивницький','Київська область','Кіровоградська область',50.44650799999999,30.6509906,48.50793300000001,32.262317,'2021-08-18 00:01:00','2021-08-19 00:00:00',10500,392,26,'Альфа Смарт Агро, через Белая Церковь',0,'улица Академика Бутлерова, Київ, Україна','Кропивни&#769;цкий, Кіровоградська область, Україна'),(1641,23,'Київ','Львів','Київська область','Львівська область',50.44650799999999,30.6509906,49.839683,24.029717,'2021-08-18 00:01:00','2021-08-19 00:00:00',12732,607,20,'Оболонь, через Киев',0,'улица Академика Бутлерова, Київ, Україна','Львов, Львівська область, Україна'),(1642,25,'Красилівка','Слобожанське','Київська область','Дніпропетровська область',50.52149370000001,30.9066286,48.5340537,35.0734642,'2021-08-18 00:01:00','2021-08-19 00:00:00',12312,564,21,'Оболонь, через Киев',0,'Красиловка, Київська область, Україна','Слобожанское, Дніпропетровська область, Україна'),(1643,26,'Київ','Київ','Київська область','Київська область',50.44650799999999,30.6509906,50.44650799999999,30.6509906,'2021-08-18 00:01:00','2021-08-19 00:00:00',0,0,0,'очікування',1,'улица Академика Бутлерова, Київ, Україна','улица Академика Бутлерова, Київ, Україна'),(1644,28,'Івано-Франківськ','Щасливе','Івано-Франківська область','Київська область',48.922633,24.711117,50.3760418,30.79903079999999,'2021-08-18 00:01:00','2021-08-19 00:00:00',9200,807,11,'Перша Львівська Екпедиція, через Моршин',0,'Ивано-Франковск, Івано-Франківська область, Україна','Щасливе, Київська область, Україна'),(1645,29,'Львів','Львів','Львівська область','Львівська область',49.839683,24.029717,49.839683,24.029717,'2021-08-18 00:01:00','2021-08-19 00:00:00',0,0,0,'очікування',1,'Львів, Львівська область, Україна','Львів, Львівська область, Україна'),(1646,30,'Київ','Київ','Київська область','Київська область',50.44650799999999,30.6509906,50.44650799999999,30.6509906,'2021-08-18 00:01:00','2021-08-19 00:00:00',0,0,0,'очікування',1,'улица Академика Бутлерова, Київ, Україна','улица Академика Бутлерова, Київ, Україна'),(1647,31,'Київ','Київ','Київська область','Київська область',50.44650799999999,30.6509906,50.44650799999999,30.6509906,'2021-08-18 00:01:00','2021-08-19 00:00:00',0,0,0,'очікування',1,'улица Академика Бутлерова, Київ, Україна','улица Академика Бутлерова, Київ, Україна'),(1648,32,'Київ','Київ','Київська область','Київська область',50.4501,30.5234,50.4501,30.5234,'2021-08-18 00:01:00','2021-08-19 00:00:00',0,0,0,'очікування',1,'Киев, Україна','Киев, Україна'),(1649,65,'Київ','Київ','Київська область','Київська область',50.449546,30.649562,50.449546,30.649562,'2021-08-06 00:00:00','2021-08-07 00:00:00',0,0,0,'готовий до роботи',0,'вулиця Академіка Бутлерова, 8, Київ, 02000','вулиця Академіка Бутлерова, 8, Київ, 02000'),(1650,65,'Київ','Херсон','Київська область','Херсонська область',50.449546,30.649562,46.635417,32.616867,'2021-08-18 00:01:00','2021-08-19 00:00:00',13000,645,20,'интеркабель, через Капитановка',0,'вулиця Академіка Бутлерова, 8, Київ, 02000','Херсон, Херсонська область, Україна'),(1651,21,'Вишневе','Одеса','Київська область','Одеська область',50.3919,30.368267,46.482526,30.7233095,'2021-08-19 00:01:00','2021-08-20 00:00:00',0,0,22,'продовження руху  украинская бумага, через Киев',2,'Вишневое, Київська область, Україна','Одесса, Одеська область, Україна'),(1652,43,'Мартусівка','Київ','Київська область','Київська область',50.3125183,30.8601791,50.44650799999999,30.6509906,'2021-08-17 00:01:00','2021-08-18 00:00:00',0,33,0,'  ',0,'Мартусовка, Київська область, Україна','улица Академика Бутлерова, Київ, Україна'),(1653,43,'Київ','Бурлача Балка','Київська область','Одеська область',50.44650799999999,30.6509906,46.3425607,30.6619673,'2021-08-18 00:01:00','2021-08-19 00:00:00',15000,543,27,'  , через Дачное',0,'улица Академика Бутлерова, Київ, Україна','Бурлачья Балка, Одеська область, Україна'),(1654,44,'Ужгород','Львів','Закарпатська область','Львівська область',48.6208,22.287883,49.839683,24.029717,'2021-08-18 00:01:00','2021-08-19 00:00:00',5000,310,16,'  , через Поляна',0,'Ужгород, Закарпатська область, Україна','Львів, Львівська область, Україна'),(1655,27,'Ужгород','Ужгород','Закарпатська область','Закарпатська область',48.6208,22.287883,48.6208,22.287883,'2021-08-18 00:01:00','2021-08-19 00:00:00',0,0,0,'очікування',1,'Ужгород, Закарпатська область, Україна','Ужгород, Закарпатська область, Україна'),(1656,48,'Одеса','Київ','Одеська область','Київська область',46.482526,30.7233095,50.44650799999999,30.6509906,'2021-08-18 00:01:00','2021-08-19 00:00:00',8500,602,14,'  , через Велика Димерка',0,'Одесса, Одеська область, Україна','улица Академика Бутлерова, Київ, Україна'),(1657,49,'Дніпро','Дніпро','Дніпропетровська область','Дніпропетровська область',48.464717,35.046183,48.464717,35.046183,'2021-08-18 00:01:00','2021-08-19 00:00:00',0,0,0,'очікування',1,'Днепр, Дніпропетровська область, Україна','Днепр, Дніпропетровська область, Україна'),(1658,65,'Херсон','Вишгород','Херсонська область','Київська область',46.635417,32.616867,50.5831258,30.4856784,'2021-08-19 00:01:00','2021-08-20 00:00:00',12000,617,19,'квалес',0,'Херсон, Херсонська область, Україна','Вишгород, Київська область, Україна'),(1659,45,'Мартусівка','Ладижин','Київська область','Вінницька область',50.3125183,30.8601791,48.6838051,29.2476274,'2021-08-19 00:01:00','2021-08-20 00:00:00',6500,379,17,'ккбк, через Обухов',0,'Мартусовка, Київська область, Україна','Ладижин, Вінницька область, Україна'),(1660,63,'Київ','Київ','Київська область','Київська область',50.449546,30.649562,50.449546,30.649562,'2021-08-18 00:01:00','2021-08-19 00:00:00',0,0,0,'очікування',1,'вулиця Академіка Бутлерова, 8, Київ, 02000','вулиця Академіка Бутлерова, 8, Київ, 02000'),(1661,39,'Кропивницький','Квітневе','Кіровоградська область','Київська область',48.50793300000001,32.262317,50.5334605,30.8446582,'2021-08-19 00:01:00','2021-08-20 00:00:00',8000,459,17,'зернари, через Александрия',0,'Кропивни&#769;цкий, Кіровоградська область, Україна','Квитневое, Київська область, Україна'),(1662,57,'Київ','Херсон','Київська область','Херсонська область',50.449546,30.649562,46.635417,32.616867,'2021-08-18 00:01:00','2021-08-19 00:00:00',1200,602,1,'тест',0,'вулиця Академіка Бутлерова, 8, Київ, 02000','Kherson, Херсонська область, Україна'),(1663,51,'Дніпро','Одеса','Дніпропетровська область','Одеська область',48.464717,35.046183,46.482526,30.7233095,'2021-08-19 00:01:00','2021-08-20 00:00:00',0,0,21,'продовження руху  дженерал',2,'Днепр, Дніпропетровська область, Україна','Одесса, Одеська область, Україна'),(1664,52,'Дніпро','Бурлача Балка','Дніпропетровська область','Одеська область',48.464717,35.046183,46.3425607,30.6619673,'2021-08-19 00:01:00','2021-08-20 00:00:00',0,0,18,'продовження руху  аквафрост через Днипро; Харьков',2,'Днипро, Дніпропетровська область, Україна','Бурлачья Балка, Одеська область, Україна'),(1665,19,'Обухів','Київ','Київська область','Київська область',50.109938,30.6298846,50.4479779,30.6516968,'2021-08-19 00:01:00','2021-08-20 00:00:00',0,51,0,'парк',0,'Обухов, Київська область, Україна','вулиця Академіка Бутлерова, 8, Київ, Україна'),(1666,37,'Київ','Київ','Київська область','Київська область',50.4501,30.5234,50.4479779,30.6516968,'2021-08-19 00:01:00','2021-08-20 00:00:00',0,15,0,'парк',0,'Киев, Україна','вулиця Академіка Бутлерова, 8, Київ, Україна'),(1667,53,'Маріуполь','Квітневе','Донецька область','Київська область',47.097133,37.543367,50.5334605,30.8446582,'2021-08-19 00:01:00','2021-08-20 00:00:00',0,0,12,'продовження руху  удк, через девик',2,'Мариуполь, Донецька область, Україна','Квітневе, Київська область, Україна'),(1669,63,'Київ','Київ','Київська область','Київська область',50.449546,30.649562,50.449546,30.649562,'2021-08-19 00:01:00','2021-08-20 00:00:00',0,0,0,'очікування',1,'вулиця Академіка Бутлерова, 8, Київ, 02000','вулиця Академіка Бутлерова, 8, Київ, 02000'),(1670,42,'Білогородка','Одеса','Київська область','Одеська область',50.393051,30.2342611,46.482526,30.7233095,'2021-08-19 00:01:00','2021-08-20 00:00:00',12000,559,21,'лт трейд, через Колонщина',0,'Белогородка, Київська область, Україна','Одесса, Одеська область, Україна'),(1671,38,'Хортиця','Полтава','Запорізька область','Полтавська область',47.84951399999999,35.015328,49.58826699999999,34.551417,'2021-08-19 00:01:00','2021-08-20 00:00:00',8500,279,30,'удк',0,'Хортица, Запорізька область, Україна','Полтава, Полтавська область, Україна'),(1673,53,'Квітневе','Квітневе','Київська область','Київська область',50.5334605,30.8446582,50.5334605,30.8446582,'2021-08-20 00:01:00','2021-08-21 00:00:00',0,0,0,'очікування',1,'Квітневе, Київська область, Україна','Квітневе, Київська область, Україна'),(1674,64,'Мартусівка','Дніпро','Київська область','Дніпропетровська область',50.3125183,30.8601791,48.464717,35.046183,'2021-08-20 00:01:00','2021-08-21 00:00:00',14500,614,23,'лт трейд, через Кривой Рог',0,'Мартусовка, Київська область, Україна','Днепр, Дніпропетровська область, Україна'),(1675,37,'Київ','Київ','Київська область','Київська область',50.4479779,30.6516968,50.4479779,30.6516968,'2021-08-20 00:01:00','2021-08-21 00:00:00',0,0,0,'очікування',1,'вулиця Академіка Бутлерова, 8, Київ, Україна','вулиця Академіка Бутлерова, 8, Київ, Україна'),(1678,33,'Львів','Дніпро','Львівська область','Дніпропетровська область',49.839683,24.029717,48.464717,35.046183,'2021-08-19 00:01:00','2021-08-20 00:00:00',0,0,16,'продовження руху    ',2,'Львов, Львівська область, Україна','Дніпро, Дніпропетровська область, Україна'),(1679,35,'Чернігів','Одеса','Чернігівська область','Одеська область',51.4982,31.28935,46.482526,30.7233095,'2021-08-19 00:01:00','2021-08-20 00:00:00',0,0,17,'продовження руху    ',2,'Чернігів, Чернігівська область, Україна','Одесса, Одеська область, Україна'),(1681,43,'Київ','Бурлача Балка','Київська область','Одеська область',50.44650799999999,30.6509906,46.3425607,30.6619673,'2021-08-19 00:01:00','2021-08-20 00:00:00',0,0,27,'продовження руху    , через Дачное',2,'улица Академика Бутлерова, Київ, Україна','Бурлачья Балка, Одеська область, Україна'),(1682,48,'Київ','Київ','Київська область','Київська область',50.44650799999999,30.6509906,50.44650799999999,30.6509906,'2021-08-19 00:01:00','2021-08-20 00:00:00',0,0,0,'очікування',1,'улица Академика Бутлерова, Київ, Україна','улица Академика Бутлерова, Київ, Україна'),(1684,19,'Київ','Київ','Київська область','Київська область',50.4479779,30.6516968,50.4479779,30.6516968,'2021-08-20 00:01:00','2021-08-21 00:00:00',0,0,0,'очікування',1,'вулиця Академіка Бутлерова, 8, Київ, Україна','вулиця Академіка Бутлерова, 8, Київ, Україна'),(1685,52,'Бурлача Балка','Харків','Одеська область','Харківська область',46.3425607,30.6619673,49.9935,36.230383,'2021-08-20 00:01:00','2021-08-21 00:00:00',16000,769,20,'удк, через девик',0,'Бурлачья Балка, Одеська область, Україна','Харьков, Харківська область, Україна'),(1686,49,'Дніпро','Київ','Дніпропетровська область','Київська область',48.464717,35.046183,50.44650799999999,30.6509906,'2021-08-19 00:01:00','2021-08-20 00:00:00',10500,518,20,'  , через Борисполь',0,'Днепр, Дніпропетровська область, Україна','улица Академика Бутлерова, Київ, Україна'),(1687,27,'Ужгород','Київ','Закарпатська область','Київська область',48.6208,22.287883,50.44650799999999,30.6509906,'2021-08-19 00:01:00','2021-08-20 00:00:00',11000,984,11,'   через Моршин; Красилівка',0,'Ужгород, Закарпатська область, Україна','улица Академика Бутлерова, Київ, Україна'),(1689,38,'Полтава','Копилів','Полтавська область','Київська область',49.58826699999999,34.551417,50.41023570000001,29.89076,'2021-08-20 00:01:00','2021-08-21 00:00:00',9000,427,21,'кернел',0,'Полтава, Полтавська область, Україна','Копилів, Київська область, Україна'),(1690,42,'Одеса','Київ','Одеська область','Київська область',46.482526,30.7233095,50.4501,30.5234,'2021-08-20 00:01:00','2021-08-21 00:00:00',9000,521,17,'удк',0,'Одесса, Одеська область, Україна','Киев, Україна'),(1691,17,'Львів','Львів','Львівська область','Львівська область',49.839683,24.029717,49.839683,24.029717,'2021-08-19 00:01:00','2021-08-20 00:00:00',0,0,0,'очікування',1,'Львов, Львівська область, Україна','Львов, Львівська область, Україна'),(1692,44,'Львів','Львів','Львівська область','Львівська область',49.839683,24.029717,49.839683,24.029717,'2021-08-19 00:01:00','2021-08-20 00:00:00',0,0,0,'очікування',1,'Львів, Львівська область, Україна','Львів, Львівська область, Україна'),(1693,24,'Запоріжжя','Суми','Запорізька область','Сумська область',47.8388,35.139567,50.9077,34.7981,'2021-08-19 00:01:00','2021-08-20 00:00:00',13000,510,25,'  , через Хортица',0,'Запорожье, Запорізька область, Україна','Сумы, Сумська область, Україна'),(1694,51,'Одеса','Хортиця','Одеська область','Запорізька область',46.482526,30.7233095,47.84951399999999,35.015328,'2021-08-20 00:01:00','2021-08-21 00:00:00',11500,512,22,'удк, через девик',0,'Одесса, Одеська область, Україна','Хортица, Запорізька область, Україна'),(1695,15,'Красилівка','Київ','Київська область','Київська область',50.52149370000001,30.9066286,50.44650799999999,30.6509906,'2021-08-19 00:01:00','2021-08-20 00:00:00',0,33,0,' ',0,'Красиловка, Київська область, Україна','улица Академика Бутлерова, Київ, Україна'),(1696,16,'Львів','Київ','Львівська область','Київська область',49.839683,24.029717,50.4501,30.5234,'2021-08-19 00:01:00','2021-08-20 00:00:00',9500,593,16,'Швидкий світ',0,'Львів, Львівська область, Україна','Киев, Україна'),(1697,22,'Кропивницький','Чайки','Кіровоградська область','Київська область',48.50793300000001,32.262317,50.4401629,30.2879474,'2021-08-19 00:01:00','2021-08-20 00:00:00',8000,525,15,'ЖЕФКО УКРАИНА, через Кременчуг',0,'Кропивни&#769;цкий, Кіровоградська область, Україна','Чайки, Київська область, Україна'),(1698,23,'Львів','Львів','Львівська область','Львівська область',49.839683,24.029717,49.839683,24.029717,'2021-08-19 00:01:00','2021-08-20 00:00:00',0,0,0,'очікування',1,'Львов, Львівська область, Україна','Львов, Львівська область, Україна'),(1699,25,'Слобожанське','Слобожанське','Дніпропетровська область','Дніпропетровська область',48.5340537,35.0734642,48.5340537,35.0734642,'2021-08-19 00:01:00','2021-08-20 00:00:00',0,0,0,'очікування',1,'Слобожанское, Дніпропетровська область, Україна','Слобожанское, Дніпропетровська область, Україна'),(1700,26,'Київ','Київ','Київська область','Київська область',50.44650799999999,30.6509906,50.44650799999999,30.6509906,'2021-08-19 00:01:00','2021-08-20 00:00:00',0,0,0,'очікування',1,'улица Академика Бутлерова, Київ, Україна','улица Академика Бутлерова, Київ, Україна'),(1701,28,'Щасливе','Щасливе','Київська область','Київська область',50.3760418,30.79903079999999,50.3760418,30.79903079999999,'2021-08-19 00:01:00','2021-08-20 00:00:00',0,0,0,'очікування',1,'Щасливе, Київська область, Україна','Щасливе, Київська область, Україна'),(1702,29,'Львів','Копилів','Львівська область','Київська область',49.839683,24.029717,50.41023570000001,29.89076,'2021-08-19 00:01:00','2021-08-20 00:00:00',8800,544,16,'Девик, через Малехів',0,'Львів, Львівська область, Україна','Копилів, Київська область, Україна'),(1703,30,'Київ','Київ','Київська область','Київська область',50.44650799999999,30.6509906,50.44650799999999,30.6509906,'2021-08-19 00:01:00','2021-08-20 00:00:00',0,0,0,'очікування',1,'улица Академика Бутлерова, Київ, Україна','улица Академика Бутлерова, Київ, Україна'),(1704,31,'Київ','Київ','Київська область','Київська область',50.44650799999999,30.6509906,50.44650799999999,30.6509906,'2021-08-19 00:01:00','2021-08-20 00:00:00',0,0,0,'очікування',1,'улица Академика Бутлерова, Київ, Україна','улица Академика Бутлерова, Київ, Україна'),(1705,32,'Київ','Київ','Київська область','Київська область',50.4501,30.5234,50.4501,30.5234,'2021-08-19 00:01:00','2021-08-20 00:00:00',0,0,0,'очікування',1,'Киев, Україна','Киев, Україна'),(1706,50,'Требухів','Бердянськ','Київська область','Запорізька область',50.4834365,30.8999478,46.7737707,36.8034779,'2021-08-19 00:01:00','2021-08-20 00:00:00',18500,829,22,'., через Мартусовка',0,'Требухов, Київська область, Україна','Бердянск, Запорізька область, Україна'),(1707,54,'Харків','Требухів','Харківська область','Київська область',49.9935,36.230383,50.4834365,30.8999478,'2021-08-19 00:01:00','2021-08-20 00:00:00',14200,747,19,'фруктус, через Днипро',0,'Харків, Харківська область, Україна','Требухов, Київська область, Україна'),(1708,46,'Запоріжжя','Івано-Франківськ','Запорізька область','Івано-Франківська область',47.8388,35.139567,48.922633,24.711117,'2021-08-19 00:01:00','2021-08-20 00:00:00',0,0,19,'продовження руху  продовження руху  удк',2,'Запорожье, Запорізька область, Україна','Ивано-Франковск, Івано-Франківська область, Україна'),(1710,40,'Львів','Львів','Львівська область','Львівська область',49.839683,24.029717,49.839683,24.029717,'2021-08-19 00:01:00','2021-08-20 00:00:00',0,0,0,'очікування',1,'Львов, Львівська область, Україна','Львов, Львівська область, Україна'),(1711,45,'Мартусівка','Ладижин','Київська область','Вінницька область',50.3125183,30.8601791,48.6838051,29.2476274,'2021-08-20 00:01:00','2021-08-21 00:00:00',0,0,17,'продовження руху  ккбк, через Обухов',2,'Мартусовка, Київська область, Україна','Ладижин, Вінницька область, Україна'),(1712,46,'Івано-Франківськ','Київ','Івано-Франківська область','Київська область',48.922633,24.711117,50.4501,30.5234,'2021-08-20 00:01:00','2021-08-21 00:00:00',11000,779,14,'ист, через Моршин',0,'Ивано-Франковск, Івано-Франківська область, Україна','Киев, Україна'),(1713,54,'Требухів','Миколаїв','Київська область','Миколаївська область',50.4834365,30.8999478,46.975033,31.994583,'2021-08-20 00:01:00','2021-08-21 00:00:00',10000,568,17,'дженерал, через Беспятное',0,'Требухов, Київська область, Україна','Николаев, Миколаївська область, Україна'),(1714,65,'Вишгород','Кривий Ріг','Київська область','Дніпропетровська область',50.5831258,30.4856784,47.910483,33.391783,'2021-08-20 00:01:00','2021-08-21 00:00:00',9600,510,18,'епіцентр, через Калинівка',0,'Вишгород, Київська область, Україна','Кривой Рог, Дніпропетровська область, Україна'),(1715,63,'Київ','Київ','Київська область','Київська область',50.449546,30.649562,50.449546,30.649562,'2021-08-20 00:01:00','2021-08-21 00:00:00',0,0,0,'очікування',1,'вулиця Академіка Бутлерова, 8, Київ, 02000','вулиця Академіка Бутлерова, 8, Київ, 02000'),(1716,45,'Ладижин','Одеса','Вінницька область','Одеська область',48.6838051,29.2476274,46.482526,30.7233095,'2021-08-21 00:01:00','2021-08-22 00:00:00',8333,385,21,'мхп',0,'Ладижин, Вінницька область, Україна','Одесса, Одеська область, Україна'),(1719,24,'Запоріжжя','Суми','Запорізька область','Сумська область',47.8388,35.139567,50.9077,34.7981,'2021-08-20 00:01:00','2021-08-21 00:00:00',0,0,25,'продовження руху    , через Хортица',2,'Запорожье, Запорізька область, Україна','Сумы, Сумська область, Україна'),(1720,27,'Ужгород','Київ','Закарпатська область','Київська область',48.6208,22.287883,50.44650799999999,30.6509906,'2021-08-20 00:01:00','2021-08-21 00:00:00',0,0,11,'продовження руху     через Моршин; Красилівка',2,'Ужгород, Закарпатська область, Україна','улица Академика Бутлерова, Київ, Україна'),(1721,33,'Дніпро','Копилів','Дніпропетровська область','Київська область',48.464717,35.046183,50.41023570000001,29.89076,'2021-08-20 00:01:00','2021-08-21 00:00:00',9500,579,16,'  ',0,'Дніпро, Дніпропетровська область, Україна','Копилів, Київська область, Україна'),(1722,33,'Копилів','Копилів','Київська область','Київська область',50.41023570000001,29.89076,50.41023570000001,29.89076,'2021-08-21 00:01:00','2021-08-22 00:00:00',0,0,0,'очікування',1,'Копилів, Київська область, Україна','Копилів, Київська область, Україна'),(1723,33,'Копилів','Одеса','Київська область','Одеська область',50.41023570000001,29.89076,46.482526,30.7233095,'2021-08-22 00:01:00','2021-08-23 00:00:00',12000,541,22,'  , через Колонщина',0,'Копилів, Київська область, Україна','Одесса, Одеська область, Україна'),(1725,35,'Одеса','Київ','Одеська область','Київська область',46.482526,30.7233095,50.44650799999999,30.6509906,'2021-08-20 00:01:00','2021-08-21 00:00:00',9000,657,13,'   через Копилів; Красиловка',0,'Одесса, Одеська область, Україна','улица Академика Бутлерова, Київ, Україна'),(1726,40,'Львів','Радомишль','Львівська область','Житомирська область',49.839683,24.029717,50.4965282,29.2337369,'2021-08-20 00:01:00','2021-08-21 00:00:00',8500,520,16,'  ',0,'Львов, Львівська область, Україна','Радомышль, Житомирська область, Україна'),(1727,40,'Радомишль','Радомишль','Житомирська область','Житомирська область',50.4965282,29.2337369,50.4965282,29.2337369,'2021-08-21 00:01:00','2021-08-22 00:00:00',0,0,0,'очікування',1,'Радомышль, Житомирська область, Україна','Радомышль, Житомирська область, Україна'),(1728,40,'Радомишль','Дніпро','Житомирська область','Дніпропетровська область',50.4965282,29.2337369,48.464717,35.046183,'2021-08-22 00:01:00','2021-08-23 00:00:00',14500,737,19,'   через Колонщина; Кривой Рог',0,'Радомышль, Житомирська область, Україна','Днепр, Дніпропетровська область, Україна'),(1729,15,'Київ','Васищеве','Київська область','Харківська область',50.44650799999999,30.6509906,49.8338541,36.3240107,'2021-08-20 00:01:00','2021-08-21 00:00:00',15516,566,27,'Оболонь, через Киев',0,'улица Академика Бутлерова, Київ, Україна','Васищево, Харківська область, Україна'),(1730,43,'Бурлача Балка','Дніпро','Одеська область','Дніпропетровська область',46.3425607,30.6619673,48.464717,35.046183,'2021-08-20 00:01:00','2021-08-21 00:00:00',11000,527,20,'  ',0,'Бурлачья Балка, Одеська область, Україна','Днипро, Дніпропетровська область, Україна'),(1731,16,'Київ','Київ','Київська область','Київська область',50.4501,30.5234,50.44650799999999,30.6509906,'2021-08-20 00:01:00','2021-08-21 00:00:00',0,15,0,'ПАРК РЕМОНТ',0,'Киев, Україна','улица Академика Бутлерова, Київ, Україна'),(1732,44,'Львів','Мартусівка','Львівська область','Київська область',49.839683,24.029717,50.3125183,30.8601791,'2021-08-20 00:01:00','2021-08-21 00:00:00',9500,645,14,'  , через Струтин',0,'Львів, Львівська область, Україна','Мартусовка, Київська область, Україна'),(1734,44,'Мартусівка','Нікополь','Київська область','Дніпропетровська область',50.3125183,30.8601791,47.56746,34.394815,'2021-08-21 00:01:00','2021-08-22 00:00:00',12744,637,20,'  , через Оболонь',0,'Мартусовка, Київська область, Україна','Никополь, Дніпропетровська область, Україна'),(1735,48,'Київ','Київ','Київська область','Київська область',50.44650799999999,30.6509906,50.44650799999999,30.6509906,'2021-08-20 00:01:00','2021-08-21 00:00:00',0,0,0,'очікування',1,'улица Академика Бутлерова, Київ, Україна','улица Академика Бутлерова, Київ, Україна'),(1736,48,'Київ','Київ','Київська область','Київська область',50.44650799999999,30.6509906,50.44650799999999,30.6509906,'2021-08-21 00:01:00','2021-08-22 00:00:00',0,0,0,'очікування',1,'улица Академика Бутлерова, Київ, Україна','улица Академика Бутлерова, Київ, Україна'),(1737,49,'Київ','Київ','Київська область','Київська область',50.44650799999999,30.6509906,50.44650799999999,30.6509906,'2021-08-20 00:01:00','2021-08-21 00:00:00',0,0,0,'очікування',1,'улица Академика Бутлерова, Київ, Україна','улица Академика Бутлерова, Київ, Україна'),(1738,32,'Київ','Київ','Київська область','Київська область',50.4501,30.5234,50.4501,30.5234,'2021-08-20 00:01:00','2021-08-21 00:00:00',0,0,0,'очікування',1,'Киев, Україна','Киев, Україна'),(1739,31,'Київ','Київ','Київська область','Київська область',50.44650799999999,30.6509906,50.44650799999999,30.6509906,'2021-08-20 00:01:00','2021-08-21 00:00:00',0,0,0,'очікування',1,'улица Академика Бутлерова, Київ, Україна','улица Академика Бутлерова, Київ, Україна'),(1740,30,'Київ','Київ','Київська область','Київська область',50.44650799999999,30.6509906,50.44650799999999,30.6509906,'2021-08-20 00:01:00','2021-08-21 00:00:00',0,0,0,'очікування',1,'улица Академика Бутлерова, Київ, Україна','улица Академика Бутлерова, Київ, Україна'),(1741,29,'Копилів','Київ','Київська область','Київська область',50.41023570000001,29.89076,50.44650799999999,30.6509906,'2021-08-20 00:01:00','2021-08-21 00:00:00',0,69,0,' ',0,'Копилів, Київська область, Україна','улица Академика Бутлерова, Київ, Україна'),(1742,28,'Щасливе','Щасливе','Київська область','Київська область',50.3760418,30.79903079999999,50.3760418,30.79903079999999,'2021-08-20 00:01:00','2021-08-21 00:00:00',0,0,0,'очікування',1,'Щасливе, Київська область, Україна','Щасливе, Київська область, Україна'),(1743,26,'Київ','Київ','Київська область','Київська область',50.44650799999999,30.6509906,50.44650799999999,30.6509906,'2021-08-20 00:01:00','2021-08-21 00:00:00',0,0,0,'очікування',1,'улица Академика Бутлерова, Київ, Україна','улица Академика Бутлерова, Київ, Україна'),(1744,25,'Слобожанське','Гостомель','Дніпропетровська область','Київська область',48.5340537,35.0734642,50.579141,30.2150743,'2021-08-20 00:01:00','2021-08-21 00:00:00',10500,649,16,'Елемент Украина, через Васильевка',0,'Слобожанское, Дніпропетровська область, Україна','Гостомель, Київська область, Україна'),(1745,66,'Київ','Київ','Київська область','Київська область',50.449546,30.649562,50.449546,30.649562,'2021-08-08 00:00:00','2021-08-09 00:00:00',0,0,0,'готовий до роботи',0,'вулиця Академіка Бутлерова, 8, Київ, 02000','вулиця Академіка Бутлерова, 8, Київ, 02000'),(1752,49,'Київ','Київ','Київська область','Київська область',50.44650799999999,30.6509906,50.44650799999999,30.6509906,'2021-08-21 00:01:00','2021-08-22 00:00:00',0,0,0,'очікування',1,'улица Академика Бутлерова, Київ, Україна','улица Академика Бутлерова, Київ, Україна'),(1753,23,'Львів','Львів','Львівська область','Львівська область',49.839683,24.029717,49.839683,24.029717,'2021-08-20 00:01:00','2021-08-21 00:00:00',0,0,0,'очікування',1,'Львов, Львівська область, Україна','Львов, Львівська область, Україна'),(1754,66,'Київ','Дніпро','Київська область','Дніпропетровська область',50.449546,30.649562,48.464717,35.046183,'2021-08-19 00:01:00','2021-08-20 00:00:00',13668,524,26,'  ',0,'вулиця Академіка Бутлерова, 8, Київ, 02000','Днепр, Дніпропетровська область, Україна'),(1755,23,'Львів','Квітневе','Львівська область','Київська область',49.839683,24.029717,50.5334605,30.8446582,'2021-08-21 00:01:00','2021-08-22 00:00:00',9000,627,14,'Смарт Лоджистик, через Малехів',0,'Львов, Львівська область, Україна','Квитневое, Київська область, Україна'),(1756,66,'Дніпро','Малехів','Дніпропетровська область','Львівська область',48.464717,35.046183,49.88124810000001,24.0767156,'2021-08-20 00:01:00','2021-08-21 00:00:00',21000,1111,18,'  , через Ровно',0,'Днепр, Дніпропетровська область, Україна','Малехів, Львівська область, Україна'),(1759,43,'Бурлача Балка','Дніпро','Одеська область','Дніпропетровська область',46.3425607,30.6619673,48.464717,35.046183,'2021-08-21 00:01:00','2021-08-22 00:00:00',0,0,20,'продовження руху    ',2,'Бурлачья Балка, Одеська область, Україна','Днипро, Дніпропетровська область, Україна'),(1760,43,'Бурлача Балка','Дніпро','Одеська область','Дніпропетровська область',46.3425607,30.6619673,48.464717,35.046183,'2021-08-22 00:01:00','2021-08-23 00:00:00',0,0,20,'продовження руху  продовження руху    ',2,'Бурлачья Балка, Одеська область, Україна','Днипро, Дніпропетровська область, Україна'),(1761,43,'Дніпро','Львів','Дніпропетровська область','Львівська область',48.464717,35.046183,49.839683,24.029717,'2021-08-23 00:01:00','2021-08-24 00:00:00',19500,1172,16,'  , через Покров',0,'Днипро, Дніпропетровська область, Україна','Львов, Львівська область, Україна'),(1762,50,'Бердянськ','Квітневе','Запорізька область','Київська область',46.7737707,36.8034779,50.5334605,30.8446582,'2021-08-20 00:01:00','2021-08-21 00:00:00',11000,827,13,'удк, через девик, через Хортица',0,'Бердянск, Запорізька область, Україна','Квитневое, Київська область, Україна'),(1763,65,'Кривий Ріг','Кривий Ріг','Дніпропетровська область','Дніпропетровська область',47.910483,33.391783,47.910483,33.391783,'2021-08-21 00:01:00','2021-08-22 00:00:00',0,0,0,'очікування',1,'Кривой Рог, Дніпропетровська область, Україна','Кривой Рог, Дніпропетровська область, Україна'),(1764,65,'Кривий Ріг','Кривий Ріг','Дніпропетровська область','Дніпропетровська область',47.910483,33.391783,47.910483,33.391783,'2021-08-22 00:01:00','2021-08-23 00:00:00',0,0,0,'очікування',1,'Кривой Рог, Дніпропетровська область, Україна','Кривой Рог, Дніпропетровська область, Україна'),(1765,65,'Кривий Ріг','Кривий Ріг','Дніпропетровська область','Дніпропетровська область',47.910483,33.391783,47.910483,33.391783,'2021-08-23 00:01:00','2021-08-24 00:00:00',0,0,0,'очікування',1,'Кривой Рог, Дніпропетровська область, Україна','Кривой Рог, Дніпропетровська область, Україна'),(1766,65,'Кривий Ріг','Кривий Ріг','Дніпропетровська область','Дніпропетровська область',47.910483,33.391783,47.910483,33.391783,'2021-08-24 00:01:00','2021-08-25 00:00:00',0,0,0,'очікування',1,'Кривой Рог, Дніпропетровська область, Україна','Кривой Рог, Дніпропетровська область, Україна'),(1767,42,'Київ','Київ','Київська область','Київська область',50.4501,30.5234,50.4501,30.5234,'2021-08-21 00:01:00','2021-08-22 00:00:00',0,0,0,'очікування',1,'Киев, Україна','Киев, Україна'),(1768,42,'Київ','Київ','Київська область','Київська область',50.4501,30.5234,50.4501,30.5234,'2021-08-22 00:01:00','2021-08-23 00:00:00',0,0,0,'очікування',1,'Киев, Україна','Киев, Україна'),(1769,42,'Київ','Київ','Київська область','Київська область',50.4501,30.5234,50.4501,30.5234,'2021-08-23 00:01:00','2021-08-24 00:00:00',0,0,0,'продовження руху  очікування',2,'Киев, Україна','Киев, Україна'),(1770,46,'Київ','Дніпро','Київська область','Дніпропетровська область',50.4501,30.5234,48.464717,35.046183,'2021-08-21 00:01:00','2021-08-22 00:00:00',14000,526,26,'оболонь',0,'Киев, Україна','Днипро, Дніпропетровська область, Україна'),(1771,21,'Одеса','Мукачево','Одеська область','Закарпатська область',46.482526,30.7233095,48.4493055,22.7117106,'2021-08-20 00:01:00','2021-08-21 00:00:00',26000,1131,22,'удк, через Львів',0,'Одесса, Одеська область, Україна','Мукачево, Закарпатська область, Україна'),(1772,54,'Миколаїв','Софіївська Борщагівка','Миколаївська область','Київська область',46.975033,31.994583,50.4087581,30.3585153,'2021-08-21 00:01:00','2021-08-22 00:00:00',10000,525,19,'глобал юг',0,'Николаев, Миколаївська область, Україна','Софиевская Борщаговка, Київська область, Україна'),(1773,53,'Квітневе','Миколаїв','Київська область','Миколаївська область',50.5334605,30.8446582,46.975033,31.994583,'2021-08-24 00:01:00','2021-08-25 00:00:00',10300,549,18,'дженерал',0,'Квітневе, Київська область, Україна','Николаев, Миколаївська область, Україна'),(1774,53,'Квітневе','Квітневе','Київська область','Київська область',50.5334605,30.8446582,50.5334605,30.8446582,'2021-08-21 00:01:00','2021-08-22 00:00:00',0,0,0,'очікування',1,'Квітневе, Київська область, Україна','Квітневе, Київська область, Україна'),(1775,53,'Квітневе','Квітневе','Київська область','Київська область',50.5334605,30.8446582,50.5334605,30.8446582,'2021-08-22 00:01:00','2021-08-23 00:00:00',0,0,0,'очікування',1,'Квітневе, Київська область, Україна','Квітневе, Київська область, Україна'),(1776,53,'Квітневе','Квітневе','Київська область','Київська область',50.5334605,30.8446582,50.5334605,30.8446582,'2021-08-23 00:01:00','2021-08-24 00:00:00',0,0,0,'очікування',1,'Квітневе, Київська область, Україна','Квітневе, Київська область, Україна'),(1777,51,'Хортиця','Київ','Запорізька область','Київська область',47.84951399999999,35.015328,50.4501,30.5234,'2021-08-21 00:01:00','2021-08-22 00:00:00',11000,603,18,'удк, через девик',0,'Хортица, Запорізька область, Україна','Киев, Україна'),(1780,50,'Бердянськ','Квітневе','Запорізька область','Київська область',46.7737707,36.8034779,50.5334605,30.8446582,'2021-08-21 00:01:00','2021-08-22 00:00:00',0,0,13,'продовження руху  удк, через девик, через Хортица',2,'Бердянск, Запорізька область, Україна','Квитневое, Київська область, Україна'),(1781,50,'Квітневе','Квітневе','Київська область','Київська область',50.5334605,30.8446582,50.5334605,30.8446582,'2021-08-22 00:01:00','2021-08-23 00:00:00',0,0,0,'очікування',1,'Квитневое, Київська область, Україна','Квитневое, Київська область, Україна'),(1782,19,'Київ','Київ','Київська область','Київська область',50.4479779,30.6516968,50.4479779,30.6516968,'2021-08-21 00:01:00','2021-08-22 00:00:00',0,0,0,'очікування',1,'вулиця Академіка Бутлерова, 8, Київ, Україна','вулиця Академіка Бутлерова, 8, Київ, Україна'),(1783,19,'Київ','Київ','Київська область','Київська область',50.4479779,30.6516968,50.4479779,30.6516968,'2021-08-22 00:01:00','2021-08-23 00:00:00',0,0,0,'очікування',1,'вулиця Академіка Бутлерова, 8, Київ, Україна','вулиця Академіка Бутлерова, 8, Київ, Україна'),(1784,19,'Київ','Київ','Київська область','Київська область',50.4479779,30.6516968,50.4479779,30.6516968,'2021-08-23 00:01:00','2021-08-24 00:00:00',0,0,0,'очікування',1,'вулиця Академіка Бутлерова, 8, Київ, Україна','вулиця Академіка Бутлерова, 8, Київ, Україна'),(1785,19,'Київ','Київ','Київська область','Київська область',50.4479779,30.6516968,50.4479779,30.6516968,'2021-08-24 00:01:00','2021-08-25 00:00:00',0,0,0,'очікування',1,'вулиця Академіка Бутлерова, 8, Київ, Україна','вулиця Академіка Бутлерова, 8, Київ, Україна'),(1786,37,'Київ','Київ','Київська область','Київська область',50.4479779,30.6516968,50.4479779,30.6516968,'2021-08-21 00:01:00','2021-08-22 00:00:00',0,0,0,'очікування',1,'вулиця Академіка Бутлерова, 8, Київ, Україна','вулиця Академіка Бутлерова, 8, Київ, Україна'),(1787,37,'Київ','Київ','Київська область','Київська область',50.4479779,30.6516968,50.4479779,30.6516968,'2021-08-22 00:01:00','2021-08-23 00:00:00',0,0,0,'очікування',1,'вулиця Академіка Бутлерова, 8, Київ, Україна','вулиця Академіка Бутлерова, 8, Київ, Україна'),(1788,37,'Київ','Київ','Київська область','Київська область',50.4479779,30.6516968,50.4479779,30.6516968,'2021-08-23 00:01:00','2021-08-24 00:00:00',0,0,0,'очікування',1,'вулиця Академіка Бутлерова, 8, Київ, Україна','вулиця Академіка Бутлерова, 8, Київ, Україна'),(1789,37,'Київ','Київ','Київська область','Київська область',50.4479779,30.6516968,50.4479779,30.6516968,'2021-08-24 00:01:00','2021-08-25 00:00:00',0,0,0,'очікування',1,'вулиця Академіка Бутлерова, 8, Київ, Україна','вулиця Академіка Бутлерова, 8, Київ, Україна'),(1790,42,'Київ','Київ','Київська область','Київська область',50.4501,30.5234,50.4501,30.5234,'2021-08-24 00:01:00','2021-08-25 00:00:00',0,0,0,'очікування',1,'Киев, Україна','Киев, Україна'),(1791,52,'Бурлача Балка','Харків','Одеська область','Харківська область',46.3425607,30.6619673,49.9935,36.230383,'2021-08-21 00:01:00','2021-08-22 00:00:00',0,0,20,'продовження руху  удк, через девик',2,'Бурлачья Балка, Одеська область, Україна','Харьков, Харківська область, Україна'),(1792,52,'Бурлача Балка','Харків','Одеська область','Харківська область',46.3425607,30.6619673,49.9935,36.230383,'2021-08-22 00:01:00','2021-08-23 00:00:00',0,0,20,'продовження руху  продовження руху  удк, через девик',2,'Бурлачья Балка, Одеська область, Україна','Харьков, Харківська область, Україна'),(1793,38,'Полтава','Копилів','Полтавська область','Київська область',49.58826699999999,34.551417,50.41023570000001,29.89076,'2021-08-21 00:01:00','2021-08-22 00:00:00',0,0,21,'продовження руху  кернел',2,'Полтава, Полтавська область, Україна','Копилів, Київська область, Україна'),(1794,38,'Копилів','Копилів','Київська область','Київська область',50.41023570000001,29.89076,50.41023570000001,29.89076,'2021-08-22 00:01:00','2021-08-23 00:00:00',0,0,0,'очікування',1,'Копилів, Київська область, Україна','Копилів, Київська область, Україна'),(1795,21,'Одеса','Мукачево','Одеська область','Закарпатська область',46.482526,30.7233095,48.4493055,22.7117106,'2021-08-21 00:01:00','2021-08-22 00:00:00',0,0,22,'продовження руху  удк, через Львів',2,'Одесса, Одеська область, Україна','Мукачево, Закарпатська область, Україна'),(1796,21,'Одеса','Мукачево','Одеська область','Закарпатська область',46.482526,30.7233095,48.4493055,22.7117106,'2021-08-22 00:01:00','2021-08-23 00:00:00',0,0,22,'продовження руху  продовження руху  удк, через Львів',2,'Одесса, Одеська область, Україна','Мукачево, Закарпатська область, Україна'),(1797,21,'Одеса','Мукачево','Одеська область','Закарпатська область',46.482526,30.7233095,48.4493055,22.7117106,'2021-08-23 00:01:00','2021-08-24 00:00:00',0,0,22,'продовження руху  продовження руху  продовження руху  удк, через Львів',2,'Одесса, Одеська область, Україна','Мукачево, Закарпатська область, Україна'),(1798,38,'Копилів','Миколаїв','Київська область','Миколаївська область',50.41023570000001,29.89076,46.975033,31.994583,'2021-08-23 00:01:00','2021-08-24 00:00:00',11000,621,17,'биола через вулиця Академіка Бутлерова; вулиця Михайла Донця',0,'Копилів, Київська область, Україна','Николаев, Миколаївська область, Україна'),(1799,46,'Київ','Дніпро','Київська область','Дніпропетровська область',50.4501,30.5234,48.464717,35.046183,'2021-08-22 00:01:00','2021-08-23 00:00:00',0,0,26,'продовження руху  оболонь',2,'Киев, Україна','Днипро, Дніпропетровська область, Україна'),(1800,54,'Миколаїв','Софіївська Борщагівка','Миколаївська область','Київська область',46.975033,31.994583,50.4087581,30.3585153,'2021-08-22 00:01:00','2021-08-23 00:00:00',0,0,19,'продовження руху  глобал юг',2,'Николаев, Миколаївська область, Україна','Софиевская Борщаговка, Київська область, Україна'),(1802,54,'Софіївська Борщагівка','Одеса','Київська область','Одеська область',50.4087581,30.3585153,46.482526,30.7233095,'2021-08-23 00:01:00','2021-08-24 00:00:00',12000,569,21,'лт трейд, через Колонщина',0,'Софиевская Борщаговка, Київська область, Україна','Одесса, Одеська область, Україна'),(1803,64,'Дніпро','Дніпро','Дніпропетровська область','Дніпропетровська область',48.464717,35.046183,48.464717,35.046183,'2021-08-21 00:01:00','2021-08-22 00:00:00',0,0,0,'очікування',1,'Днепр, Дніпропетровська область, Україна','Днепр, Дніпропетровська область, Україна'),(1804,64,'Дніпро','Дніпро','Дніпропетровська область','Дніпропетровська область',48.464717,35.046183,48.464717,35.046183,'2021-08-22 00:01:00','2021-08-23 00:00:00',0,0,0,'очікування',1,'Днепр, Дніпропетровська область, Україна','Днепр, Дніпропетровська область, Україна'),(1805,64,'Дніпро','Дніпро','Дніпропетровська область','Дніпропетровська область',48.464717,35.046183,48.464717,35.046183,'2021-08-23 00:01:00','2021-08-24 00:00:00',0,0,0,'очікування',1,'Днепр, Дніпропетровська область, Україна','Днепр, Дніпропетровська область, Україна'),(1806,64,'Дніпро','Дніпро','Дніпропетровська область','Дніпропетровська область',48.464717,35.046183,48.464717,35.046183,'2021-08-24 00:01:00','2021-08-25 00:00:00',0,0,0,'очікування',1,'Днепр, Дніпропетровська область, Україна','Днепр, Дніпропетровська область, Україна'),(1807,63,'Київ','Київ','Київська область','Київська область',50.449546,30.649562,50.449546,30.649562,'2021-08-21 00:01:00','2021-08-22 00:00:00',0,0,0,'очікування',1,'вулиця Академіка Бутлерова, 8, Київ, 02000','вулиця Академіка Бутлерова, 8, Київ, 02000'),(1808,63,'Київ','Київ','Київська область','Київська область',50.449546,30.649562,50.449546,30.649562,'2021-08-22 00:01:00','2021-08-23 00:00:00',0,0,0,'очікування',1,'вулиця Академіка Бутлерова, 8, Київ, 02000','вулиця Академіка Бутлерова, 8, Київ, 02000'),(1809,63,'Київ','Київ','Київська область','Київська область',50.449546,30.649562,50.449546,30.649562,'2021-08-23 00:01:00','2021-08-24 00:00:00',0,0,0,'очікування',1,'вулиця Академіка Бутлерова, 8, Київ, 02000','вулиця Академіка Бутлерова, 8, Київ, 02000'),(1810,63,'Київ','Київ','Київська область','Київська область',50.449546,30.649562,50.449546,30.649562,'2021-08-24 00:01:00','2021-08-25 00:00:00',0,0,0,'очікування',1,'вулиця Академіка Бутлерова, 8, Київ, 02000','вулиця Академіка Бутлерова, 8, Київ, 02000'),(1812,32,'Київ','Київ','Київська область','Київська область',50.4501,30.5234,50.4501,30.5234,'2021-08-21 00:01:00','2021-08-22 00:00:00',0,0,0,'очікування',1,'Киев, Україна','Киев, Україна'),(1813,32,'Київ','Київ','Київська область','Київська область',50.4501,30.5234,50.4501,30.5234,'2021-08-22 00:01:00','2021-08-23 00:00:00',0,0,0,'очікування',1,'Киев, Україна','Киев, Україна'),(1814,31,'Київ','Київ','Київська область','Київська область',50.44650799999999,30.6509906,50.44650799999999,30.6509906,'2021-08-21 00:01:00','2021-08-22 00:00:00',0,0,0,'очікування',1,'улица Академика Бутлерова, Київ, Україна','улица Академика Бутлерова, Київ, Україна'),(1815,31,'Київ','Київ','Київська область','Київська область',50.44650799999999,30.6509906,50.44650799999999,30.6509906,'2021-08-22 00:01:00','2021-08-23 00:00:00',0,0,0,'очікування',1,'улица Академика Бутлерова, Київ, Україна','улица Академика Бутлерова, Київ, Україна'),(1816,31,'Київ','Київ','Київська область','Київська область',50.44650799999999,30.6509906,50.44650799999999,30.6509906,'2021-08-23 00:01:00','2021-08-24 00:00:00',0,0,0,'очікування',1,'улица Академика Бутлерова, Київ, Україна','улица Академика Бутлерова, Київ, Україна'),(1817,32,'Київ','Київ','Київська область','Київська область',50.4501,30.5234,50.4501,30.5234,'2021-08-23 00:01:00','2021-08-24 00:00:00',0,0,0,'очікування',1,'Киев, Україна','Киев, Україна'),(1818,16,'Київ','Київ','Київська область','Київська область',50.44650799999999,30.6509906,50.44650799999999,30.6509906,'2021-08-21 00:01:00','2021-08-22 00:00:00',0,0,0,'очікування',1,'улица Академика Бутлерова, Київ, Україна','улица Академика Бутлерова, Київ, Україна'),(1819,16,'Київ','Київ','Київська область','Київська область',50.44650799999999,30.6509906,50.44650799999999,30.6509906,'2021-08-22 00:01:00','2021-08-23 00:00:00',0,0,0,'очікування',1,'улица Академика Бутлерова, Київ, Україна','улица Академика Бутлерова, Київ, Україна'),(1820,16,'Київ','Київ','Київська область','Київська область',50.44650799999999,30.6509906,50.44650799999999,30.6509906,'2021-08-23 00:01:00','2021-08-24 00:00:00',0,0,0,'очікування',1,'улица Академика Бутлерова, Київ, Україна','улица Академика Бутлерова, Київ, Україна'),(1821,16,'Київ','Київ','Київська область','Київська область',50.44650799999999,30.6509906,50.44650799999999,30.6509906,'2021-08-24 00:01:00','2021-08-25 00:00:00',0,0,0,'очікування',1,'улица Академика Бутлерова, Київ, Україна','улица Академика Бутлерова, Київ, Україна'),(1825,25,'Гостомель','Київ','Київська область','Київська область',50.579141,30.2150743,50.44650799999999,30.6509906,'2021-08-21 00:01:00','2021-08-22 00:00:00',0,47,0,' ',0,'Гостомель, Київська область, Україна','улица Академика Бутлерова, Київ, Україна'),(1827,26,'Київ','Київ','Київська область','Київська область',50.44650799999999,30.6509906,50.44650799999999,30.6509906,'2021-08-21 00:01:00','2021-08-22 00:00:00',0,0,0,'очікування',1,'улица Академика Бутлерова, Київ, Україна','улица Академика Бутлерова, Київ, Україна'),(1828,26,'Київ','Київ','Київська область','Київська область',50.44650799999999,30.6509906,50.44650799999999,30.6509906,'2021-08-22 00:01:00','2021-08-23 00:00:00',0,0,0,'очікування',1,'улица Академика Бутлерова, Київ, Україна','улица Академика Бутлерова, Київ, Україна'),(1829,26,'Київ','Київ','Київська область','Київська область',50.44650799999999,30.6509906,50.44650799999999,30.6509906,'2021-08-23 00:01:00','2021-08-24 00:00:00',0,0,0,'очікування',1,'улица Академика Бутлерова, Київ, Україна','улица Академика Бутлерова, Київ, Україна'),(1830,28,'Щасливе','Щасливе','Київська область','Київська область',50.3760418,30.79903079999999,50.3760418,30.79903079999999,'2021-08-21 00:01:00','2021-08-22 00:00:00',0,0,0,'очікування',1,'Щасливе, Київська область, Україна','Щасливе, Київська область, Україна'),(1831,28,'Щасливе','Щасливе','Київська область','Київська область',50.3760418,30.79903079999999,50.3760418,30.79903079999999,'2021-08-22 00:01:00','2021-08-23 00:00:00',0,0,0,'очікування',1,'Щасливе, Київська область, Україна','Щасливе, Київська область, Україна'),(1832,29,'Київ','Київ','Київська область','Київська область',50.44650799999999,30.6509906,50.44650799999999,30.6509906,'2021-08-21 00:01:00','2021-08-22 00:00:00',0,0,0,'очікування',1,'улица Академика Бутлерова, Київ, Україна','улица Академика Бутлерова, Київ, Україна'),(1833,29,'Київ','Київ','Київська область','Київська область',50.44650799999999,30.6509906,50.44650799999999,30.6509906,'2021-08-22 00:01:00','2021-08-23 00:00:00',0,0,0,'очікування',1,'улица Академика Бутлерова, Київ, Україна','улица Академика Бутлерова, Київ, Україна'),(1834,30,'Київ','Київ','Київська область','Київська область',50.44650799999999,30.6509906,50.44650799999999,30.6509906,'2021-08-21 00:01:00','2021-08-22 00:00:00',0,0,0,'очікування',1,'улица Академика Бутлерова, Київ, Україна','улица Академика Бутлерова, Київ, Україна'),(1835,30,'Київ','Київ','Київська область','Київська область',50.44650799999999,30.6509906,50.44650799999999,30.6509906,'2021-08-22 00:01:00','2021-08-23 00:00:00',0,0,0,'очікування',1,'улица Академика Бутлерова, Київ, Україна','улица Академика Бутлерова, Київ, Україна'),(1836,30,'Київ','Київ','Київська область','Київська область',50.44650799999999,30.6509906,50.44650799999999,30.6509906,'2021-08-23 00:01:00','2021-08-24 00:00:00',0,0,0,'очікування',1,'улица Академика Бутлерова, Київ, Україна','улица Академика Бутлерова, Київ, Україна'),(1837,29,'Київ','Київ','Київська область','Київська область',50.44650799999999,30.6509906,50.44650799999999,30.6509906,'2021-08-23 00:01:00','2021-08-24 00:00:00',0,0,0,'очікування',1,'улица Академика Бутлерова, Київ, Україна','улица Академика Бутлерова, Київ, Україна'),(1838,17,'Львів','Київ','Львівська область','Київська область',49.839683,24.029717,50.4501,30.5234,'2021-08-20 00:01:00','2021-08-21 00:00:00',9250,593,15,'  ',0,'Львов, Львівська область, Україна','Киев, Україна'),(1844,21,'Мукачево','Київ','Закарпатська область','Київська область',48.4493055,22.7117106,50.4501,30.5234,'2021-08-24 00:01:00','2021-08-25 00:00:00',11000,867,12,'ист, через Моршин',0,'Мукачево, Закарпатська область, Україна','Киев, Україна'),(1845,51,'Хортиця','Київ','Запорізька область','Київська область',47.84951399999999,35.015328,50.4501,30.5234,'2021-08-22 00:01:00','2021-08-23 00:00:00',0,0,18,'продовження руху  удк, через девик',2,'Хортица, Запорізька область, Україна','Киев, Україна'),(1846,22,'Чайки','Одеса','Київська область','Одеська область',50.4401629,30.2879474,46.482526,30.7233095,'2021-08-20 00:01:00','2021-08-21 00:00:00',12000,623,19,'ЛТТрейд через улица Академика Бутлерова; Колонщина',0,'Чайки, Київська область, Україна','Одесса, Одеська область, Україна'),(1848,19,'Київ','Київ','Київська область','Київська область',50.4479779,30.6516968,50.4479779,30.6516968,'2021-08-25 00:01:00','2021-08-26 00:00:00',0,0,0,'очікування',1,'вулиця Академіка Бутлерова, 8, Київ, Україна','вулиця Академіка Бутлерова, 8, Київ, Україна'),(1849,21,'Київ','Київ','Київська область','Київська область',50.4501,30.5234,50.4501,30.5234,'2021-08-25 00:01:00','2021-08-26 00:00:00',0,0,0,'очікування',1,'Киев, Україна','Киев, Україна'),(1850,37,'Київ','Київ','Київська область','Київська область',50.4479779,30.6516968,50.4479779,30.6516968,'2021-08-25 00:01:00','2021-08-26 00:00:00',0,0,0,'очікування',1,'вулиця Академіка Бутлерова, 8, Київ, Україна','вулиця Академіка Бутлерова, 8, Київ, Україна'),(1851,52,'Харків','Красилівка','Харківська область','Київська область',49.9935,36.230383,50.52149370000001,30.9066286,'2021-08-23 00:01:00','2021-08-24 00:00:00',12000,613,19,'изумруд, через Майбородовка',0,'Харьков, Харківська область, Україна','Красиловка, Київська область, Україна'),(1852,38,'Миколаїв','Чернігів','Миколаївська область','Чернігівська область',46.975033,31.994583,51.4982,31.28935,'2021-08-24 00:01:00','2021-08-25 00:00:00',14000,671,20,'глобал юг',0,'Николаев, Миколаївська область, Україна','Чернигов, Чернігівська область, Україна'),(1853,54,'Одеса','Харків','Одеська область','Харківська область',46.482526,30.7233095,49.9935,36.230383,'2021-08-24 00:01:00','2021-08-25 00:00:00',18000,745,24,'аквафрост',0,'Одесса, Одеська область, Україна','Харьков, Харківська область, Україна'),(1854,64,'Дніпро','Хортиця','Дніпропетровська область','Запорізька область',48.464717,35.046183,47.84951399999999,35.015328,'2021-08-25 00:01:00','2021-08-26 00:00:00',6000,297,20,'удк, через Вольногорск',0,'Днепр, Дніпропетровська область, Україна','Хортица, Запорізька область, Україна'),(1855,65,'Кривий Ріг','Кривий Ріг','Дніпропетровська область','Дніпропетровська область',47.910483,33.391783,47.910483,33.391783,'2021-08-25 00:01:00','2021-08-26 00:00:00',0,0,0,'очікування',1,'Кривой Рог, Дніпропетровська область, Україна','Кривой Рог, Дніпропетровська область, Україна'),(1856,53,'Миколаїв','Щасливе','Миколаївська область','Київська область',46.975033,31.994583,50.3760418,30.79903079999999,'2021-08-25 00:01:00','2021-08-26 00:00:00',10000,529,18,'глобал юг',0,'Николаев, Миколаївська область, Україна','Щасливе, Київська область, Україна'),(1857,51,'Київ','Дніпро','Київська область','Дніпропетровська область',50.4501,30.5234,48.464717,35.046183,'2021-08-23 00:01:00','2021-08-24 00:00:00',16000,767,20,'фруктус нобилис, через Харьков',0,'Киев, Україна','Днепр, Дніпропетровська область, Україна'),(1858,45,'Одеса','Львів','Одеська область','Львівська область',46.482526,30.7233095,49.839683,24.029717,'2021-08-22 00:01:00','2021-08-23 00:00:00',20000,1118,17,'аквафрост через Хмельницький; Чернівці; Снятин',0,'Одесса, Одеська область, Україна','Львів, Львівська область, Україна'),(1859,52,'Красилівка','Бурлача Балка','Київська область','Одеська область',50.52149370000001,30.9066286,46.3425607,30.6619673,'2021-08-25 00:01:00','2021-08-26 00:00:00',14000,738,18,'аквафрост через вулиця Академіка Бутлерова; Столичне шосе; Первомайск; Ульяновка',0,'Красиловка, Київська область, Україна','Бурлачья Балка, Одеська область, Україна'),(1860,39,'Квітневе','Дніпро','Київська область','Дніпропетровська область',50.5334605,30.8446582,48.464717,35.046183,'2021-08-23 00:01:00','2021-08-24 00:00:00',14000,739,18,'лт трейд через Колонщина; Кривой Рог',0,'Квитневое, Київська область, Україна','Днипро, Дніпропетровська область, Україна'),(1861,39,'Дніпро','Хортиця','Дніпропетровська область','Запорізька область',48.464717,35.046183,47.84951399999999,35.015328,'2021-08-24 00:01:00','2021-08-25 00:00:00',6000,297,20,'удк, через Вольногорск',0,'Днипро, Дніпропетровська область, Україна','Хортица, Запорізька область, Україна'),(1862,46,'Дніпро','Львів','Дніпропетровська область','Львівська область',48.464717,35.046183,49.839683,24.029717,'2021-08-25 00:01:00','2021-08-26 00:00:00',20200,1177,17,'ист через Покров; Умань',0,'Днипро, Дніпропетровська область, Україна','Львів, Львівська область, Україна'),(1863,39,'Хортиця','Полтава','Запорізька область','Полтавська область',47.84951399999999,35.015328,49.58826699999999,34.551417,'2021-08-25 00:01:00','2021-08-26 00:00:00',7500,279,26,'удк',0,'Хортица, Запорізька область, Україна','Полтава, Полтавська область, Україна'),(1864,42,'Київ','Київ','Київська область','Київська область',50.4501,30.5234,50.4501,30.5234,'2021-08-25 00:01:00','2021-08-26 00:00:00',0,0,0,'очікування',1,'Киев, Україна','Киев, Україна'),(1865,51,'Дніпро','Суми','Дніпропетровська область','Сумська область',48.464717,35.046183,50.9077,34.7981,'2021-08-25 00:01:00','2021-08-26 00:00:00',9000,415,21,'биола через девика',0,'Днепр, Дніпропетровська область, Україна','Сумы, Сумська область, Україна'),(1866,54,'Харків','Київ','Харківська область','Київська область',49.9935,36.230383,50.4501,30.5234,'2021-08-25 00:01:00','2021-08-26 00:00:00',6800,527,12,'авек сонора, плитка',0,'Харьков, Харківська область, Україна','Киев, Україна'),(1868,45,'Львів','Бровари','Львівська область','Київська область',49.839683,24.029717,50.511083,30.7909,'2021-08-25 00:01:00','2021-08-26 00:00:00',9000,623,14,'ист, через Ровно',0,'Львів, Львівська область, Україна','Бровари, Київська область, Україна'),(1869,50,'Квітневе','Харків','Київська область','Харківська область',50.5334605,30.8446582,49.9935,36.230383,'2021-08-25 00:01:00','2021-08-26 00:00:00',13500,517,26,'фм, через Дударков',0,'Квитневое, Київська область, Україна','Харьков, Харківська область, Україна'),(1870,15,'Васищеве','Харків','Харківська область','Харківська область',49.8338541,36.3240107,49.9935,36.230383,'2021-08-21 00:01:00','2021-08-22 00:00:00',0,23,0,' ',0,'Васищево, Харківська область, Україна','Харьков, Харківська область, Україна'),(1871,15,'Харків','Харків','Харківська область','Харківська область',49.9935,36.230383,49.9935,36.230383,'2021-08-22 00:01:00','2021-08-23 00:00:00',0,0,0,'очікування',1,'Харьков, Харківська область, Україна','Харьков, Харківська область, Україна'),(1872,15,'Харків','Харків','Харківська область','Харківська область',49.9935,36.230383,49.9935,36.230383,'2021-08-23 00:01:00','2021-08-24 00:00:00',0,0,0,'очікування',1,'Харьков, Харківська область, Україна','Харьков, Харківська область, Україна'),(1873,15,'Харків','Харків','Харківська область','Харківська область',49.9935,36.230383,49.9935,36.230383,'2021-08-24 00:01:00','2021-08-25 00:00:00',0,0,0,'очікування',1,'Харьков, Харківська область, Україна','Харьков, Харківська область, Україна'),(1874,15,'Харків','Київ','Харківська область','Київська область',49.9935,36.230383,50.4501,30.5234,'2021-08-25 00:01:00','2021-08-26 00:00:00',7100,527,13,'АВЕК Сонора',0,'Харьков, Харківська область, Україна','Киев, Україна'),(1875,21,'Київ','Київ','Київська область','Київська область',50.4501,30.5234,50.4501,30.5234,'2021-08-26 00:01:00','2021-08-27 00:00:00',0,0,0,'очікування',1,'Киев, Україна','Киев, Україна'),(1876,21,'Київ','Київ','Київська область','Київська область',50.4501,30.5234,50.4501,30.5234,'2021-08-27 00:01:00','2021-08-28 00:00:00',0,0,0,'очікування',1,'Киев, Україна','Киев, Україна'),(1877,21,'Київ','Київ','Київська область','Київська область',50.4501,30.5234,50.4501,30.5234,'2021-08-28 00:01:00','2021-08-29 00:00:00',0,0,0,'очікування',1,'Киев, Україна','Киев, Україна'),(1878,21,'Київ','Одеса','Київська область','Одеська область',50.4501,30.5234,46.482526,30.7233095,'2021-08-29 00:01:00','2021-08-30 00:00:00',12000,574,20,'лт трейд через Колонщина; Одесса',0,'Киев, Україна','Одесса, Одеська область, Україна'),(1879,38,'Чернігів','Яготин','Чернігівська область','Київська область',51.4982,31.28935,50.2568193,31.781765,'2021-08-25 00:01:00','2021-08-26 00:00:00',4200,200,21,'дженерал',0,'Чернигов, Чернігівська область, Україна','Яготин, Київська область, Україна'),(1880,27,'Київ','Львів','Київська область','Львівська область',50.44650799999999,30.6509906,49.839683,24.029717,'2021-08-25 00:01:00','2021-08-26 00:00:00',12000,607,19,'  ',0,'улица Академика Бутлерова, Київ, Україна','Львов, Львівська область, Україна'),(1881,63,'Київ','Полтава','Київська область','Полтавська область',50.449546,30.649562,49.58826699999999,34.551417,'2021-08-25 00:01:00','2021-08-26 00:00:00',8500,433,19,'деливери через вулиця Святошинська; Столичное шоссе',0,'вулиця Академіка Бутлерова, 8, Київ, 02000','Полтава, Полтавська область, Україна'),(1882,38,'Яготин','Київ','Київська область','Київська область',50.2568193,31.781765,50.4479779,30.6516968,'2021-08-26 00:01:00','2021-08-27 00:00:00',0,109,0,'парк',0,'Яготин, Київська область, Україна','вулиця Академіка Бутлерова, 8, Київ, Україна'),(1884,50,'Харків','Чайки','Харківська область','Київська область',49.9935,36.230383,50.4401629,30.2879474,'2021-08-26 00:01:00','2021-08-27 00:00:00',8500,562,15,'ист, через Тростянец',0,'Харьков, Харківська область, Україна','Чайки, Київська область, Україна'),(1885,51,'Суми','Вишневе','Сумська область','Київська область',50.9077,34.7981,50.3919,30.368267,'2021-08-26 00:01:00','2021-08-27 00:00:00',6000,421,14,'ист',0,'Сумы, Сумська область, Україна','Вишневое, Київська область, Україна'),(1886,46,'Дніпро','Львів','Дніпропетровська область','Львівська область',48.464717,35.046183,49.839683,24.029717,'2021-08-26 00:01:00','2021-08-27 00:00:00',0,0,17,'продовження руху  ист через Покров; Умань',2,'Днипро, Дніпропетровська область, Україна','Львів, Львівська область, Україна'),(1887,24,'Суми','Київ','Сумська область','Київська область',50.9077,34.7981,50.4501,30.5234,'2021-08-25 00:01:00','2021-08-26 00:00:00',8000,421,19,'   , через Буринь',0,'Сумы, Сумська область, Україна','Киев, Україна'),(1888,45,'Бровари','Львів','Київська область','Львівська область',50.511083,30.7909,49.839683,24.029717,'2021-08-26 00:01:00','2021-08-27 00:00:00',14000,654,21,'аквафрост через Столичне шосе; Ровно; Липини',0,'Бровари, Київська область, Україна','Львів, Львівська область, Україна'),(1890,48,'Київ','Київ','Київська область','Київська область',50.44650799999999,30.6509906,50.44650799999999,30.6509906,'2021-08-25 00:01:00','2021-08-26 00:00:00',0,0,0,'очікування',1,'улица Академика Бутлерова, Київ, Україна','улица Академика Бутлерова, Київ, Україна'),(1891,49,'Київ','Харків','Київська область','Харківська область',50.44650799999999,30.6509906,49.9935,36.230383,'2021-08-25 00:01:00','2021-08-26 00:00:00',13500,533,25,'фм, через Дударков',0,'улица Академика Бутлерова, Київ, Україна','Харьков, Харківська область, Україна'),(1892,33,'Одеса','Харків','Одеська область','Харківська область',46.482526,30.7233095,49.9935,36.230383,'2021-08-25 00:01:00','2021-08-26 00:00:00',18000,745,24,'аквафрост',0,'Одесса, Одеська область, Україна','Харьков, Харківська область, Україна'),(1893,43,'Львів','Львів','Львівська область','Львівська область',49.839683,24.029717,49.839683,24.029717,'2021-08-25 00:01:00','2021-08-26 00:00:00',0,0,0,'очікування',1,'Львов, Львівська область, Україна','Львов, Львівська область, Україна'),(1894,35,'Київ','Київ','Київська область','Київська область',50.44650799999999,30.6509906,50.44650799999999,30.6509906,'2021-08-25 00:01:00','2021-08-26 00:00:00',0,0,0,'очікування',1,'улица Академика Бутлерова, Київ, Україна','улица Академика Бутлерова, Київ, Україна'),(1895,63,'Полтава','Одеса','Полтавська область','Одеська область',49.58826699999999,34.551417,46.482526,30.7233095,'2021-08-26 00:01:00','2021-08-27 00:00:00',14000,762,18,'кернел, через Херсон',0,'Полтава, Полтавська область, Україна','Одесса, Одеська область, Україна'),(1896,39,'Полтава','Львів','Полтавська область','Львівська область',49.58826699999999,34.551417,49.839683,24.029717,'2021-08-26 00:01:00','2021-08-27 00:00:00',17950,995,18,'кернел, через Квітневе',0,'Полтава, Полтавська область, Україна','Львів, Львівська область, Україна'),(1898,17,'Київ','Біла Церква','Київська область','Київська область',50.4501,30.5234,49.7967977,30.1310853,'2021-08-25 00:01:00','2021-08-26 00:00:00',21000,1319,15,'   через Біла Церква; Баштановка',0,'Киев, Україна','Біла Церква, Київська область, Україна'),(1899,40,'Дніпро','Київ','Дніпропетровська область','Київська область',48.464717,35.046183,50.44650799999999,30.6509906,'2021-08-24 00:01:00','2021-08-25 00:00:00',10400,649,16,'   через Вольногорск; Біла Церква',0,'Днепр, Дніпропетровська область, Україна','улица Академика Бутлерова, Київ, Україна'),(1900,40,'Київ','Київ','Київська область','Київська область',50.44650799999999,30.6509906,50.44650799999999,30.6509906,'2021-08-25 00:01:00','2021-08-26 00:00:00',0,0,0,'очікування',1,'улица Академика Бутлерова, Київ, Україна','улица Академика Бутлерова, Київ, Україна'),(1902,44,'Нікополь','Львів','Дніпропетровська область','Львівська область',47.56746,34.394815,49.839683,24.029717,'2021-08-24 00:01:00','2021-08-25 00:00:00',19500,1020,19,'  ',0,'Никополь, Дніпропетровська область, Україна','Львов, Львівська область, Україна'),(1903,44,'Львів','Львів','Львівська область','Львівська область',49.839683,24.029717,49.839683,24.029717,'2021-08-25 00:01:00','2021-08-26 00:00:00',0,0,0,'очікування',1,'Львов, Львівська область, Україна','Львов, Львівська область, Україна'),(1904,42,'Київ','Миколаїв','Київська область','Миколаївська область',50.4501,30.5234,46.975033,31.994583,'2021-08-26 00:01:00','2021-08-27 00:00:00',10000,538,18,'дженерал, через Беспятное',0,'Киев, Україна','Николаев, Миколаївська область, Україна'),(1905,52,'Бурлача Балка','Білогородка','Одеська область','Київська область',46.3425607,30.6619673,50.393051,30.2342611,'2021-08-26 00:01:00','2021-08-27 00:00:00',8300,536,15,'удк, через девик, через Великодолинское',0,'Бурлачья Балка, Одеська область, Україна','Белогородка, Київська область, Україна'),(1906,22,'Одеса','Красилівка','Одеська область','Київська область',46.482526,30.7233095,50.52149370000001,30.9066286,'2021-08-21 00:01:00','2021-08-22 00:00:00',9500,598,15,'АКВАФРОСТ, через Бурлачья Балка',0,'Одесса, Одеська область, Україна','Красиловка, Київська область, Україна'),(1907,22,'Красилівка','Київ','Київська область','Київська область',50.52149370000001,30.9066286,50.44650799999999,30.6509906,'2021-08-22 00:01:00','2021-08-23 00:00:00',0,33,0,' ',0,'Красиловка, Київська область, Україна','улица Академика Бутлерова, Київ, Україна'),(1908,22,'Київ','Київ','Київська область','Київська область',50.44650799999999,30.6509906,50.44650799999999,30.6509906,'2021-08-23 00:01:00','2021-08-24 00:00:00',0,0,0,'очікування',1,'улица Академика Бутлерова, Київ, Україна','улица Академика Бутлерова, Київ, Україна'),(1909,22,'Київ','Київ','Київська область','Київська область',50.44650799999999,30.6509906,50.44650799999999,30.6509906,'2021-08-24 00:01:00','2021-08-25 00:00:00',0,0,0,'очікування',1,'улица Академика Бутлерова, Київ, Україна','улица Академика Бутлерова, Київ, Україна'),(1910,16,'Київ','Київ','Київська область','Київська область',50.44650799999999,30.6509906,50.44650799999999,30.6509906,'2021-08-25 00:01:00','2021-08-26 00:00:00',0,0,0,'очікування',1,'улица Академика Бутлерова, Київ, Україна','улица Академика Бутлерова, Київ, Україна'),(1911,22,'Київ','Київ','Київська область','Київська область',50.44650799999999,30.6509906,50.44650799999999,30.6509906,'2021-08-25 00:01:00','2021-08-26 00:00:00',0,0,0,'очікування',1,'улица Академика Бутлерова, Київ, Україна','улица Академика Бутлерова, Київ, Україна'),(1912,22,'Київ','Київ','Київська область','Київська область',50.44650799999999,30.6509906,50.44650799999999,30.6509906,'2021-08-26 00:01:00','2021-08-27 00:00:00',0,0,0,'очікування',1,'улица Академика Бутлерова, Київ, Україна','улица Академика Бутлерова, Київ, Україна'),(1913,22,'Київ','Київ','Київська область','Київська область',50.44650799999999,30.6509906,50.44650799999999,30.6509906,'2021-08-27 00:01:00','2021-08-28 00:00:00',0,0,0,'очікування',1,'улица Академика Бутлерова, Київ, Україна','улица Академика Бутлерова, Київ, Україна'),(1914,22,'Київ','Київ','Київська область','Київська область',50.44650799999999,30.6509906,50.44650799999999,30.6509906,'2021-08-28 00:01:00','2021-08-29 00:00:00',0,0,0,'очікування',1,'улица Академика Бутлерова, Київ, Україна','улица Академика Бутлерова, Київ, Україна'),(1915,23,'Квітневе','Київ','Київська область','Київська область',50.5334605,30.8446582,50.44650799999999,30.6509906,'2021-08-22 00:01:00','2021-08-23 00:00:00',0,23,0,' ',0,'Квитневое, Київська область, Україна','улица Академика Бутлерова, Київ, Україна'),(1916,23,'Київ','Київ','Київська область','Київська область',50.44650799999999,30.6509906,50.44650799999999,30.6509906,'2021-08-23 00:01:00','2021-08-24 00:00:00',0,0,0,'очікування',1,'улица Академика Бутлерова, Київ, Україна','улица Академика Бутлерова, Київ, Україна'),(1917,23,'Київ','Запоріжжя','Київська область','Запорізька область',50.44650799999999,30.6509906,47.8388,35.139567,'2021-08-24 00:01:00','2021-08-25 00:00:00',16000,786,20,'ЛТТрейд через Колонщина; Кривой Рог',0,'улица Академика Бутлерова, Київ, Україна','Запорожье, Запорізька область, Україна'),(1918,23,'Запоріжжя','Львів','Запорізька область','Львівська область',47.8388,35.139567,49.839683,24.029717,'2021-08-25 00:01:00','2021-08-26 00:00:00',21100,1106,19,'Глобал Спирит Европа',0,'Запорожье, Запорізька область, Україна','Львів, Львівська область, Україна'),(1919,25,'Київ','Львів','Київська область','Львівська область',50.44650799999999,30.6509906,49.839683,24.029717,'2021-08-22 00:01:00','2021-08-23 00:00:00',15000,687,21,'Дубово через Требухов; Хмельницький',0,'улица Академика Бутлерова, Київ, Україна','Львів, Львівська область, Україна'),(1920,25,'Львів','Львів','Львівська область','Львівська область',49.839683,24.029717,49.839683,24.029717,'2021-08-23 00:01:00','2021-08-24 00:00:00',0,0,0,'очікування',1,'Львів, Львівська область, Україна','Львів, Львівська область, Україна'),(1921,25,'Львів','Львів','Львівська область','Львівська область',49.839683,24.029717,49.839683,24.029717,'2021-08-24 00:01:00','2021-08-25 00:00:00',0,0,0,'очікування',1,'Львів, Львівська область, Україна','Львів, Львівська область, Україна'),(1922,25,'Львів','Ковель','Львівська область','Волинська область',49.839683,24.029717,51.209018,24.6980251,'2021-08-25 00:01:00','2021-08-26 00:00:00',11500,421,27,'ЖЕФКО УКРАИНА через Солонка; Ровно; Луцк',0,'Львів, Львівська область, Україна','Ковель, Волинська область, Україна'),(1924,26,'Київ','Київ','Київська область','Київська область',50.44650799999999,30.6509906,50.44650799999999,30.6509906,'2021-08-24 00:01:00','2021-08-25 00:00:00',0,0,0,'очікування',1,'улица Академика Бутлерова, Київ, Україна','улица Академика Бутлерова, Київ, Україна'),(1925,28,'Щасливе','Щасливе','Київська область','Київська область',50.3760418,30.79903079999999,50.3760418,30.79903079999999,'2021-08-23 00:01:00','2021-08-24 00:00:00',0,0,0,'очікування',1,'Щасливе, Київська область, Україна','Щасливе, Київська область, Україна'),(1926,28,'Щасливе','Щасливе','Київська область','Київська область',50.3760418,30.79903079999999,50.3760418,30.79903079999999,'2021-08-24 00:01:00','2021-08-25 00:00:00',0,0,0,'очікування',1,'Щасливе, Київська область, Україна','Щасливе, Київська область, Україна'),(1927,26,'Київ','Київ','Київська область','Київська область',50.44650799999999,30.6509906,50.44650799999999,30.6509906,'2021-08-25 00:01:00','2021-08-26 00:00:00',0,0,0,'очікування',1,'улица Академика Бутлерова, Київ, Україна','улица Академика Бутлерова, Київ, Україна'),(1928,28,'Щасливе','Щасливе','Київська область','Київська область',50.3760418,30.79903079999999,50.3760418,30.79903079999999,'2021-08-25 00:01:00','2021-08-26 00:00:00',0,0,0,'очікування',1,'Щасливе, Київська область, Україна','Щасливе, Київська область, Україна'),(1929,29,'Київ','Київ','Київська область','Київська область',50.44650799999999,30.6509906,50.44650799999999,30.6509906,'2021-08-24 00:01:00','2021-08-25 00:00:00',0,0,0,'очікування',1,'улица Академика Бутлерова, Київ, Україна','улица Академика Бутлерова, Київ, Україна'),(1930,29,'Київ','Київ','Київська область','Київська область',50.44650799999999,30.6509906,50.44650799999999,30.6509906,'2021-08-25 00:01:00','2021-08-26 00:00:00',0,0,0,'очікування',1,'улица Академика Бутлерова, Київ, Україна','улица Академика Бутлерова, Київ, Україна'),(1931,30,'Київ','Київ','Київська область','Київська область',50.44650799999999,30.6509906,50.44650799999999,30.6509906,'2021-08-24 00:01:00','2021-08-25 00:00:00',0,0,0,'очікування',1,'улица Академика Бутлерова, Київ, Україна','улица Академика Бутлерова, Київ, Україна'),(1932,31,'Київ','Київ','Київська область','Київська область',50.44650799999999,30.6509906,50.44650799999999,30.6509906,'2021-08-24 00:01:00','2021-08-25 00:00:00',0,0,0,'очікування',1,'улица Академика Бутлерова, Київ, Україна','улица Академика Бутлерова, Київ, Україна'),(1933,32,'Київ','Київ','Київська область','Київська область',50.4501,30.5234,50.4501,30.5234,'2021-08-24 00:01:00','2021-08-25 00:00:00',0,0,0,'очікування',1,'Киев, Україна','Киев, Україна'),(1934,30,'Київ','Дніпро','Київська область','Дніпропетровська область',50.44650799999999,30.6509906,48.464717,35.046183,'2021-08-25 00:01:00','2021-08-26 00:00:00',15800,772,20,'Фруктус Нобилис через Требухов; Харьков',0,'улица Академика Бутлерова, Київ, Україна','Днепр, Дніпропетровська область, Україна'),(1935,31,'Київ','Могилівська','Київська область','Дніпропетровська область',50.44650799999999,30.6509906,48.8592145,34.486171,'2021-08-25 00:01:00','2021-08-26 00:00:00',10500,473,22,'АЛП, через Велика Димерка',0,'улица Академика Бутлерова, Київ, Україна','Могилев, Дніпропетровська область, Україна'),(1936,31,'Могилівська','Чайки','Дніпропетровська область','Київська область',48.8592145,34.486171,50.4401629,30.2879474,'2021-08-26 00:01:00','2021-08-27 00:00:00',8000,503,15,'ЖЕФКО УКРАИНА, через Кременчуг',0,'Могилев, Дніпропетровська область, Україна','Чайки, Київська область, Україна'),(1937,32,'Київ','Київ','Київська область','Київська область',50.4501,30.5234,50.4501,30.5234,'2021-08-25 00:01:00','2021-08-26 00:00:00',0,0,0,'очікування',1,'Киев, Україна','Киев, Україна'),(1938,32,'Київ','Київ','Київська область','Київська область',50.4501,30.5234,50.4501,30.5234,'2021-08-26 00:01:00','2021-08-27 00:00:00',0,0,0,'очікування',1,'Киев, Україна','Киев, Україна'),(1939,32,'Київ','Київ','Київська область','Київська область',50.4501,30.5234,50.4501,30.5234,'2021-08-27 00:01:00','2021-08-28 00:00:00',0,0,0,'очікування',1,'Киев, Україна','Киев, Україна'),(1940,32,'Київ','Київ','Київська область','Київська область',50.4501,30.5234,50.4501,30.5234,'2021-08-28 00:01:00','2021-08-29 00:00:00',0,0,0,'очікування',1,'Киев, Україна','Киев, Україна'),(1941,32,'Київ','Київ','Київська область','Київська область',50.4501,30.5234,50.4501,30.5234,'2021-08-29 00:01:00','2021-08-30 00:00:00',0,0,0,'очікування',1,'Киев, Україна','Киев, Україна'),(1942,53,'Миколаїв','Щасливе','Миколаївська область','Київська область',46.975033,31.994583,50.3760418,30.79903079999999,'2021-08-26 00:01:00','2021-08-27 00:00:00',0,0,18,'продовження руху  глобал юг',2,'Николаев, Миколаївська область, Україна','Щасливе, Київська область, Україна'),(1943,37,'Київ','Дніпро','Київська область','Дніпропетровська область',50.4479779,30.6516968,48.464717,35.046183,'2021-08-26 00:01:00','2021-08-27 00:00:00',11280,517,21,'оболонь',0,'вулиця Академіка Бутлерова, 8, Київ, Україна','Днипро, Дніпропетровська область, Україна'),(1944,19,'Київ','Васищеве','Київська область','Харківська область',50.4479779,30.6516968,49.8338541,36.3240107,'2021-08-26 00:01:00','2021-08-27 00:00:00',13800,583,23,'оболонь, через Оболонь',0,'вулиця Академіка Бутлерова, 8, Київ, Україна','Васищево, Харківська область, Україна'),(1945,64,'Хортиця','Білогородка','Запорізька область','Київська область',47.84951399999999,35.015328,50.393051,30.2342611,'2021-08-26 00:01:00','2021-08-27 00:00:00',11700,618,18,'удк',0,'Хортица, Запорізька область, Україна','Белогородка, Київська область, Україна'),(1946,65,'Кривий Ріг','Кривий Ріг','Дніпропетровська область','Дніпропетровська область',47.910483,33.391783,47.910483,33.391783,'2021-08-26 00:01:00','2021-08-27 00:00:00',0,0,0,'очікування',1,'Кривой Рог, Дніпропетровська область, Україна','Кривой Рог, Дніпропетровська область, Україна'),(1947,65,'Кривий Ріг','Вишневе','Дніпропетровська область','Київська область',47.910483,33.391783,50.3919,30.368267,'2021-08-27 00:01:00','2021-08-28 00:00:00',10000,465,21,'вартис',0,'Кривой Рог, Дніпропетровська область, Україна','Вишневое, Київська область, Україна'),(1948,67,'Київ','Київ','Київська область','Київська область',50.449546,30.649562,50.449546,30.649562,'2021-08-14 00:00:00','2021-08-15 00:00:00',0,0,0,'готовий до роботи',0,'вулиця Академіка Бутлерова, 8, Київ, 02000','вулиця Академіка Бутлерова, 8, Київ, 02000'),(1949,67,'Київ','Миколаїв','Київська область','Миколаївська область',50.449546,30.649562,46.975033,31.994583,'2021-08-26 00:01:00','2021-08-27 00:00:00',10500,577,18,'дженерал через Щасливе; Первомайск',0,'вулиця Академіка Бутлерова, 8, Київ, 02000','Миколаїв, Миколаївська область, Україна'),(1950,50,'Харків','Чайки','Харківська область','Київська область',49.9935,36.230383,50.4401629,30.2879474,'2021-08-27 00:01:00','2021-08-28 00:00:00',0,0,15,'продовження руху  ист, через Тростянец',2,'Харьков, Харківська область, Україна','Чайки, Київська область, Україна'),(1951,42,'Миколаїв','Кривий Ріг','Миколаївська область','Дніпропетровська область',46.975033,31.994583,47.910483,33.391783,'2021-08-27 00:01:00','2021-08-28 00:00:00',7000,194,36,'глобал юг',0,'Николаев, Миколаївська область, Україна','Кривой Рог, Дніпропетровська область, Україна'),(1952,54,'Київ','Київ','Київська область','Київська область',50.4501,30.5234,50.4501,30.5234,'2021-08-26 00:01:00','2021-08-27 00:00:00',0,0,0,'очікування',1,'Киев, Україна','Киев, Україна'),(1953,39,'Полтава','Львів','Полтавська область','Львівська область',49.58826699999999,34.551417,49.839683,24.029717,'2021-08-27 00:01:00','2021-08-28 00:00:00',0,0,18,'продовження руху  кернел, через Квітневе',2,'Полтава, Полтавська область, Україна','Львів, Львівська область, Україна'),(1955,63,'Полтава','Одеса','Полтавська область','Одеська область',49.58826699999999,34.551417,46.482526,30.7233095,'2021-08-27 00:01:00','2021-08-28 00:00:00',0,0,18,'продовження руху  кернел, через Херсон',2,'Полтава, Полтавська область, Україна','Одесса, Одеська область, Україна'),(1956,38,'Київ','Київ','Київська область','Київська область',50.4479779,30.6516968,50.4479779,30.6516968,'2021-08-27 00:01:00','2021-08-28 00:00:00',0,0,0,'очікування',1,'вулиця Академіка Бутлерова, 8, Київ, Україна','вулиця Академіка Бутлерова, 8, Київ, Україна'),(1957,17,'Київ','Біла Церква','Київська область','Київська область',50.4501,30.5234,49.7967977,30.1310853,'2021-08-26 00:01:00','2021-08-27 00:00:00',0,0,15,'продовження руху     через Біла Церква; Баштановка',2,'Киев, Україна','Біла Церква, Київська область, Україна'),(1960,33,'Одеса','Харків','Одеська область','Харківська область',46.482526,30.7233095,49.9935,36.230383,'2021-08-26 00:01:00','2021-08-27 00:00:00',0,0,24,'продовження руху  аквафрост',2,'Одесса, Одеська область, Україна','Харьков, Харківська область, Україна'),(1961,35,'Київ','Васищеве','Київська область','Харківська область',50.44650799999999,30.6509906,49.8338541,36.3240107,'2021-08-26 00:01:00','2021-08-27 00:00:00',13848,543,25,'  ',0,'улица Академика Бутлерова, Київ, Україна','Васищево, Харківська область, Україна'),(1962,40,'Київ','Київ','Київська область','Київська область',50.44650799999999,30.6509906,50.44650799999999,30.6509906,'2021-08-26 00:01:00','2021-08-27 00:00:00',0,0,0,'очікування',1,'улица Академика Бутлерова, Київ, Україна','улица Академика Бутлерова, Київ, Україна'),(1964,44,'Львів','Львів','Львівська область','Львівська область',49.839683,24.029717,49.839683,24.029717,'2021-08-26 00:01:00','2021-08-27 00:00:00',0,0,0,'очікування',1,'Львов, Львівська область, Україна','Львов, Львівська область, Україна'),(1965,48,'Київ','Київ','Київська область','Київська область',50.44650799999999,30.6509906,50.44650799999999,30.6509906,'2021-08-26 00:01:00','2021-08-27 00:00:00',0,0,0,'очікування',1,'улица Академика Бутлерова, Київ, Україна','улица Академика Бутлерова, Київ, Україна'),(1966,49,'Харків','Харків','Харківська область','Харківська область',49.9935,36.230383,49.9935,36.230383,'2021-08-26 00:01:00','2021-08-27 00:00:00',0,0,0,'очікування',1,'Харьков, Харківська область, Україна','Харьков, Харківська область, Україна'),(1968,24,'Київ','Київ','Київська область','Київська область',50.4501,30.5234,50.4501,30.5234,'2021-08-26 00:01:00','2021-08-27 00:00:00',0,0,0,'очікування',1,'Киев, Україна','Киев, Україна'),(1969,46,'Львів','Квітневе','Львівська область','Київська область',49.839683,24.029717,50.5334605,30.8446582,'2021-08-27 00:01:00','2021-08-28 00:00:00',8300,627,13,'девик, через Малехов',0,'Львів, Львівська область, Україна','Квітневе, Київська область, Україна'),(1970,45,'Львів','Квітневе','Львівська область','Київська область',49.839683,24.029717,50.5334605,30.8446582,'2021-08-27 00:01:00','2021-08-28 00:00:00',8300,627,13,'девик, через Малехов',0,'Львів, Львівська область, Україна','Квітневе, Київська область, Україна'),(1972,15,'Харків','Київ','Харківська область','Київська область',49.9935,36.230383,50.4501,30.5234,'2021-08-26 00:01:00','2021-08-27 00:00:00',0,0,13,'продовження руху  АВЕК Сонора',2,'Харьков, Харківська область, Україна','Киев, Україна'),(1973,16,'Київ','Харків','Київська область','Харківська область',50.44650799999999,30.6509906,49.9935,36.230383,'2021-08-26 00:01:00','2021-08-27 00:00:00',13380,542,24,'Оболонь, через Киев',0,'улица Академика Бутлерова, Київ, Україна','Харьков, Харківська область, Україна'),(1975,23,'Запоріжжя','Львів','Запорізька область','Львівська область',47.8388,35.139567,49.839683,24.029717,'2021-08-26 00:01:00','2021-08-27 00:00:00',0,0,19,'продовження руху  Глобал Спирит Европа',2,'Запорожье, Запорізька область, Україна','Львів, Львівська область, Україна'),(1976,26,'Київ','Одеса','Київська область','Одеська область',50.44650799999999,30.6509906,46.482526,30.7233095,'2021-08-26 00:01:00','2021-08-27 00:00:00',12000,586,20,'ЛТТрейд, через Колонщина',0,'улица Академика Бутлерова, Київ, Україна','Одесса, Одеська область, Україна'),(1977,30,'Київ','Дніпро','Київська область','Дніпропетровська область',50.44650799999999,30.6509906,48.464717,35.046183,'2021-08-26 00:01:00','2021-08-27 00:00:00',0,0,20,'продовження руху  Фруктус Нобилис через Требухов; Харьков',2,'улица Академика Бутлерова, Київ, Україна','Днепр, Дніпропетровська область, Україна'),(1978,28,'Щасливе','Щасливе','Київська область','Київська область',50.3760418,30.79903079999999,50.3760418,30.79903079999999,'2021-08-26 00:01:00','2021-08-27 00:00:00',0,0,0,'очікування',1,'Щасливе, Київська область, Україна','Щасливе, Київська область, Україна'),(1979,29,'Київ','Дніпро','Київська область','Дніпропетровська область',50.44650799999999,30.6509906,48.464717,35.046183,'2021-08-26 00:01:00','2021-08-27 00:00:00',14500,717,20,'ЛТТрейд через Колонщина; Кривой Рог',0,'улица Академика Бутлерова, Київ, Україна','Днепр, Дніпропетровська область, Україна'),(1980,39,'Полтава','Львів','Полтавська область','Львівська область',49.58826699999999,34.551417,49.839683,24.029717,'2021-08-28 00:01:00','2021-08-29 00:00:00',0,0,18,'продовження руху  продовження руху  кернел, через Квітневе',2,'Полтава, Полтавська область, Україна','Львів, Львівська область, Україна'),(1981,39,'Львів','Київ','Львівська область','Київська область',49.839683,24.029717,50.4501,30.5234,'2021-08-29 00:01:00','2021-08-30 00:00:00',9000,593,15,'ист через Малехів; Житомир',0,'Львів, Львівська область, Україна','Киев, Україна'),(1982,54,'Київ','Київ','Київська область','Київська область',50.4501,30.5234,50.4501,30.5234,'2021-08-27 00:01:00','2021-08-28 00:00:00',0,0,0,'очікування',1,'Киев, Україна','Киев, Україна'),(1983,54,'Київ','Київ','Київська область','Київська область',50.4501,30.5234,50.4501,30.5234,'2021-08-28 00:01:00','2021-08-29 00:00:00',0,0,0,'очікування',1,'Киев, Україна','Киев, Україна'),(1984,54,'Київ','Київ','Київська область','Київська область',50.4501,30.5234,50.4501,30.5234,'2021-08-29 00:01:00','2021-08-30 00:00:00',0,0,0,'очікування',1,'Киев, Україна','Киев, Україна'),(1985,52,'Білогородка','Білогородка','Київська область','Київська область',50.393051,30.2342611,50.393051,30.2342611,'2021-08-27 00:01:00','2021-08-28 00:00:00',0,0,0,'очікування',1,'Белогородка, Київська область, Україна','Белогородка, Київська область, Україна'),(1986,53,'Щасливе','Маріуполь','Київська область','Донецька область',50.3760418,30.79903079999999,47.097133,37.543367,'2021-08-27 00:01:00','2021-08-28 00:00:00',22000,977,22,'лт трейд, через Колонщина',0,'Щасливе, Київська область, Україна','Мариуполь, Донецька область, Україна'),(1987,68,'Київ','Київ','Київська область','Київська область',50.449546,30.649562,50.449546,30.649562,'2021-08-14 00:00:00','2021-08-15 00:00:00',0,0,0,'готовий до роботи',0,'вулиця Академіка Бутлерова, 8, Київ, 02000','вулиця Академіка Бутлерова, 8, Київ, 02000'),(1988,25,'Ковель','Щасливе','Волинська область','Київська область',51.209018,24.6980251,50.3760418,30.79903079999999,'2021-08-26 00:01:00','2021-08-27 00:00:00',8700,590,14,'Девик, через Смолигів',0,'Ковель, Волинська область, Україна','Щасливе, Київська область, Україна'),(1991,66,'Малехів','Київ','Львівська область','Київська область',49.88124810000001,24.0767156,50.44650799999999,30.6509906,'2021-08-25 00:01:00','2021-08-26 00:00:00',9500,678,14,'   через Львів; Киев; Дударков',0,'Малехів, Львівська область, Україна','улица Академика Бутлерова, Київ, Україна'),(1992,66,'Київ','Полтава','Київська область','Полтавська область',50.44650799999999,30.6509906,49.58826699999999,34.551417,'2021-08-26 00:01:00','2021-08-27 00:00:00',10000,366,27,'  , через Лубны',0,'улица Академика Бутлерова, Київ, Україна','Полтава, Полтавська область, Україна'),(1994,43,'Львів','Київ','Львівська область','Київська область',49.839683,24.029717,50.4501,30.5234,'2021-08-26 00:01:00','2021-08-27 00:00:00',8500,593,14,'  , через Малехов',0,'Львов, Львівська область, Україна','Киев, Україна'),(1995,27,'Львів','Київ','Львівська область','Київська область',49.839683,24.029717,50.44650799999999,30.6509906,'2021-08-26 00:01:00','2021-08-27 00:00:00',9000,663,13,'   через Струтин; Квітневе',0,'Львов, Львівська область, Україна','улица Академика Бутлерова, Київ, Україна'),(1998,68,'Київ','Дніпро','Київська область','Дніпропетровська область',50.449546,30.649562,48.464717,35.046183,'2021-08-22 00:01:00','2021-08-23 00:00:00',0,1,0,'    ',0,'вулиця Академіка Бутлерова, 8, Київ, 02000','Днипро, Дніпропетровська область, Україна'),(1999,68,'Дніпро','Харків','Дніпропетровська область','Харківська область',48.464717,35.046183,49.9935,36.230383,'2021-08-27 00:01:00','2021-08-28 00:00:00',13000,405,32,'удк, через Хортиця',0,'Днипро, Дніпропетровська область, Україна','Харьков, Харківська область, Україна'),(2000,51,'Вишневе','Київ','Київська область','Київська область',50.3919,30.368267,50.4479779,30.6516968,'2021-08-27 00:01:00','2021-08-28 00:00:00',0,31,0,'парк',0,'Вишневое, Київська область, Україна','вулиця Академіка Бутлерова, 8, Київ, Україна'),(2001,66,'Полтава','Київ','Полтавська область','Київська область',49.58826699999999,34.551417,50.44650799999999,30.6509906,'2021-08-27 00:01:00','2021-08-28 00:00:00',7800,595,13,'   через Майбородовка; Вишневое; Красиловка',0,'Полтава, Полтавська область, Україна','улица Академика Бутлерова, Київ, Україна'),(2002,52,'Білогородка','Білогородка','Київська область','Київська область',50.393051,30.2342611,50.393051,30.2342611,'2021-08-28 00:01:00','2021-08-29 00:00:00',0,0,0,'очікування',1,'Белогородка, Київська область, Україна','Белогородка, Київська область, Україна'),(2003,52,'Білогородка','Білогородка','Київська область','Київська область',50.393051,30.2342611,50.393051,30.2342611,'2021-08-29 00:01:00','2021-08-30 00:00:00',0,0,0,'очікування',1,'Белогородка, Київська область, Україна','Белогородка, Київська область, Україна'),(2004,49,'Харків','Київ','Харківська область','Київська область',49.9935,36.230383,50.44650799999999,30.6509906,'2021-08-27 00:01:00','2021-08-28 00:00:00',11000,707,15,'   через Кременчуг; Белогородка',0,'Харьков, Харківська область, Україна','улица Академика Бутлерова, Київ, Україна'),(2005,48,'Київ','Київ','Київська область','Київська область',50.44650799999999,30.6509906,50.44650799999999,30.6509906,'2021-08-27 00:01:00','2021-08-28 00:00:00',0,0,0,'очікування',1,'улица Академика Бутлерова, Київ, Україна','улица Академика Бутлерова, Київ, Україна'),(2006,44,'Львів','Київ','Львівська область','Київська область',49.839683,24.029717,50.44650799999999,30.6509906,'2021-08-27 00:01:00','2021-08-28 00:00:00',10000,880,11,'   через Остров; Киев; Березань',0,'Львов, Львівська область, Україна','улица Академика Бутлерова, Київ, Україна'),(2007,43,'Київ','Київ','Київська область','Київська область',50.4501,30.5234,50.44650799999999,30.6509906,'2021-08-27 00:01:00','2021-08-28 00:00:00',8500,48,177,'  , через Софиевская Борщаговка',0,'Киев, Україна','улица Академика Бутлерова, Київ, Україна'),(2008,40,'Київ','Київ','Київська область','Київська область',50.44650799999999,30.6509906,50.44650799999999,30.6509906,'2021-08-27 00:01:00','2021-08-28 00:00:00',0,0,0,'очікування',1,'улица Академика Бутлерова, Київ, Україна','улица Академика Бутлерова, Київ, Україна'),(2009,35,'Київ','Васищеве','Київська область','Харківська область',50.44650799999999,30.6509906,49.8338541,36.3240107,'2021-08-27 00:01:00','2021-08-28 00:00:00',0,0,25,'продовження руху    ',2,'улица Академика Бутлерова, Київ, Україна','Васищево, Харківська область, Україна'),(2011,33,'Харків','Київ','Харківська область','Київська область',49.9935,36.230383,50.44650799999999,30.6509906,'2021-08-27 00:01:00','2021-08-28 00:00:00',6800,561,12,'  , через вулиця Полярна',0,'Харьков, Харківська область, Україна','улица Академика Бутлерова, Київ, Україна'),(2012,27,'Львів','Київ','Львівська область','Київська область',49.839683,24.029717,50.44650799999999,30.6509906,'2021-08-27 00:01:00','2021-08-28 00:00:00',0,0,13,'продовження руху     через Струтин; Квітневе',2,'Львов, Львівська область, Україна','улица Академика Бутлерова, Київ, Україна'),(2014,17,'Біла Церква','Біла Церква','Київська область','Київська область',49.7967977,30.1310853,49.7967977,30.1310853,'2021-08-27 00:01:00','2021-08-28 00:00:00',0,0,0,'очікування',1,'Біла Церква, Київська область, Україна','Біла Церква, Київська область, Україна'),(2016,19,'Васищеве','Київ','Харківська область','Київська область',49.8338541,36.3240107,50.4075316,30.6283451,'2021-08-27 00:01:00','2021-08-28 00:00:00',6800,538,12,'авек сонора, плитка',0,'Васищево, Харківська область, Україна','проспект Петра Григоренка, Київ, Україна'),(2017,63,'Одеса','Квітневе','Одеська область','Київська область',46.482526,30.7233095,50.5334605,30.8446582,'2021-08-28 00:01:00','2021-08-29 00:00:00',12500,709,17,'глобал юг через Николаев; Вознесенск',0,'Одесса, Одеська область, Україна','Квитневое, Київська область, Україна'),(2018,68,'Харків','Київ','Харківська область','Київська область',49.9935,36.230383,50.4479779,30.6516968,'2021-08-28 00:01:00','2021-08-29 00:00:00',7500,553,13,'девик, через Велика Димерка',0,'Харьков, Харківська область, Україна','вулиця Академіка Бутлерова, 8, Київ, Україна'),(2019,45,'Львів','Квітневе','Львівська область','Київська область',49.839683,24.029717,50.5334605,30.8446582,'2021-08-28 00:01:00','2021-08-29 00:00:00',0,0,13,'продовження руху  девик, через Малехов',2,'Львів, Львівська область, Україна','Квітневе, Київська область, Україна'),(2020,46,'Львів','Квітневе','Львівська область','Київська область',49.839683,24.029717,50.5334605,30.8446582,'2021-08-28 00:01:00','2021-08-29 00:00:00',0,0,13,'продовження руху  девик, через Малехов',2,'Львів, Львівська область, Україна','Квітневе, Київська область, Україна'),(2021,51,'Київ','Дніпро','Київська область','Дніпропетровська область',50.4479779,30.6516968,48.464717,35.046183,'2021-08-28 00:01:00','2021-08-29 00:00:00',11000,521,21,'хим торг, через вул.Миколи Хвильового',0,'вулиця Академіка Бутлерова, 8, Київ, Україна','Днипро, Дніпропетровська область, Україна'),(2022,51,'Київ','Дніпро','Київська область','Дніпропетровська область',50.4479779,30.6516968,48.464717,35.046183,'2021-08-29 00:01:00','2021-08-30 00:00:00',0,0,21,'продовження руху  хим торг, через вул.Миколи Хвильового',2,'вулиця Академіка Бутлерова, 8, Київ, Україна','Днипро, Дніпропетровська область, Україна'),(2023,19,'Васищеве','Київ','Харківська область','Київська область',49.8338541,36.3240107,50.4075316,30.6283451,'2021-08-28 00:01:00','2021-08-29 00:00:00',0,0,12,'продовження руху  авек сонора, плитка',2,'Васищево, Харківська область, Україна','проспект Петра Григоренка, Київ, Україна'),(2024,19,'Київ','Київ','Київська область','Київська область',50.4075316,30.6283451,50.4075316,30.6283451,'2021-08-29 00:01:00','2021-08-30 00:00:00',0,0,0,'очікування',1,'проспект Петра Григоренка, Київ, Україна','проспект Петра Григоренка, Київ, Україна'),(2025,19,'Київ','Сутиски','Київська область','Вінницька область',50.4075316,30.6283451,49.0419017,28.4169896,'2021-08-30 00:01:00','2021-08-31 00:00:00',7500,322,23,'хим торг, через вул.Миколи Хвильового',0,'проспект Петра Григоренка, Київ, Україна','Сутиски, Вінницька область, Україна'),(2026,64,'Білогородка','Таїрове','Київська область','Одеська область',50.393051,30.2342611,46.3662426,30.6466293,'2021-08-27 00:01:00','2021-08-28 00:00:00',13000,584,22,'удк, через Гостомель',0,'Белогородка, Київська область, Україна','Таирово, Одеська область, Україна'),(2027,64,'Таїрове','Таїрове','Одеська область','Одеська область',46.3662426,30.6466293,46.3662426,30.6466293,'2021-08-28 00:01:00','2021-08-29 00:00:00',0,0,0,'очікування',1,'Таирово, Одеська область, Україна','Таирово, Одеська область, Україна'),(2028,64,'Таїрове','Львів','Одеська область','Львівська область',46.3662426,30.6466293,49.839683,24.029717,'2021-08-29 00:01:00','2021-08-30 00:00:00',17000,897,18,'аквафрост, через Бурлачья Балка',0,'Таирово, Одеська область, Україна','Львів, Львівська область, Україна'),(2029,64,'Львів','Бориспіль','Львівська область','Київська область',49.839683,24.029717,50.3482,30.95615,'2021-08-30 00:01:00','2021-08-31 00:00:00',8300,632,13,'девик, через Малехів',0,'Львів, Львівська область, Україна','Борисполь, Київська область, Україна'),(2030,24,'Київ','Смолигів','Київська область','Волинська область',50.4501,30.5234,50.7626858,24.9586372,'2021-08-27 00:01:00','2021-08-28 00:00:00',15000,714,21,'   через Белая Церковь; Хмельницький',0,'Киев, Україна','Смолигов, Волинська область, Україна'),(2031,42,'Кривий Ріг','Щасливе','Дніпропетровська область','Київська область',47.910483,33.391783,50.3760418,30.79903079999999,'2021-08-28 00:01:00','2021-08-29 00:00:00',13500,728,18,'глобал юг, через Николаев',0,'Кривой Рог, Дніпропетровська область, Україна','Счастливое, Київська область, Україна'),(2033,53,'Маріуполь','Білогородка','Донецька область','Київська область',47.097133,37.543367,50.393051,30.2342611,'2021-08-28 00:01:00','2021-08-29 00:00:00',13000,949,13,'удк, через девик через Хортица; Полтава',0,'Мариуполь, Донецька область, Україна','Белогородка, Київська область, Україна'),(2034,53,'Маріуполь','Білогородка','Донецька область','Київська область',47.097133,37.543367,50.393051,30.2342611,'2021-08-29 00:01:00','2021-08-30 00:00:00',0,0,13,'продовження руху  удк, через девик через Хортица; Полтава',2,'Мариуполь, Донецька область, Україна','Белогородка, Київська область, Україна'),(2035,50,'Чайки','Чайки','Київська область','Київська область',50.4401629,30.2879474,50.4401629,30.2879474,'2021-08-28 00:01:00','2021-08-29 00:00:00',0,0,0,'очікування',1,'Чайки, Київська область, Україна','Чайки, Київська область, Україна'),(2036,50,'Чайки','Чайки','Київська область','Київська область',50.4401629,30.2879474,50.4401629,30.2879474,'2021-08-29 00:01:00','2021-08-30 00:00:00',0,0,0,'очікування',1,'Чайки, Київська область, Україна','Чайки, Київська область, Україна'),(2037,67,'Миколаїв','Колонщина','Миколаївська область','Київська область',46.975033,31.994583,50.4471976,29.9541228,'2021-08-28 00:01:00','2021-08-29 00:00:00',10000,566,17,'глобал юг, через Софиевская Борщаговка',0,'Миколаїв, Миколаївська область, Україна','Колонщина, Київська область, Україна'),(2038,67,'Колонщина','Дніпро','Київська область','Дніпропетровська область',50.4471976,29.9541228,48.464717,35.046183,'2021-08-29 00:01:00','2021-08-30 00:00:00',14500,659,22,'лт трейд, через Кривой Рог',0,'Колонщина, Київська область, Україна','Днепр, Дніпропетровська область, Україна'),(2039,37,'Дніпро','Квітневе','Дніпропетровська область','Київська область',48.464717,35.046183,50.5334605,30.8446582,'2021-08-28 00:01:00','2021-08-29 00:00:00',11000,661,16,'биола через вулиця Берегова; Полтава; вулиця Михайла Донця',0,'Днипро, Дніпропетровська область, Україна','Димитрово, Київська область, Україна'),(2040,17,'Біла Церква','Біла Церква','Київська область','Київська область',49.7967977,30.1310853,49.7967977,30.1310853,'2021-08-28 00:01:00','2021-08-29 00:00:00',21000,874,24,'  , через Миколаїв',0,'Біла Церква, Київська область, Україна','Біла Церква, Київська область, Україна'),(2041,67,'Дніпро','Одеса','Дніпропетровська область','Одеська область',48.464717,35.046183,46.482526,30.7233095,'2021-08-30 00:01:00','2021-08-31 00:00:00',14500,499,29,'контик',0,'Днепр, Дніпропетровська область, Україна','Одесса, Одеська область, Україна'),(2042,15,'Київ','Васищеве','Київська область','Харківська область',50.4501,30.5234,49.8338541,36.3240107,'2021-08-27 00:01:00','2021-08-28 00:00:00',13824,580,23,'Оболонь через улица Академика Бутлерова; Киев',0,'Киев, Україна','Васищево, Харківська область, Україна'),(2043,15,'Київ','Васищеве','Київська область','Харківська область',50.4501,30.5234,49.8338541,36.3240107,'2021-08-28 00:01:00','2021-08-29 00:00:00',0,0,23,'продовження руху  Оболонь через улица Академика Бутлерова; Киев',2,'Киев, Україна','Васищево, Харківська область, Україна'),(2044,16,'Харків','Київ','Харківська область','Київська область',49.9935,36.230383,50.4501,30.5234,'2021-08-27 00:01:00','2021-08-28 00:00:00',6800,527,12,'АВЕК Сонора',0,'Харьков, Харківська область, Україна','Киев, Україна'),(2045,16,'Харків','Київ','Харківська область','Київська область',49.9935,36.230383,50.4501,30.5234,'2021-08-28 00:01:00','2021-08-29 00:00:00',0,0,12,'продовження руху  АВЕК Сонора',2,'Харьков, Харківська область, Україна','Киев, Україна'),(2046,23,'Львів','Погреби','Львівська область','Київська область',49.839683,24.029717,50.5530098,30.6324771,'2021-08-27 00:01:00','2021-08-28 00:00:00',9500,622,15,'Саркара Групп, через Луцк',0,'Львів, Львівська область, Україна','Погребы, Київська область, Україна'),(2047,23,'Погреби','Погреби','Київська область','Київська область',50.5530098,30.6324771,50.5530098,30.6324771,'2021-08-28 00:01:00','2021-08-29 00:00:00',0,0,0,'очікування',1,'Погребы, Київська область, Україна','Погребы, Київська область, Україна'),(2048,25,'Щасливе','Київ','Київська область','Київська область',50.3760418,30.79903079999999,50.44650799999999,30.6509906,'2021-08-27 00:01:00','2021-08-28 00:00:00',0,22,0,' ',0,'Щасливе, Київська область, Україна','улица Академика Бутлерова, Київ, Україна'),(2049,25,'Київ','Київ','Київська область','Київська область',50.44650799999999,30.6509906,50.44650799999999,30.6509906,'2021-08-28 00:01:00','2021-08-29 00:00:00',0,0,0,'очікування',1,'улица Академика Бутлерова, Київ, Україна','улица Академика Бутлерова, Київ, Україна'),(2050,26,'Одеса','Красилівка','Одеська область','Київська область',46.482526,30.7233095,50.52149370000001,30.9066286,'2021-08-27 00:01:00','2021-08-28 00:00:00',9000,663,13,'Лоцман через Великодолинское; Копилів',0,'Одесса, Одеська область, Україна','Красиловка, Київська область, Україна'),(2051,26,'Одеса','Красилівка','Одеська область','Київська область',46.482526,30.7233095,50.52149370000001,30.9066286,'2021-08-28 00:01:00','2021-08-29 00:00:00',0,0,13,'продовження руху  Лоцман через Великодолинское; Копилів',2,'Одесса, Одеська область, Україна','Красиловка, Київська область, Україна'),(2052,28,'Щасливе','Дніпро','Київська область','Дніпропетровська область',50.3760418,30.79903079999999,48.464717,35.046183,'2021-08-27 00:01:00','2021-08-28 00:00:00',14500,734,19,'ЛТТрейд через Колонщина; Кривой Рог',0,'Щасливе, Київська область, Україна','Днепр, Дніпропетровська область, Україна'),(2053,28,'Щасливе','Дніпро','Київська область','Дніпропетровська область',50.3760418,30.79903079999999,48.464717,35.046183,'2021-08-28 00:01:00','2021-08-29 00:00:00',0,0,19,'продовження руху  ЛТТрейд через Колонщина; Кривой Рог',2,'Щасливе, Київська область, Україна','Днепр, Дніпропетровська область, Україна'),(2054,29,'Дніпро','Копилів','Дніпропетровська область','Київська область',48.464717,35.046183,50.41023570000001,29.89076,'2021-08-27 00:01:00','2021-08-28 00:00:00',12000,619,19,'Интер Овощи через Борисполь; Красиловка',0,'Днепр, Дніпропетровська область, Україна','Копилів, Київська область, Україна'),(2055,29,'Дніпро','Копилів','Дніпропетровська область','Київська область',48.464717,35.046183,50.41023570000001,29.89076,'2021-08-28 00:01:00','2021-08-29 00:00:00',0,0,19,'продовження руху  Интер Овощи через Борисполь; Красиловка',2,'Днепр, Дніпропетровська область, Україна','Копилів, Київська область, Україна'),(2056,30,'Дніпро','Шабо','Дніпропетровська область','Одеська область',48.464717,35.046183,46.1282187,30.384612,'2021-08-27 00:01:00','2021-08-28 00:00:00',14000,658,21,'АДВАНС , через Вольногорск',0,'Днепр, Дніпропетровська область, Україна','Шабо, Одеська область, Україна'),(2057,30,'Дніпро','Шабо','Дніпропетровська область','Одеська область',48.464717,35.046183,46.1282187,30.384612,'2021-08-28 00:01:00','2021-08-29 00:00:00',0,0,21,'продовження руху  АДВАНС , через Вольногорск',2,'Днепр, Дніпропетровська область, Україна','Шабо, Одеська область, Україна'),(2058,31,'Чайки','Одеса','Київська область','Одеська область',50.4401629,30.2879474,46.482526,30.7233095,'2021-08-27 00:01:00','2021-08-28 00:00:00',12000,558,21,'ЛТТрейд, через Колонщина',0,'Чайки, Київська область, Україна','Одесса, Одеська область, Україна'),(2059,31,'Чайки','Одеса','Київська область','Одеська область',50.4401629,30.2879474,46.482526,30.7233095,'2021-08-28 00:01:00','2021-08-29 00:00:00',0,0,21,'продовження руху  ЛТТрейд, через Колонщина',2,'Чайки, Київська область, Україна','Одесса, Одеська область, Україна'),(2060,24,'Київ','Смолигів','Київська область','Волинська область',50.4501,30.5234,50.7626858,24.9586372,'2021-08-28 00:01:00','2021-08-29 00:00:00',0,0,21,'продовження руху     через Белая Церковь; Хмельницький',2,'Киев, Україна','Смолигов, Волинська область, Україна'),(2061,27,'Київ','Київ','Київська область','Київська область',50.44650799999999,30.6509906,50.44650799999999,30.6509906,'2021-08-28 00:01:00','2021-08-29 00:00:00',0,0,0,'очікування',1,'улица Академика Бутлерова, Київ, Україна','улица Академика Бутлерова, Київ, Україна'),(2062,33,'Київ','Київ','Київська область','Київська область',50.44650799999999,30.6509906,50.44650799999999,30.6509906,'2021-08-28 00:01:00','2021-08-29 00:00:00',0,0,0,'очікування',1,'улица Академика Бутлерова, Київ, Україна','улица Академика Бутлерова, Київ, Україна'),(2063,35,'Васищеве','Київ','Харківська область','Київська область',49.8338541,36.3240107,50.4501,30.5234,'2021-08-28 00:01:00','2021-08-29 00:00:00',6800,551,12,'  ',0,'Васищево, Харківська область, Україна','Киев, Україна'),(2064,40,'Київ','Київ','Київська область','Київська область',50.44650799999999,30.6509906,50.44650799999999,30.6509906,'2021-08-28 00:01:00','2021-08-29 00:00:00',0,0,0,'очікування',1,'улица Академика Бутлерова, Київ, Україна','улица Академика Бутлерова, Київ, Україна'),(2065,43,'Київ','Львів','Київська область','Львівська область',50.44650799999999,30.6509906,49.839683,24.029717,'2021-08-28 00:01:00','2021-08-29 00:00:00',12000,641,18,'  , через Бровары',0,'улица Академика Бутлерова, Київ, Україна','Львів, Львівська область, Україна'),(2066,44,'Київ','Київ','Київська область','Київська область',50.44650799999999,30.6509906,50.44650799999999,30.6509906,'2021-08-28 00:01:00','2021-08-29 00:00:00',0,0,0,'очікування',1,'улица Академика Бутлерова, Київ, Україна','улица Академика Бутлерова, Київ, Україна'),(2067,48,'Київ','Київ','Київська область','Київська область',50.44650799999999,30.6509906,50.44650799999999,30.6509906,'2021-08-28 00:01:00','2021-08-29 00:00:00',0,0,0,'очікування',1,'улица Академика Бутлерова, Київ, Україна','улица Академика Бутлерова, Київ, Україна'),(2068,66,'Київ','Київ','Київська область','Київська область',50.44650799999999,30.6509906,50.44650799999999,30.6509906,'2021-08-28 00:01:00','2021-08-29 00:00:00',0,0,0,'очікування',1,'улица Академика Бутлерова, Київ, Україна','улица Академика Бутлерова, Київ, Україна'),(2069,49,'Київ','Київ','Київська область','Київська область',50.44650799999999,30.6509906,50.44650799999999,30.6509906,'2021-08-28 00:01:00','2021-08-29 00:00:00',0,0,0,'очікування',1,'улица Академика Бутлерова, Київ, Україна','улица Академика Бутлерова, Київ, Україна'),(2070,24,'Суми','Суми','Сумська область','Сумська область',50.9077,34.7981,50.9077,34.7981,'2021-08-24 00:01:00','2021-08-25 00:00:00',0,0,0,'очікування',1,'Сумы, Сумська область, Україна','Сумы, Сумська область, Україна'),(2071,24,'Суми','Суми','Сумська область','Сумська область',50.9077,34.7981,50.9077,34.7981,'2021-08-23 00:01:00','2021-08-24 00:00:00',0,0,0,'очікування',1,'Сумы, Сумська область, Україна','Сумы, Сумська область, Україна'),(2072,33,'Одеса','Одеса','Одеська область','Одеська область',46.482526,30.7233095,46.482526,30.7233095,'2021-08-24 00:01:00','2021-08-25 00:00:00',0,0,0,'очікування',1,'Одесса, Одеська область, Україна','Одесса, Одеська область, Україна'),(2073,33,'Одеса','Одеса','Одеська область','Одеська область',46.482526,30.7233095,46.482526,30.7233095,'2021-08-23 00:01:00','2021-08-24 00:00:00',0,0,0,'очікування',1,'Одесса, Одеська область, Україна','Одесса, Одеська область, Україна'),(2074,37,'Дніпро','Квітневе','Дніпропетровська область','Київська область',48.464717,35.046183,50.5334605,30.8446582,'2021-08-29 00:01:00','2021-08-30 00:00:00',0,0,16,'продовження руху  биола через вулиця Берегова; Полтава; вулиця Михайла Донця',2,'Днипро, Дніпропетровська область, Україна','Димитрово, Київська область, Україна'),(2075,63,'Одеса','Квітневе','Одеська область','Київська область',46.482526,30.7233095,50.5334605,30.8446582,'2021-08-29 00:01:00','2021-08-30 00:00:00',0,0,17,'продовження руху  глобал юг через Николаев; Вознесенск',2,'Одесса, Одеська область, Україна','Квитневое, Київська область, Україна'),(2076,17,'Київ','Київ','Київська область','Київська область',50.4501,30.5234,50.4501,30.5234,'2021-08-23 00:01:00','2021-08-24 00:00:00',0,0,0,'очікування',1,'Киев, Україна','Киев, Україна'),(2077,17,'Київ','Київ','Київська область','Київська область',50.4501,30.5234,50.4501,30.5234,'2021-08-24 00:01:00','2021-08-25 00:00:00',0,0,0,'очікування',1,'Киев, Україна','Киев, Україна'),(2078,27,'Київ','Київ','Київська область','Київська область',50.44650799999999,30.6509906,50.44650799999999,30.6509906,'2021-08-24 00:01:00','2021-08-25 00:00:00',0,0,0,'очікування',1,'улица Академика Бутлерова, Київ, Україна','улица Академика Бутлерова, Київ, Україна'),(2079,27,'Київ','Київ','Київська область','Київська область',50.44650799999999,30.6509906,50.44650799999999,30.6509906,'2021-08-23 00:01:00','2021-08-24 00:00:00',0,0,0,'очікування',1,'улица Академика Бутлерова, Київ, Україна','улица Академика Бутлерова, Київ, Україна'),(2080,48,'Київ','Київ','Київська область','Київська область',50.44650799999999,30.6509906,50.44650799999999,30.6509906,'2021-08-24 00:01:00','2021-08-25 00:00:00',0,0,0,'очікування',1,'улица Академика Бутлерова, Київ, Україна','улица Академика Бутлерова, Київ, Україна'),(2081,48,'Київ','Київ','Київська область','Київська область',50.44650799999999,30.6509906,50.44650799999999,30.6509906,'2021-08-23 00:01:00','2021-08-24 00:00:00',0,0,0,'очікування',1,'улица Академика Бутлерова, Київ, Україна','улица Академика Бутлерова, Київ, Україна'),(2082,44,'Нікополь','Нікополь','Дніпропетровська область','Дніпропетровська область',47.56746,34.394815,47.56746,34.394815,'2021-08-23 00:01:00','2021-08-24 00:00:00',0,0,0,'очікування',1,'Никополь, Дніпропетровська область, Україна','Никополь, Дніпропетровська область, Україна'),(2083,49,'Київ','Київ','Київська область','Київська область',50.44650799999999,30.6509906,50.44650799999999,30.6509906,'2021-08-24 00:01:00','2021-08-25 00:00:00',0,0,0,'очікування',1,'улица Академика Бутлерова, Київ, Україна','улица Академика Бутлерова, Київ, Україна'),(2084,66,'Малехів','Малехів','Львівська область','Львівська область',49.88124810000001,24.0767156,49.88124810000001,24.0767156,'2021-08-24 00:01:00','2021-08-25 00:00:00',0,0,0,'очікування',1,'Малехів, Львівська область, Україна','Малехів, Львівська область, Україна'),(2085,49,'Київ','Київ','Київська область','Київська область',50.44650799999999,30.6509906,50.44650799999999,30.6509906,'2021-08-23 00:01:00','2021-08-24 00:00:00',0,0,0,'очікування',1,'улица Академика Бутлерова, Київ, Україна','улица Академика Бутлерова, Київ, Україна'),(2086,66,'Малехів','Малехів','Львівська область','Львівська область',49.88124810000001,24.0767156,49.88124810000001,24.0767156,'2021-08-23 00:01:00','2021-08-24 00:00:00',0,0,0,'очікування',1,'Малехів, Львівська область, Україна','Малехів, Львівська область, Україна'),(2087,43,'Львів','Львів','Львівська область','Львівська область',49.839683,24.029717,49.839683,24.029717,'2021-08-24 00:01:00','2021-08-25 00:00:00',0,0,0,'очікування',1,'Львов, Львівська область, Україна','Львов, Львівська область, Україна'),(2088,35,'Київ','Київ','Київська область','Київська область',50.44650799999999,30.6509906,50.44650799999999,30.6509906,'2021-08-24 00:01:00','2021-08-25 00:00:00',0,0,0,'очікування',1,'улица Академика Бутлерова, Київ, Україна','улица Академика Бутлерова, Київ, Україна'),(2089,35,'Київ','Київ','Київська область','Київська область',50.44650799999999,30.6509906,50.44650799999999,30.6509906,'2021-08-23 00:01:00','2021-08-24 00:00:00',0,0,0,'очікування',1,'улица Академика Бутлерова, Київ, Україна','улица Академика Бутлерова, Київ, Україна'),(2090,40,'Дніпро','Дніпро','Дніпропетровська область','Дніпропетровська область',48.464717,35.046183,48.464717,35.046183,'2021-08-23 00:01:00','2021-08-24 00:00:00',0,0,0,'очікування',1,'Днепр, Дніпропетровська область, Україна','Днепр, Дніпропетровська область, Україна'),(2091,38,'Київ','Харків','Київська область','Харківська область',50.4479779,30.6516968,49.9935,36.230383,'2021-08-28 00:01:00','2021-08-29 00:00:00',13800,520,26,'оболонь',0,'вулиця Академіка Бутлерова, 8, Київ, Україна','Харьков, Харківська область, Україна'),(2092,38,'Київ','Харків','Київська область','Харківська область',50.4479779,30.6516968,49.9935,36.230383,'2021-08-29 00:01:00','2021-08-30 00:00:00',0,0,26,'продовження руху  оболонь',2,'вулиця Академіка Бутлерова, 8, Київ, Україна','Харьков, Харківська область, Україна'),(2093,45,'Львів','Квітневе','Львівська область','Київська область',49.839683,24.029717,50.5334605,30.8446582,'2021-08-29 00:01:00','2021-08-30 00:00:00',0,0,13,'продовження руху  продовження руху  девик, через Малехов',2,'Львів, Львівська область, Україна','Квітневе, Київська область, Україна'),(2094,46,'Львів','Квітневе','Львівська область','Київська область',49.839683,24.029717,50.5334605,30.8446582,'2021-08-29 00:01:00','2021-08-30 00:00:00',0,0,13,'продовження руху  продовження руху  девик, через Малехов',2,'Львів, Львівська область, Україна','Квітневе, Київська область, Україна'),(2095,42,'Кривий Ріг','Щасливе','Дніпропетровська область','Київська область',47.910483,33.391783,50.3760418,30.79903079999999,'2021-08-29 00:01:00','2021-08-30 00:00:00',0,0,18,'продовження руху  глобал юг, через Николаев',2,'Кривой Рог, Дніпропетровська область, Україна','Счастливое, Київська область, Україна');
/*!40000 ALTER TABLE `route` ENABLE KEYS */;
UNLOCK TABLES;

--
-- Table structure for table `truck`
--

DROP TABLE IF EXISTS `truck`;
/*!40101 SET @saved_cs_client     = @@character_set_client */;
/*!40101 SET character_set_client = utf8 */;
CREATE TABLE `truck` (
  `id` int(11) NOT NULL AUTO_INCREMENT,
  `tracktor` varchar(20) NOT NULL,
  `trailer` varchar(20) DEFAULT NULL,
  `driver` varchar(45) NOT NULL,
  `phone` varchar(45) NOT NULL,
  `type` varchar(10) DEFAULT NULL,
  `managerName` varchar(45) DEFAULT NULL,
  `managerid` int(11) DEFAULT NULL,
  `priority` int(11) DEFAULT NULL,
  `notReady` int(11) DEFAULT NULL,
  `statusTruck` varchar(45) DEFAULT NULL,
  `comment` varchar(100) DEFAULT NULL,
  `truckKey` varchar(100) DEFAULT NULL,
  PRIMARY KEY (`id`),
  UNIQUE KEY `id_UNIQUE` (`id`)
) ENGINE=InnoDB AUTO_INCREMENT=69 DEFAULT CHARSET=utf8;
/*!40101 SET character_set_client = @saved_cs_client */;

--
-- Dumping data for table `truck`
--

LOCK TABLES `truck` WRITE;
/*!40000 ALTER TABLE `truck` DISABLE KEYS */;
INSERT INTO `truck` VALUES (15,'АА1059ОР','АА6819РВ','Білан Євгній','+38 050 449 5260','тент','Лёша',17,0,0,'Київська область','','7088ac5a-1dc7-11e7-8fff-6be60e3f0f4f'),(16,'АА2685МТ','АА2509ХС','Гридін Віктор','380687596230','тент','Лёша',17,0,0,'Київська область','','18ba5e90-b6dc-11ea-be11-176ca3215e69'),(17,'АА8514ОА','АА2526ХС','Шушман Юрій','+38 050 407 3794','тент','Влад',15,0,0,'Київська область','','7082d73a-1dc7-11e7-b290-9f53cb765d60'),(18,'АА7743РА (ВП)','АА4326ХІ','Аракелян Артур','+38 050 409 5970','реф','Лёша',17,0,1,'Київська область','',NULL),(19,'АА3241НР','АА6195ХК','Джим Саша','+38 095 436 2888','тент','Саша',16,0,0,'Київська область','','70ce34fa-1dc7-11e7-b36b-43589bf70017'),(20,'АА2841РН','АА3954ХІ','Олійник Роман','+38 050 425 3047','тент','Лёша',17,0,1,'Київська область','',NULL),(21,'АА1061ОР','АА5475ХР','Власюк Сергій','+38 050 449 5399','реф','Саша',16,0,0,'Київська область','','7088abe2-1dc7-11e7-8ffe-eb26ed606264'),(22,'АА2506РМ (ВП)','АА6685ХР','Крайник Олександр',' +38 050 422 9718','реф','Лёша',17,0,0,'Київська область','','5aab2568-25bd-11e7-8650-b3f35398fc14'),(23,'АА1848ОХ','АА7714ХО','Сікержинський Павло','+38 050 407 4459','реф','Лёша',17,0,0,'Київська область','','7081923a-1dc7-11e7-af5f-2bcaec080159'),(24,'АА6298ЕК (ВП)','АА7183ХТ','Глупак Сергій','+38 050 407 4459','реф','Влад',15,0,0,'Київська область','','70dddc98-1dc7-11e7-b255-d701bf5ac5b0'),(25,'АА4273ОТ','АА1275ХМ','Піденко Володимир','050 317 6639','реф','Лёша',17,0,0,'Київська область','','70cf5cd6-1dc7-11e7-b63e-3f806aaf1ca4'),(26,'АА4049ОТ','АА6213ХР','Косенко Леонід','050 424 1837','реф','Лёша',17,0,0,'Київська область','','70fdee84-1dc7-11e7-b010-cb46444fc31a'),(27,'АА7954РА','АА5135ХР','Дячук Олег',' +38 050 317 6656','реф','Влад',15,0,0,'Київська область','','70b67e6e-1dc7-11e7-bcda-cbf9dfb53423'),(28,'АА1826ОХ','АА8396ХО','Піденко Володимир','+38 050 407 3798','реф','Лёша',17,0,0,'Київська область','','708196c2-1dc7-11e7-af6b-2710768fc626'),(29,'АА2132НІ','АА8395ХО','Човпінь Володимир','+38 050 449 5366','реф','Лёша',17,0,0,'Київська область','','70cbd76e-1dc7-11e7-ad96-a3638a2e0c99'),(30,'АА8476НІ','АА4493ХР','Арабаджі Федір',' +38 050 468 1178','реф','Лёша',17,0,0,'Київська область','','708409de-1dc7-11e7-b563-3b267d4e0c24'),(31,'АА1060ОР','АА5476ХР','Литвиненко Вадим','-','реф','Лёша',17,0,0,'Київська область','','7084b6ea-1dc7-11e7-b700-e71228f967fa'),(32,'АА3877РН','АА7199ХТ','Назарко Володимир','050 435 9245','реф','Лёша',17,0,0,'Київська область','Парк. отпуск','710c224c-1dc7-11e7-8a99-9770d23108e3'),(33,'АА4190ОХ(ВП)','АА9760ХР','Кулинич Віталій','+3 725 756 6726; +38 050 407 4430','реф','Влад',15,0,0,'Київська область','тех осмотр','70d9acb8-1dc7-11e7-a83c-ef93fff3fb1f'),(34,'АА0782ОХ','АА9102ХІ','Марущак Володимир','+38 050 409 5810','тент','Влад',15,0,1,'Київська область','В ожидании новой машины',NULL),(35,'АА1062ОР','АА9103ХІ','бережной колян',' +38 050 424 1844','тент','Влад',15,0,0,'Київська область','','7088a764-1dc7-11e7-8ff6-e3465b6c4a13'),(37,'АА1069ОР','АА3962ХІ','Ленчик Саша','098 033 0386','тент','Саша',16,0,0,'Київська область','','70ce8b6c-1dc7-11e7-b43c-a73941e7a1ae'),(38,'АА1063ОР','АА6001ХТ','Смірнов Олексій','+38 050 424 1850','реф','Саша',16,0,0,'Київська область','','7088a9bc-1dc7-11e7-8ffa-d3c2bb3613ee'),(39,'АА1064ОР','АА0958ХМ','Корнілов Віталій','+3 728 157 3114; +38 050 424 1867','реф','Саша',16,0,0,'Київська область','','7088aa16-1dc7-11e7-8ffb-53aa49034c67'),(40,'АА1071ОР','АА9429ХО','Бобок Олександр','+3 728 109 4267; +38 050 424 1866','реф','Влад',15,0,0,'Київська область','парк отпуск','70bfe01c-1dc7-11e7-9118-77f0279a43b1'),(42,'АА4522РС','АА2522ХО','Анашкин Сергей','050 271 91 38','реф','Саша',16,0,0,'Київська область','','70e66ec6-1dc7-11e7-8d90-67afcb8cfc45'),(43,'АА4524РС','АА9034ХТ','Школа Анатолій','+3 725 739 0545; +38 050 352 7246','реф','Влад',15,0,0,'Київська область','','7085cc1a-1dc7-11e7-b992-bf0f96eabafc'),(44,'АА5771ММ','АА4491ХР','Петрик Ігор','+3 725 762 8379; +38 050 409 5901','реф','Влад',15,0,0,'Київська область','','70e23d92-1dc7-11e7-bc1c-db6211ad1b51'),(45,'АА8864ОР','АА1276ХМ','Бихкало Олександр,  Набока Игорь','Бихкало - 0992023502/Игорь - 0637582192','реф','Саша',16,0,0,'Київська область','','7079dd24-1dc7-11e7-9bf9-eb3206152427'),(46,'АА9768ЕХ','АА6761ХХ','Набока Ігор,  Набока Анатолій','Игорь - 063 758 2192 / Толя - 066 190987','реф','Саша',16,0,0,'Київська область','','70a5ee46-1dc7-11e7-9f35-fb7f67f84b44'),(47,'АА1072ОР(ВП)','АА5438ХО','Сулько Ігор','+38 050 449 5329','реф','Влад',15,0,1,'Київська область','Парк',NULL),(48,'АА2595РН(ВП)','АА9759ХР','Григель Юрій','050 449 5355','реф','Влад',15,0,0,'Київська область','В отпуск','70ca027c-1dc7-11e7-a929-f7da244a3b1c'),(49,'АА3282МТ(ВП)','АА6216ХР','Яковенко Олександр','+3 728 147 5442; +38 050 409 5910','реф','Влад',15,0,0,'Київська область','Выгрузка','7084bdde-1dc7-11e7-b712-8b7655c9ac80'),(50,'АА3463ОІ(ВП)','АА4490ХР','Рутковський Василь','+3 725 954 5633; 050 449 5281','реф','Саша',16,0,0,'Київська область','','70bfcfe6-1dc7-11e7-90f2-0301537f64bb'),(51,'АА3966МВ(ВП)','АА7200ХТ','Шкет Сергій, Крайник Саша','Шкет - 068 498 4613/Крайник - 0660711374','реф','Саша',16,0,0,'Київська область','','71004be8-1dc7-11e7-b39f-6b6e6c7d92cd'),(52,'АА5604НН(ВП)','АА7185ХТ','Крайник Саша, Яриз Иван ','Крайник - 0660711374/Яриз - 0504074221','реф','Саша',16,0,0,'Київська область','','7084c568-1dc7-11e7-b723-c3636d07b8df'),(53,'АА5868ХС(ВП)','АА7687ХТ','Фатєєв Олексій','098 432 4995','реф','Саша',16,0,0,'Київська область',' ','70ca504c-1dc7-11e7-a9e2-177042688791'),(54,'АА6297ЕК(ВП)','АА6686ХР','Мерзляков Олексій','+38 050 407 4053','реф','Саша',16,0,0,'Київська область','','70cbb842-1dc7-11e7-ad47-67cdc3a44863'),(55,'AA4192OX ','АА7949ХМ','Рогочий Сергій','+380955092585','реф','Влад',15,0,1,'Київська область','Парк рем. ',NULL),(56,'AA3415OX','АА2673ХТ','Попов Валерій','+38 050 417 8774','реф','Влад',15,0,1,'Київська область','Парк рем.',NULL),(59,'АА4523РС','АА2558ХМ','Низюк А','-','реф','Влад',15,0,1,'Київська область','Парк без водителя (-_-)',NULL),(60,'АА3724РС','АА4763ХМ','Хворостян Ю','-','реф','Влад',15,0,1,'Київська область','',NULL),(61,'АА4069РМ(ВП)','АА2977ХО','Бондаренко О.М.','050 409 5948','реф','Влад',15,0,1,'Київська область','Парк отпуск',NULL),(63,'KA9209AP','AA6208XK','Озеров Валера','099 306 05 32','тент','Саша',16,0,0,'Київська область','',NULL),(64,'AA4603TA','AA6224XK','Шевченко Саня','050 481 47 51','реф','Саша',16,0,0,'Київська область','',NULL),(65,'AA9721PH','AA4238XK','Сіріченко Володимир Георгійович ','+380674949949','тент','Саша',16,0,1,'Київська область','',NULL),(66,'АА7794РА','АА2526ХС','Сичак Андрій Володимирович','  ','тент','Влад',15,0,0,'Київська область','','70b6ddd2-1dc7-11e7-bdc5-8749ad02fe71'),(67,'AA7863TA','AA4765XM','Конотоп Володимир Петрович ','+38-050-982-43-39','реф','Саша',16,0,0,'Київська область','',NULL),(68,'AA3724PC','AA4763XM','Хворостян Юрій Іванович ','0509754998','реф','Саша',16,0,0,'Київська область','',NULL);
/*!40000 ALTER TABLE `truck` ENABLE KEYS */;
UNLOCK TABLES;

--
-- Dumping routines for database 'agrotepua'
--
/*!40103 SET TIME_ZONE=@OLD_TIME_ZONE */;

/*!40101 SET SQL_MODE=@OLD_SQL_MODE */;
/*!40014 SET FOREIGN_KEY_CHECKS=@OLD_FOREIGN_KEY_CHECKS */;
/*!40014 SET UNIQUE_CHECKS=@OLD_UNIQUE_CHECKS */;
/*!40101 SET CHARACTER_SET_CLIENT=@OLD_CHARACTER_SET_CLIENT */;
/*!40101 SET CHARACTER_SET_RESULTS=@OLD_CHARACTER_SET_RESULTS */;
/*!40101 SET COLLATION_CONNECTION=@OLD_COLLATION_CONNECTION */;
/*!40111 SET SQL_NOTES=@OLD_SQL_NOTES */;

-- Dump completed on 2021-08-28 18:29:16
